Student_ID,Gender,Age,Major,Attendance_Pct,Study_Hours_Per_Day,Previous_CGPA,Sleep_Hours,Social_Hours_Week,Final_CGPA,Number_of_Subjects,Average_Score
ID00001,Male,20,Engineering,83.9,4.4,2.65,9.1,8,2.78,4,65.08
ID00002,Female,24,Business,80.7,4.0,3.58,4.0,4,3.76,7,76.03
ID00003,Female,20,Mathematics,91.5,3.9,3.29,6.7,4,3.75,7,78.22
ID00004,Female,23,Engineering,73.9,8.8,3.48,4.0,6,3.69,6,86.38
ID00005,Male,21,Economics,79.8,2.2,2.66,8.7,6,2.34,6,59.32
ID00006,Male,20,Business,86.8,3.5,2.16,7.0,7,2.41,8,57.19
ID00007,Male,22,Mathematics,77.5,3.6,2.66,8.7,5,2.69,4,64.77
ID00008,Female,20,Psychology,95.0,4.7,3.44,7.4,4,3.76,7,77.97
ID00009,Female,22,Computer Science,100.0,4.3,4.0,5.0,12,4.0,5,87.37
ID00010,Female,24,Economics,73.7,4.1,2.89,5.5,3,3.01,4,66.63
ID00011,Male,20,Business,60.0,2.2,4.0,6.8,14,4.0,6,77.39
ID00012,Female,22,Computer Science,55.0,4.3,3.51,7.9,4,3.38,8,68.8
ID00013,Female,20,Psychology,82.7,6.0,2.4,7.1,9,2.75,7,60.15
ID00014,Male,24,Engineering,75.1,4.8,3.21,7.3,6,3.2,7,66.76
ID00015,Male,20,Engineering,88.1,2.1,3.53,6.5,10,3.71,7,70.98
ID00016,Male,19,Mathematics,87.0,4.5,1.89,8.7,11,2.03,7,52.8
ID00017,Male,22,Business,61.0,4.3,3.42,7.2,8,3.36,6,70.41
ID00018,Male,24,Business,57.8,3.4,3.69,7.1,14,3.31,4,68.42
ID00019,Male,22,Mathematics,89.4,4.8,3.3,7.4,8,3.75,8,75.22
ID00020,Male,22,Computer Science,87.0,2.9,3.07,6.4,11,3.41,6,67.44
ID00021,Female,18,Engineering,78.6,6.2,3.01,6.5,7,3.11,6,72.12
ID00022,Male,24,Engineering,60.1,11.0,2.98,7.7,7,3.26,5,81.97
ID00023,Male,20,Business,92.1,6.5,2.51,8.2,8,2.93,4,72.52
ID00024,Male,22,Business,100.0,2.6,2.76,8.3,6,2.79,8,68.2
ID00025,Male,23,Mathematics,89.2,6.0,2.89,6.7,4,3.2,7,72.65
ID00026,Female,18,Psychology,72.3,6.8,3.16,7.2,12,3.3,7,73.83
ID00027,Male,19,Computer Science,85.7,5.2,2.82,6.1,9,3.26,6,71.58
ID00028,Male,22,Economics,64.5,5.6,2.67,8.2,5,2.79,8,65.79
ID00029,Female,22,Psychology,100.0,4.0,3.48,5.6,9,3.8,6,78.13
ID00030,Male,18,Psychology,86.2,1.9,3.29,7.3,7,3.49,6,70.7
ID00031,Female,20,Business,58.5,3.9,2.83,8.3,6,2.54,6,55.24
ID00032,Male,23,Business,80.5,2.3,3.35,7.2,7,3.5,5,71.42
ID00033,Male,19,Business,91.9,3.7,2.87,7.5,8,3.2,4,72.12
ID00034,Female,22,Psychology,80.0,3.0,3.13,6.6,10,3.48,6,68.2
ID00035,Female,20,Computer Science,80.9,2.2,3.59,4.2,10,3.85,8,79.44
ID00036,Female,24,Business,66.6,8.6,2.8,6.0,7,2.91,4,69.71
ID00037,Male,23,Engineering,93.5,4.2,2.51,7.1,7,2.71,8,66.94
ID00038,Male,24,Computer Science,75.3,3.1,3.03,6.0,4,2.86,8,66.58
ID00039,Female,23,Engineering,52.7,1.4,2.42,7.7,7,2.06,5,48.95
ID00040,Male,19,Computer Science,79.4,6.6,2.96,4.8,4,3.07,7,73.41
ID00041,Male,21,Business,99.7,4.8,2.96,4.1,10,3.05,4,75.55
ID00042,Male,23,Economics,79.2,11.9,1.87,8.0,9,2.38,7,71.86
ID00043,Male,21,Mathematics,100.0,2.7,3.37,6.5,7,3.76,7,80.87
ID00044,Female,24,Business,91.4,8.2,3.01,7.5,10,3.42,5,80.63
ID00045,Male,23,Psychology,90.1,3.9,3.69,6.2,4,3.97,4,83.51
ID00046,Female,19,Economics,83.1,2.4,3.21,7.8,8,3.62,8,67.61
ID00047,Male,18,Psychology,84.0,3.3,3.47,9.0,8,3.76,6,77.61
ID00048,Male,19,Computer Science,81.0,4.5,3.7,9.1,5,3.9,8,77.84
ID00049,Male,19,Psychology,80.5,3.1,3.03,6.0,7,3.43,7,71.26
ID00050,Male,18,Economics,93.0,2.0,3.1,6.4,9,3.5,7,76.51
ID00051,Female,18,Economics,71.0,2.4,2.31,7.3,6,2.2,7,53.95
ID00052,Female,20,Business,68.9,5.7,3.72,9.8,12,3.83,4,73.2
ID00053,Female,23,Engineering,68.2,2.2,3.03,5.3,10,2.73,5,61.47
ID00054,Female,24,Business,100.0,2.9,2.6,5.3,11,2.62,6,70.25
ID00055,Female,20,Computer Science,93.0,2.2,3.47,8.3,7,3.66,6,77.02
ID00056,Female,18,Psychology,89.6,4.9,2.01,6.0,7,2.4,4,60.58
ID00057,Male,21,Engineering,69.1,14.0,2.89,8.0,7,3.56,6,88.04
ID00058,Male,24,Mathematics,94.4,5.6,3.55,6.1,9,4.0,4,85.07
ID00059,Male,21,Economics,83.3,2.6,2.88,7.5,5,3.07,7,69.28
ID00060,Male,19,Engineering,88.2,4.9,2.74,6.2,8,3.14,7,72.28
ID00061,Male,22,Engineering,70.4,2.7,2.89,5.5,9,2.88,8,67.3
ID00062,Male,19,Business,87.4,4.7,2.1,7.2,2,2.39,7,61.2
ID00063,Female,19,Mathematics,78.6,9.1,3.46,5.2,8,3.61,5,88.14
ID00064,Male,22,Economics,73.5,4.1,3.04,7.7,4,2.92,8,67.45
ID00065,Male,23,Computer Science,96.0,5.1,2.96,6.6,16,2.92,6,73.1
ID00066,Male,18,Computer Science,61.9,4.2,2.97,5.0,6,2.97,5,69.83
ID00067,Male,21,Engineering,93.5,7.0,3.11,7.4,13,3.61,8,80.79
ID00068,Female,19,Engineering,95.3,6.1,3.43,7.4,7,3.75,5,85.6
ID00069,Male,22,Psychology,71.8,3.4,3.07,4.0,6,2.79,4,67.33
ID00070,Female,20,Mathematics,72.7,6.1,2.42,6.9,6,2.44,6,61.89
ID00071,Female,19,Economics,81.7,4.7,3.39,7.0,2,3.87,7,76.47
ID00072,Male,21,Engineering,89.2,3.2,3.35,7.1,9,3.5,4,79.07
ID00073,Male,18,Psychology,82.7,3.3,3.2,4.3,5,3.38,6,72.94
ID00074,Female,19,Mathematics,91.5,4.6,3.64,7.5,4,3.92,4,76.99
ID00075,Female,19,Economics,100.0,5.1,3.12,7.8,6,3.54,7,77.45
ID00076,Female,23,Computer Science,77.4,3.8,3.66,5.6,9,3.6,6,82.62
ID00077,Female,22,Psychology,59.3,5.1,3.8,4.9,4,3.7,5,76.63
ID00078,Male,20,Mathematics,97.4,2.6,3.39,5.5,5,3.68,5,70.76
ID00079,Male,20,Psychology,100.0,2.1,2.73,7.2,7,3.16,6,72.42
ID00080,Male,24,Engineering,90.9,1.5,3.03,5.1,6,3.19,7,69.43
ID00081,Female,18,Business,68.7,5.6,3.72,5.0,6,3.85,8,79.31
ID00082,Female,24,Computer Science,83.1,1.5,2.35,10.0,17,2.33,6,54.97
ID00083,Male,21,Engineering,68.2,5.1,2.9,7.0,6,2.82,4,70.37
ID00084,Male,18,Engineering,94.6,3.1,2.93,6.5,13,3.4,8,68.51
ID00085,Male,19,Mathematics,64.7,3.5,2.67,6.0,6,2.58,7,63.33
ID00086,Male,19,Psychology,80.5,3.5,3.54,6.4,8,3.95,7,77.43
ID00087,Female,20,Computer Science,69.9,13.7,3.29,9.7,10,3.83,4,90.85
ID00088,Female,21,Engineering,86.9,2.9,2.74,8.2,6,2.78,5,65.64
ID00089,Female,22,Mathematics,79.5,2.3,3.4,10.0,12,3.45,7,70.7
ID00090,Male,21,Computer Science,87.7,10.7,3.02,7.6,9,3.88,8,87.99
ID00091,Male,19,Psychology,85.3,1.7,2.65,5.6,8,2.85,6,58.57
ID00092,Female,22,Engineering,70.2,1.9,2.74,7.4,1,2.55,8,54.16
ID00093,Female,21,Economics,94.4,6.7,3.32,7.8,6,3.83,8,84.49
ID00094,Female,21,Engineering,84.3,5.2,3.57,7.9,2,3.92,5,82.46
ID00095,Female,22,Engineering,70.2,3.3,2.86,6.3,12,3.05,8,64.92
ID00096,Male,19,Computer Science,100.0,2.2,3.37,9.7,10,3.49,5,76.96
ID00097,Male,21,Computer Science,92.1,1.0,3.89,5.1,8,4.0,5,77.55
ID00098,Male,22,Computer Science,82.7,9.4,2.47,7.5,10,3.14,7,75.8
ID00099,Male,23,Computer Science,100.0,6.1,3.28,6.6,5,3.64,7,82.16
ID00100,Male,23,Mathematics,100.0,8.9,3.52,5.8,9,4.0,4,89.74
ID00101,Male,19,Business,82.8,7.4,3.05,7.4,10,3.53,8,76.5
ID00102,Female,22,Mathematics,90.2,5.4,3.72,8.9,8,3.99,4,90.56
ID00103,Male,23,Engineering,70.2,2.9,4.0,7.6,16,3.84,8,73.15
ID00104,Male,22,Mathematics,82.8,2.2,3.27,7.4,6,3.39,4,71.56
ID00105,Female,21,Psychology,82.0,7.8,2.98,4.0,9,3.38,7,72.04
ID00106,Male,19,Economics,87.8,3.1,3.59,8.4,8,3.6,7,77.19
ID00107,Male,23,Computer Science,90.0,2.2,3.52,6.4,11,3.68,7,74.0
ID00108,Female,24,Psychology,93.4,2.7,1.84,7.8,7,2.17,7,47.79
ID00109,Male,21,Economics,88.6,8.1,3.1,8.4,11,3.39,6,82.14
ID00110,Male,24,Psychology,66.8,2.4,2.9,7.3,15,2.78,7,60.23
ID00111,Male,24,Engineering,70.9,3.3,3.3,4.0,11,3.37,5,63.4
ID00112,Male,18,Computer Science,76.8,3.9,3.0,9.1,5,3.02,7,70.77
ID00113,Female,18,Psychology,80.8,4.7,3.06,9.7,8,3.17,6,75.98
ID00114,Female,19,Engineering,100.0,2.3,2.67,8.2,9,3.03,6,70.78
ID00115,Female,23,Computer Science,67.6,3.8,3.47,5.9,6,3.59,6,73.29
ID00116,Female,23,Business,79.6,6.8,3.93,8.8,8,3.88,6,87.68
ID00117,Female,23,Engineering,99.3,11.9,2.68,6.6,12,3.59,4,89.46
ID00118,Male,22,Mathematics,80.5,2.0,2.4,6.9,5,2.67,4,62.17
ID00119,Female,21,Computer Science,91.9,2.2,3.11,8.8,5,3.44,5,73.54
ID00120,Male,23,Psychology,82.9,2.4,3.09,8.0,6,3.55,4,65.19
ID00121,Female,21,Economics,88.9,5.9,3.69,4.0,9,4.0,6,85.37
ID00122,Female,19,Psychology,81.6,2.1,2.49,7.3,8,2.66,7,60.16
ID00123,Male,24,Mathematics,95.0,3.7,2.83,8.8,8,3.23,7,64.63
ID00124,Male,23,Mathematics,61.8,3.5,2.03,5.0,6,1.98,6,51.77
ID00125,Male,19,Psychology,79.6,12.5,3.79,8.5,11,4.0,8,100.0
ID00126,Male,23,Economics,89.4,2.9,3.23,4.5,4,3.41,6,74.48
ID00127,Female,18,Computer Science,93.0,2.8,2.87,6.7,8,3.12,4,72.73
ID00128,Female,20,Engineering,100.0,5.9,2.44,7.8,6,3.06,7,70.9
ID00129,Male,19,Mathematics,79.1,4.9,2.48,6.6,6,2.7,6,63.46
ID00130,Male,23,Mathematics,100.0,2.7,3.31,8.8,11,3.31,7,77.06
ID00131,Male,20,Mathematics,75.1,8.4,2.55,4.9,3,2.52,6,68.19
ID00132,Male,19,Economics,100.0,1.6,3.15,8.2,10,3.11,6,68.62
ID00133,Male,22,Business,97.3,4.0,4.0,7.1,9,4.0,4,91.12
ID00134,Male,23,Economics,71.3,3.4,2.93,5.7,4,2.98,6,69.03
ID00135,Female,22,Computer Science,89.6,3.8,2.62,7.7,13,2.97,7,63.05
ID00136,Male,18,Computer Science,84.2,2.7,3.29,6.9,7,3.59,5,74.59
ID00137,Male,23,Computer Science,94.4,3.8,2.49,9.2,11,2.63,7,65.18
ID00138,Female,24,Computer Science,81.7,4.6,3.96,7.9,6,4.0,4,85.09
ID00139,Male,18,Computer Science,80.4,0.7,3.8,7.6,9,3.89,5,75.13
ID00140,Female,20,Psychology,100.0,3.1,3.02,6.0,5,3.23,6,75.71
ID00141,Female,19,Mathematics,83.5,2.5,2.65,7.2,6,2.88,8,62.56
ID00142,Male,21,Economics,97.4,10.3,2.89,6.1,7,3.37,5,88.92
ID00143,Male,18,Psychology,81.6,5.3,2.95,6.9,5,3.55,5,72.49
ID00144,Male,21,Economics,100.0,2.4,3.29,8.9,11,3.63,6,76.91
ID00145,Male,21,Business,74.8,3.0,3.62,6.6,6,3.74,8,71.98
ID00146,Male,19,Engineering,75.8,3.4,2.58,4.8,9,2.53,8,67.7
ID00147,Female,20,Mathematics,100.0,2.9,3.61,7.7,10,4.0,4,81.85
ID00148,Male,19,Business,78.3,5.5,3.41,8.2,9,3.62,5,79.6
ID00149,Male,23,Psychology,100.0,9.3,2.85,9.4,11,3.28,8,77.96
ID00150,Male,18,Engineering,98.4,0.4,2.56,8.3,10,2.58,4,58.13
ID00151,Female,21,Business,82.7,3.3,3.16,6.6,8,3.57,8,74.44
ID00152,Male,19,Economics,57.8,11.9,2.57,7.4,15,2.77,5,74.45
ID00153,Male,19,Engineering,84.7,3.4,3.61,7.6,3,4.0,8,71.87
ID00154,Male,19,Economics,86.5,4.7,2.54,7.7,8,2.86,5,69.06
ID00155,Female,18,Business,100.0,0.8,3.37,4.0,7,3.38,6,71.31
ID00156,Male,20,Psychology,100.0,8.3,3.06,6.1,6,3.66,7,87.91
ID00157,Female,24,Economics,74.7,2.0,2.82,7.7,4,2.63,4,61.19
ID00158,Female,19,Engineering,97.0,5.2,3.05,8.6,8,3.18,6,77.2
ID00159,Male,18,Business,96.5,2.2,3.64,6.0,9,3.8,6,82.11
ID00160,Female,21,Economics,100.0,0.5,2.5,6.4,3,2.54,7,57.68
ID00161,Male,23,Psychology,92.5,4.9,2.89,6.6,7,3.09,8,69.68
ID00162,Female,24,Mathematics,55.9,6.2,2.72,6.8,7,2.69,7,63.19
ID00163,Female,22,Psychology,82.7,3.9,3.08,8.3,9,3.34,6,73.31
ID00164,Male,24,Psychology,67.7,1.8,2.76,5.9,10,2.67,6,54.48
ID00165,Male,24,Mathematics,82.0,13.2,2.22,8.3,8,2.8,6,72.42
ID00166,Female,18,Psychology,99.7,6.0,2.57,9.1,9,2.82,8,74.73
ID00167,Male,22,Mathematics,89.6,4.5,3.92,6.4,5,4.0,5,83.49
ID00168,Male,19,Mathematics,100.0,7.6,3.22,6.4,4,3.95,4,83.3
ID00169,Male,19,Economics,90.1,2.9,3.21,7.2,11,3.35,5,66.89
ID00170,Female,24,Economics,65.5,10.9,2.96,6.1,6,3.19,4,76.84
ID00171,Female,18,Mathematics,47.2,6.1,3.07,6.9,7,2.97,4,66.19
ID00172,Male,22,Business,87.2,7.2,2.89,4.8,5,3.23,4,78.73
ID00173,Male,19,Engineering,81.8,3.3,3.36,8.3,6,3.73,7,70.94
ID00174,Male,21,Business,70.3,2.0,3.15,9.5,10,3.13,7,69.86
ID00175,Female,20,Mathematics,59.5,4.5,2.51,6.0,2,2.43,7,56.33
ID00176,Male,20,Engineering,74.0,3.0,3.23,4.5,7,3.22,6,66.86
ID00177,Female,19,Economics,82.1,11.6,1.87,8.4,14,2.35,7,74.05
ID00178,Male,22,Engineering,95.0,1.6,3.31,6.4,3,3.37,4,73.1
ID00179,Female,23,Mathematics,87.8,8.7,2.4,6.0,11,2.81,8,70.69
ID00180,Male,19,Economics,100.0,1.2,3.05,6.8,5,3.38,6,68.87
ID00181,Male,23,Engineering,69.5,2.2,2.5,5.2,8,2.42,8,60.21
ID00182,Male,23,Engineering,98.2,1.2,3.1,7.7,5,3.5,4,73.97
ID00183,Female,22,Business,85.7,2.9,3.39,5.1,10,3.64,6,71.39
ID00184,Female,23,Engineering,95.4,3.6,3.85,5.2,10,3.98,7,83.86
ID00185,Male,21,Mathematics,78.5,2.7,2.33,5.2,12,2.05,6,57.33
ID00186,Female,22,Computer Science,100.0,5.2,3.59,7.2,6,3.95,6,81.8
ID00187,Female,19,Computer Science,89.4,3.6,3.17,4.3,7,3.28,4,72.97
ID00188,Female,24,Computer Science,74.8,0.9,2.87,10.0,11,2.72,5,59.98
ID00189,Male,21,Mathematics,84.8,2.1,3.48,6.4,4,3.57,5,76.67
ID00190,Male,18,Computer Science,81.4,3.3,2.98,4.0,9,3.3,5,71.55
ID00191,Male,20,Business,92.3,7.4,3.46,5.4,12,3.96,7,84.46
ID00192,Female,19,Mathematics,67.3,4.3,2.6,7.9,11,2.76,7,60.53
ID00193,Female,19,Economics,84.6,3.0,2.78,9.0,10,3.17,7,67.37
ID00194,Female,19,Mathematics,90.9,1.5,3.57,7.2,5,3.86,5,73.06
ID00195,Male,21,Mathematics,85.5,4.5,3.84,7.1,5,4.0,8,84.94
ID00196,Male,18,Engineering,100.0,8.4,3.08,4.7,9,3.38,4,83.89
ID00197,Female,24,Engineering,96.6,3.4,1.71,9.2,11,2.11,5,51.55
ID00198,Female,22,Engineering,84.9,2.3,3.0,7.8,10,3.15,4,64.2
ID00199,Female,18,Psychology,88.3,5.6,3.12,7.5,10,3.55,5,80.52
ID00200,Female,21,Business,89.4,7.6,2.98,7.0,11,3.69,8,78.06
ID00201,Female,19,Mathematics,91.0,3.6,3.27,7.8,6,3.47,5,79.83
ID00202,Male,20,Mathematics,57.6,6.0,2.86,5.8,7,2.42,8,64.18
ID00203,Male,19,Engineering,80.5,3.1,3.52,8.4,9,3.64,6,75.6
ID00204,Female,22,Mathematics,62.7,6.2,2.52,8.2,3,2.44,7,69.9
ID00205,Female,23,Economics,100.0,8.6,3.72,6.9,10,4.0,6,90.18
ID00206,Male,20,Mathematics,84.1,6.7,3.88,6.6,3,4.0,5,82.08
ID00207,Male,19,Computer Science,82.1,5.5,2.64,4.0,8,2.79,7,71.68
ID00208,Female,24,Economics,98.5,10.2,2.64,4.4,5,3.36,8,78.84
ID00209,Male,20,Economics,91.3,3.5,3.31,7.8,13,3.45,5,75.28
ID00210,Male,23,Mathematics,68.1,5.5,2.51,8.4,15,2.44,7,60.78
ID00211,Male,18,Psychology,83.9,3.5,2.85,8.6,7,2.97,5,67.97
ID00212,Female,21,Engineering,80.0,5.5,3.65,5.0,5,3.78,7,78.34
ID00213,Female,19,Business,58.8,6.1,3.47,10.0,10,3.09,7,74.07
ID00214,Male,22,Business,74.6,7.0,4.0,8.5,7,4.0,6,89.0
ID00215,Female,18,Computer Science,82.2,4.2,3.19,6.1,6,3.37,7,69.79
ID00216,Male,19,Business,83.3,1.1,2.79,7.2,6,2.8,5,59.29
ID00217,Male,18,Business,62.8,3.6,3.13,4.5,6,3.11,4,64.9
ID00218,Female,22,Engineering,100.0,5.9,3.02,6.1,11,3.3,4,74.04
ID00219,Female,19,Engineering,83.5,4.9,3.03,7.8,9,3.37,6,71.07
ID00220,Female,23,Psychology,85.6,5.3,3.09,7.1,14,3.31,8,74.84
ID00221,Female,23,Computer Science,91.0,6.3,2.63,9.6,14,2.94,4,70.31
ID00222,Female,22,Business,73.2,1.9,3.24,4.8,9,3.01,6,65.84
ID00223,Male,20,Psychology,91.8,6.5,2.4,6.8,4,2.92,7,68.89
ID00224,Male,22,Computer Science,79.5,10.5,2.74,5.3,10,3.01,5,76.58
ID00225,Male,20,Economics,71.6,3.3,3.04,9.3,8,3.03,7,68.37
ID00226,Male,19,Business,93.6,7.0,1.97,7.4,9,2.64,5,68.8
ID00227,Female,20,Business,100.0,4.3,3.48,7.0,10,3.96,8,80.06
ID00228,Male,19,Engineering,95.9,5.2,2.07,6.8,9,2.65,6,64.29
ID00229,Female,19,Mathematics,98.8,6.7,3.43,5.7,12,3.64,6,84.54
ID00230,Female,24,Computer Science,77.2,4.9,2.45,8.8,4,2.64,4,63.88
ID00231,Female,21,Business,61.0,3.1,2.9,7.3,16,2.53,6,66.02
ID00232,Male,19,Computer Science,100.0,5.0,3.36,7.4,3,3.67,8,82.73
ID00233,Female,20,Psychology,100.0,2.3,4.0,7.9,3,4.0,4,79.28
ID00234,Male,21,Psychology,100.0,1.5,3.16,5.7,11,3.4,7,72.81
ID00235,Male,21,Mathematics,80.0,0.8,2.11,10.0,3,2.38,6,54.31
ID00236,Female,19,Business,67.7,8.9,3.58,9.4,10,3.8,7,83.29
ID00237,Male,22,Engineering,69.0,5.4,2.98,6.9,8,2.96,7,72.01
ID00238,Male,22,Business,59.7,6.1,3.13,6.5,7,2.87,6,68.09
ID00239,Female,23,Computer Science,83.4,4.7,3.38,8.0,12,3.73,5,72.27
ID00240,Male,21,Economics,100.0,1.2,1.99,8.7,5,2.05,7,55.19
ID00241,Female,19,Psychology,82.9,8.6,3.1,9.6,7,3.48,4,75.28
ID00242,Female,24,Computer Science,89.5,3.1,2.9,8.0,7,3.35,6,67.73
ID00243,Female,22,Mathematics,100.0,0.8,3.71,7.2,12,3.81,4,81.47
ID00244,Male,24,Psychology,78.9,3.5,3.46,7.2,8,3.52,7,68.57
ID00245,Male,19,Engineering,100.0,8.0,2.29,4.2,17,2.43,7,68.65
ID00246,Female,19,Psychology,100.0,2.3,3.73,6.4,9,4.0,4,77.79
ID00247,Male,21,Economics,83.0,3.4,3.32,7.5,9,3.69,7,73.01
ID00248,Female,24,Business,76.3,3.2,2.33,4.0,9,2.17,6,56.42
ID00249,Female,23,Economics,95.5,2.2,3.13,7.3,7,3.45,7,75.51
ID00250,Female,21,Economics,79.8,4.4,3.62,5.8,5,3.52,4,81.39
ID00251,Male,18,Business,67.7,2.4,2.49,9.4,6,2.2,4,57.45
ID00252,Male,24,Psychology,100.0,8.8,3.79,6.6,8,4.0,6,95.15
ID00253,Female,22,Mathematics,100.0,1.4,2.34,6.6,11,2.7,4,61.15
ID00254,Male,22,Business,87.3,1.8,2.7,6.8,7,3.1,5,59.96
ID00255,Male,22,Business,66.1,3.4,2.63,7.0,14,2.67,7,62.06
ID00256,Female,20,Engineering,66.6,4.1,3.79,8.2,10,3.82,4,73.63
ID00257,Female,19,Psychology,86.6,2.7,2.85,6.5,9,3.18,7,68.74
ID00258,Female,21,Business,77.5,6.3,2.52,7.0,9,2.81,4,70.18
ID00259,Female,22,Mathematics,79.9,3.6,3.32,8.2,10,3.09,4,73.46
ID00260,Male,18,Computer Science,100.0,5.6,3.43,7.0,6,3.82,6,82.83
ID00261,Female,22,Psychology,96.0,8.5,3.43,8.0,9,3.91,7,89.36
ID00262,Female,23,Engineering,100.0,10.1,2.96,6.3,10,3.42,4,77.32
ID00263,Male,19,Economics,70.1,3.4,3.23,7.5,3,3.38,5,69.64
ID00264,Male,24,Business,79.9,4.3,2.77,9.0,12,2.59,8,66.32
ID00265,Female,19,Mathematics,96.4,4.9,3.94,7.9,8,4.0,8,87.92
ID00266,Female,24,Psychology,91.7,3.5,3.67,4.2,9,4.0,6,82.51
ID00267,Female,24,Mathematics,100.0,2.1,3.64,7.8,12,3.98,6,79.03
ID00268,Female,21,Mathematics,91.3,7.3,3.5,5.3,12,3.94,5,82.13
ID00269,Male,20,Economics,100.0,2.1,3.36,5.6,4,3.44,7,74.98
ID00270,Male,24,Engineering,93.1,7.7,2.48,7.7,5,3.02,6,72.98
ID00271,Female,24,Psychology,100.0,5.3,3.42,5.5,5,3.56,5,82.97
ID00272,Female,21,Business,80.1,4.8,3.16,5.3,8,3.54,4,73.56
ID00273,Female,22,Engineering,85.2,2.5,3.73,7.0,12,3.9,4,80.71
ID00274,Female,23,Business,98.7,1.0,3.5,6.1,4,3.69,8,71.54
ID00275,Male,18,Computer Science,100.0,7.2,3.38,4.6,7,3.63,6,86.4
ID00276,Male,21,Mathematics,95.9,2.5,2.26,7.8,6,2.62,6,63.92
ID00277,Female,20,Computer Science,83.8,5.5,3.06,8.5,9,3.54,6,68.82
ID00278,Female,21,Mathematics,100.0,5.7,2.82,8.4,5,3.14,7,75.71
ID00279,Female,19,Economics,52.1,4.1,3.23,5.7,11,2.72,4,63.88
ID00280,Female,22,Engineering,63.7,4.8,2.89,7.6,6,3.16,4,64.15
ID00281,Female,22,Business,95.2,5.3,2.96,6.3,11,3.35,5,72.39
ID00282,Male,24,Economics,85.2,4.6,3.33,5.1,3,3.44,6,75.78
ID00283,Male,22,Business,94.1,2.4,2.88,5.9,6,2.93,7,73.45
ID00284,Male,22,Engineering,86.0,1.4,3.16,4.0,7,3.13,6,63.96
ID00285,Female,22,Psychology,93.6,2.7,2.34,5.4,7,2.4,6,57.47
ID00286,Male,22,Computer Science,72.8,3.2,2.68,4.8,9,2.45,8,57.54
ID00287,Male,18,Computer Science,93.6,8.7,3.43,7.3,8,4.0,4,93.14
ID00288,Male,20,Business,99.9,1.8,2.48,7.4,10,2.6,6,61.29
ID00289,Male,24,Business,100.0,9.4,3.72,4.5,4,4.0,6,94.87
ID00290,Female,22,Business,100.0,11.1,3.59,8.2,5,4.0,6,95.35
ID00291,Male,24,Engineering,88.7,2.7,2.97,6.1,4,3.33,8,65.58
ID00292,Male,20,Psychology,89.1,10.9,4.0,5.4,4,4.0,5,98.37
ID00293,Female,23,Computer Science,62.2,3.7,3.72,4.3,7,3.84,8,81.47
ID00294,Male,22,Economics,77.0,3.4,2.63,5.8,6,2.58,5,66.39
ID00295,Male,24,Mathematics,82.1,8.7,3.47,6.8,7,4.0,6,83.08
ID00296,Male,21,Engineering,100.0,4.7,3.13,8.5,8,3.37,6,79.38
ID00297,Female,24,Computer Science,75.8,4.3,2.71,6.8,12,2.75,8,62.32
ID00298,Male,22,Psychology,96.9,2.7,2.57,6.5,9,2.7,6,59.63
ID00299,Female,19,Engineering,85.0,2.8,3.6,7.9,2,3.96,5,79.41
ID00300,Male,18,Economics,82.3,4.3,2.8,7.2,6,3.07,4,71.16
ID00301,Male,21,Computer Science,88.7,8.7,3.05,4.7,10,3.37,5,84.65
ID00302,Male,21,Engineering,79.1,1.8,2.64,6.3,12,2.42,8,58.27
ID00303,Male,19,Computer Science,78.6,3.9,2.73,6.1,4,2.86,4,64.49
ID00304,Female,22,Computer Science,59.4,1.6,3.04,6.8,6,2.56,8,62.1
ID00305,Female,18,Psychology,81.3,2.6,3.29,6.3,10,3.68,6,71.94
ID00306,Female,21,Mathematics,77.8,6.0,1.81,5.8,9,2.02,4,55.16
ID00307,Male,18,Psychology,77.3,2.3,3.11,9.2,5,2.91,5,61.83
ID00308,Male,21,Computer Science,91.3,7.5,2.73,6.9,9,3.37,6,75.7
ID00309,Female,22,Engineering,94.9,2.2,3.8,7.7,8,4.0,5,83.61
ID00310,Male,23,Economics,88.5,2.9,4.0,6.8,10,4.0,4,79.33
ID00311,Male,21,Psychology,99.9,1.1,2.92,8.2,3,2.95,7,69.24
ID00312,Male,23,Mathematics,93.6,7.5,2.24,6.9,7,2.94,7,70.19
ID00313,Male,21,Computer Science,80.6,6.9,3.16,8.5,7,3.75,4,79.65
ID00314,Female,20,Economics,78.1,1.6,3.0,4.0,7,2.78,5,66.59
ID00315,Female,22,Psychology,89.7,3.4,4.0,7.1,14,4.0,5,82.14
ID00316,Female,19,Psychology,93.6,3.2,3.93,7.4,7,4.0,7,78.99
ID00317,Male,23,Psychology,100.0,3.0,3.53,7.5,7,3.86,7,77.94
ID00318,Male,19,Psychology,100.0,11.2,2.81,5.4,8,3.62,7,88.7
ID00319,Male,22,Economics,76.9,3.0,3.44,5.9,5,3.46,8,70.9
ID00320,Male,24,Engineering,83.5,2.3,3.23,5.4,7,3.53,7,67.81
ID00321,Male,19,Mathematics,95.1,1.2,3.22,7.7,12,3.52,5,64.99
ID00322,Female,22,Mathematics,100.0,2.4,2.32,8.4,4,2.43,4,66.96
ID00323,Female,19,Computer Science,99.1,8.7,3.63,4.5,4,4.0,7,94.56
ID00324,Male,23,Business,84.0,4.6,3.15,7.3,10,3.52,8,75.82
ID00325,Female,20,Engineering,66.2,4.6,3.05,5.7,5,2.99,8,70.59
ID00326,Female,19,Computer Science,70.0,2.5,2.8,9.6,5,2.55,5,62.73
ID00327,Female,23,Computer Science,89.1,7.9,2.7,7.8,9,3.17,5,74.47
ID00328,Female,21,Psychology,90.1,5.6,3.26,6.5,10,3.49,4,78.06
ID00329,Male,22,Business,68.5,3.1,2.23,6.8,8,2.3,4,52.7
ID00330,Male,18,Business,85.7,2.1,3.49,8.9,9,3.69,6,81.52
ID00331,Male,24,Engineering,94.5,3.9,2.57,7.1,8,2.88,6,68.43
ID00332,Female,18,Business,67.7,2.2,2.07,4.3,5,2.12,5,48.4
ID00333,Male,22,Computer Science,100.0,3.6,4.0,9.3,6,4.0,5,88.6
ID00334,Male,20,Business,79.3,4.4,2.67,8.2,18,2.24,8,62.3
ID00335,Male,19,Business,100.0,2.6,2.74,6.2,9,2.97,6,72.39
ID00336,Male,20,Mathematics,77.0,0.7,3.67,7.9,7,3.56,8,69.13
ID00337,Female,18,Computer Science,69.6,5.2,4.0,6.1,6,4.0,8,84.3
ID00338,Female,24,Economics,78.1,2.6,2.33,6.0,10,2.22,5,59.96
ID00339,Male,23,Business,83.6,4.4,2.62,6.8,11,2.89,5,66.88
ID00340,Male,24,Business,79.2,3.7,2.66,7.9,4,2.61,8,64.06
ID00341,Male,22,Psychology,81.8,10.1,3.57,7.7,8,4.0,7,89.77
ID00342,Male,22,Business,90.0,4.1,3.92,8.4,14,4.0,5,84.43
ID00343,Male,20,Business,82.4,6.8,2.56,7.7,9,3.0,7,67.67
ID00344,Male,23,Mathematics,84.0,3.2,3.81,9.2,6,4.0,6,78.44
ID00345,Male,20,Computer Science,59.4,2.2,2.75,9.6,4,2.18,8,61.5
ID00346,Female,19,Engineering,90.9,5.3,3.27,7.5,8,3.74,5,77.96
ID00347,Female,21,Computer Science,83.7,2.5,2.46,6.5,6,2.8,8,57.39
ID00348,Male,23,Psychology,100.0,6.2,3.04,6.7,8,3.33,8,77.65
ID00349,Male,21,Computer Science,70.9,1.8,3.04,4.1,3,2.76,4,66.43
ID00350,Female,24,Business,57.9,4.9,2.94,7.0,3,2.72,4,66.73
ID00351,Male,19,Psychology,94.3,4.0,3.29,6.1,5,3.77,6,78.49
ID00352,Female,21,Computer Science,90.2,9.0,2.6,5.9,10,3.19,4,75.53
ID00353,Female,18,Psychology,69.9,5.2,2.66,6.9,5,2.92,5,66.17
ID00354,Male,24,Engineering,62.1,3.7,3.32,4.0,6,3.4,6,66.64
ID00355,Male,21,Computer Science,100.0,6.4,3.77,6.7,13,4.0,8,88.86
ID00356,Female,19,Economics,100.0,0.7,3.09,7.3,4,3.32,8,71.8
ID00357,Male,21,Business,47.7,5.6,3.35,4.7,8,3.25,4,71.81
ID00358,Female,22,Psychology,78.1,5.9,3.48,9.0,11,3.62,8,76.23
ID00359,Female,20,Economics,100.0,6.3,3.52,7.7,13,3.93,4,83.43
ID00360,Female,18,Economics,77.9,6.0,2.62,8.9,12,2.61,7,67.83
ID00361,Male,22,Mathematics,77.6,5.5,2.71,7.7,14,2.78,8,72.84
ID00362,Female,22,Psychology,80.8,3.3,2.75,7.5,8,3.06,8,58.87
ID00363,Male,19,Economics,68.2,4.4,4.0,9.3,6,3.91,5,81.68
ID00364,Male,20,Mathematics,59.4,2.7,3.35,9.0,9,2.81,8,62.18
ID00365,Female,20,Economics,100.0,2.4,3.33,9.9,8,3.54,4,73.68
ID00366,Male,23,Business,57.4,3.3,3.28,6.8,9,3.14,6,64.96
ID00367,Female,24,Engineering,88.7,3.6,2.44,5.8,3,2.67,6,61.66
ID00368,Female,18,Mathematics,98.3,5.1,4.0,5.3,10,4.0,5,88.17
ID00369,Male,24,Engineering,63.2,8.2,3.34,5.5,4,3.63,4,78.15
ID00370,Male,19,Psychology,71.1,6.8,3.46,8.0,7,3.75,7,77.34
ID00371,Male,18,Business,100.0,4.8,2.22,10.0,8,2.59,5,60.74
ID00372,Male,23,Mathematics,93.0,7.7,3.49,9.3,2,3.99,7,88.98
ID00373,Male,21,Psychology,75.7,4.1,2.92,6.7,5,3.09,6,69.53
ID00374,Female,22,Economics,100.0,5.5,2.44,8.1,11,2.9,5,72.08
ID00375,Male,18,Computer Science,100.0,3.3,2.62,6.2,7,3.09,8,63.0
ID00376,Male,24,Psychology,89.0,4.0,2.47,6.3,6,2.86,4,65.11
ID00377,Female,22,Engineering,71.5,3.5,2.46,5.4,5,2.34,7,60.73
ID00378,Male,19,Business,78.8,1.3,3.13,5.5,7,2.78,7,62.24
ID00379,Female,24,Business,89.3,1.3,2.91,7.8,10,3.21,5,64.97
ID00380,Male,21,Psychology,82.2,1.6,3.27,9.2,14,3.26,5,68.36
ID00381,Male,19,Economics,99.1,4.9,3.94,8.6,10,4.0,4,94.28
ID00382,Female,21,Computer Science,62.1,8.3,3.04,9.2,9,3.17,8,79.7
ID00383,Female,21,Engineering,62.6,7.7,1.98,8.2,8,2.27,8,53.28
ID00384,Female,22,Psychology,87.7,1.3,2.98,6.9,8,3.2,5,72.98
ID00385,Female,19,Psychology,77.6,5.6,3.7,6.2,10,3.81,4,78.73
ID00386,Female,19,Business,75.6,2.9,3.06,7.9,8,3.0,4,69.72
ID00387,Male,18,Engineering,58.5,2.3,3.86,4.5,6,3.25,4,75.21
ID00388,Male,24,Computer Science,85.3,4.4,3.33,6.1,11,3.5,8,72.93
ID00389,Female,19,Business,84.2,2.9,2.18,5.8,14,2.38,8,58.3
ID00390,Female,18,Psychology,94.8,1.5,3.15,8.9,8,3.44,4,69.69
ID00391,Female,20,Business,86.0,2.1,3.25,4.9,10,3.44,7,72.05
ID00392,Male,20,Business,83.0,3.3,3.64,8.4,10,4.0,4,78.09
ID00393,Male,20,Mathematics,100.0,8.2,4.0,7.6,10,4.0,5,99.99
ID00394,Female,23,Business,65.3,1.2,3.55,7.6,13,3.33,6,67.76
ID00395,Male,19,Economics,93.0,1.8,3.32,6.3,9,3.62,7,72.0
ID00396,Female,23,Business,59.9,3.4,3.44,4.8,10,3.03,8,72.36
ID00397,Female,24,Economics,72.4,2.5,3.02,7.8,9,2.88,4,66.37
ID00398,Male,19,Engineering,66.8,5.2,2.37,8.3,4,2.28,4,61.88
ID00399,Female,18,Business,96.7,3.5,3.12,7.7,8,3.34,5,72.08
ID00400,Female,23,Computer Science,84.0,1.5,3.28,6.8,4,3.6,5,65.96
ID00401,Male,23,Economics,84.8,2.9,2.5,5.3,10,2.64,8,59.67
ID00402,Female,24,Economics,68.4,4.5,3.76,6.1,5,3.74,7,75.94
ID00403,Male,23,Psychology,80.5,5.9,3.6,7.7,4,4.0,5,83.78
ID00404,Female,21,Engineering,73.5,1.8,2.41,5.8,10,2.06,8,58.04
ID00405,Male,18,Business,90.8,4.6,3.78,5.6,12,4.0,6,83.41
ID00406,Female,20,Computer Science,70.1,3.3,2.95,4.8,6,3.05,6,68.98
ID00407,Male,18,Psychology,100.0,7.6,2.71,7.8,8,3.29,6,81.57
ID00408,Male,21,Engineering,59.9,2.9,3.64,7.8,6,3.35,4,71.56
ID00409,Female,24,Economics,72.9,1.5,3.07,8.7,12,2.72,8,60.97
ID00410,Male,24,Computer Science,100.0,2.6,4.0,4.0,4,4.0,4,89.93
ID00411,Male,19,Business,78.5,0.9,2.67,8.8,12,2.41,4,57.95
ID00412,Female,18,Mathematics,65.3,1.0,2.23,8.7,4,2.14,5,49.37
ID00413,Female,24,Mathematics,88.3,1.2,2.96,8.8,13,3.19,5,64.16
ID00414,Female,23,Engineering,77.9,5.2,3.49,7.2,4,3.47,4,75.19
ID00415,Female,24,Computer Science,72.5,4.9,2.64,7.3,12,2.74,4,59.82
ID00416,Male,24,Psychology,68.6,5.4,2.43,7.3,3,2.69,7,63.26
ID00417,Male,24,Computer Science,100.0,2.7,3.21,5.6,8,3.44,8,72.19
ID00418,Male,24,Economics,81.2,2.1,2.37,5.7,10,2.52,4,66.27
ID00419,Female,20,Mathematics,56.1,12.2,3.25,7.3,10,3.57,5,79.85
ID00420,Female,20,Engineering,100.0,4.3,2.93,6.6,11,3.48,6,70.12
ID00421,Female,19,Business,94.2,2.0,3.35,8.1,6,3.39,8,75.14
ID00422,Female,24,Computer Science,73.5,8.8,2.41,6.5,7,2.57,7,73.7
ID00423,Male,18,Mathematics,71.0,8.1,3.75,4.8,8,4.0,7,85.71
ID00424,Male,21,Psychology,95.1,5.7,3.01,4.9,6,3.24,6,78.28
ID00425,Male,19,Engineering,81.3,3.6,3.48,5.9,6,3.85,6,69.84
ID00426,Male,18,Business,56.1,2.3,3.58,8.1,11,3.07,4,65.82
ID00427,Male,24,Computer Science,100.0,3.0,2.52,6.2,9,2.63,8,62.43
ID00428,Female,22,Psychology,78.5,7.5,3.54,7.4,9,3.73,8,77.61
ID00429,Male,24,Business,100.0,2.5,2.39,4.5,5,2.38,4,63.21
ID00430,Male,20,Economics,100.0,1.7,2.41,7.2,6,2.53,7,54.81
ID00431,Male,21,Mathematics,70.0,5.6,4.0,7.1,7,4.0,4,79.73
ID00432,Female,23,Economics,100.0,3.9,3.66,8.8,11,3.72,7,81.51
ID00433,Female,21,Mathematics,75.2,2.6,4.0,7.2,6,3.79,8,76.51
ID00434,Male,23,Psychology,57.0,2.7,2.91,8.1,6,2.36,4,60.85
ID00435,Male,21,Economics,78.6,0.8,3.15,9.9,12,2.93,6,65.48
ID00436,Female,20,Mathematics,91.0,2.9,3.36,7.1,3,3.84,4,77.43
ID00437,Male,23,Engineering,78.1,7.1,3.09,9.3,7,3.03,6,78.47
ID00438,Female,18,Psychology,80.4,2.1,2.73,7.2,7,3.03,8,65.26
ID00439,Female,23,Mathematics,100.0,13.3,2.65,6.2,8,3.46,4,88.03
ID00440,Male,19,Computer Science,86.6,3.9,3.21,6.8,7,3.38,5,74.5
ID00441,Male,18,Mathematics,72.4,1.4,2.57,6.2,7,2.3,8,57.77
ID00442,Female,19,Economics,95.5,0.2,2.55,6.3,5,2.6,5,59.76
ID00443,Male,24,Engineering,88.0,4.5,3.3,6.1,8,3.75,4,75.18
ID00444,Male,21,Business,47.2,2.1,3.05,6.5,8,2.89,6,56.94
ID00445,Female,18,Business,91.4,5.7,3.57,8.1,8,3.93,6,80.88
ID00446,Female,21,Mathematics,90.9,7.8,2.89,4.4,7,3.15,7,79.33
ID00447,Female,24,Business,85.3,6.4,2.81,7.4,6,3.18,5,72.48
ID00448,Female,22,Mathematics,98.4,6.3,3.31,7.2,9,3.95,8,80.72
ID00449,Male,21,Engineering,74.9,3.0,2.69,9.1,6,2.4,6,59.73
ID00450,Male,24,Business,90.0,2.2,2.77,6.5,8,3.07,5,61.36
ID00451,Female,21,Economics,61.5,5.3,2.79,8.7,11,2.68,8,67.27
ID00452,Female,24,Economics,91.1,2.3,3.0,5.7,7,2.99,8,68.86
ID00453,Male,19,Computer Science,100.0,3.1,3.99,6.3,10,4.0,6,83.47
ID00454,Female,24,Mathematics,70.1,2.3,2.41,7.6,12,2.55,4,57.69
ID00455,Male,23,Business,73.6,2.5,3.75,7.9,8,3.83,6,73.28
ID00456,Male,22,Economics,74.3,5.6,3.47,6.6,12,3.47,6,73.27
ID00457,Male,21,Engineering,86.9,2.4,3.88,7.3,12,3.98,4,82.94
ID00458,Male,24,Engineering,69.1,5.6,4.0,6.8,11,4.0,7,81.86
ID00459,Male,24,Computer Science,91.3,7.7,3.82,8.2,9,4.0,8,89.52
ID00460,Male,21,Engineering,97.7,2.8,3.56,6.8,8,3.81,4,79.1
ID00461,Male,22,Engineering,93.0,1.9,2.44,6.7,6,2.81,7,64.03
ID00462,Female,22,Business,58.5,6.9,2.51,8.5,3,2.31,4,63.0
ID00463,Female,24,Mathematics,99.9,4.7,3.28,7.3,3,3.82,7,75.88
ID00464,Female,18,Psychology,99.1,2.4,2.25,8.0,6,2.64,6,62.14
ID00465,Female,19,Engineering,97.5,3.2,3.41,10.0,2,3.64,4,76.21
ID00466,Male,22,Engineering,90.6,5.0,2.03,4.0,3,2.45,8,66.23
ID00467,Male,22,Psychology,88.3,1.3,3.68,5.5,14,3.63,4,75.27
ID00468,Female,20,Engineering,100.0,9.6,2.94,5.6,7,3.35,6,77.92
ID00469,Male,23,Business,100.0,6.5,3.16,5.7,9,3.62,4,82.52
ID00470,Female,22,Business,70.7,4.0,2.73,9.1,7,2.48,8,69.05
ID00471,Male,19,Psychology,100.0,9.3,2.15,4.0,6,2.47,7,77.89
ID00472,Female,23,Economics,83.7,8.4,3.72,7.7,11,4.0,8,94.37
ID00473,Male,23,Engineering,83.1,3.5,3.77,4.7,4,4.0,6,76.55
ID00474,Female,21,Economics,62.0,3.3,2.92,7.0,8,3.13,6,64.99
ID00475,Male,21,Engineering,80.7,3.4,3.43,7.4,5,3.81,7,71.97
ID00476,Female,21,Mathematics,70.0,5.4,2.9,8.4,12,3.1,7,68.85
ID00477,Male,21,Engineering,78.0,5.2,3.24,6.6,9,3.49,8,70.63
ID00478,Female,20,Business,68.5,1.0,3.48,6.7,1,3.26,4,65.04
ID00479,Female,22,Computer Science,78.3,5.0,3.38,4.0,6,3.34,7,74.02
ID00480,Male,21,Computer Science,78.9,5.0,3.77,10.0,12,3.82,4,84.26
ID00481,Female,24,Computer Science,86.5,3.4,3.36,7.5,8,3.54,5,77.03
ID00482,Female,18,Computer Science,60.8,4.1,3.11,7.7,10,3.09,8,66.99
ID00483,Male,21,Economics,63.3,1.2,2.72,8.6,9,2.63,5,51.57
ID00484,Female,22,Economics,90.4,1.7,2.86,6.9,12,3.03,7,64.39
ID00485,Female,21,Engineering,73.0,2.3,3.51,7.6,12,3.65,6,68.87
ID00486,Female,20,Economics,100.0,5.5,2.35,8.1,10,2.64,5,70.92
ID00487,Male,19,Engineering,88.4,7.9,3.65,4.8,5,3.98,5,91.62
ID00488,Male,19,Mathematics,94.1,5.3,2.96,7.8,7,3.26,6,77.99
ID00489,Female,22,Engineering,100.0,4.3,2.69,10.0,11,3.03,7,68.32
ID00490,Female,24,Computer Science,80.4,6.0,2.55,9.6,7,2.85,7,58.94
ID00491,Male,19,Psychology,76.4,0.5,3.44,9.3,11,3.11,8,62.1
ID00492,Female,19,Psychology,98.1,7.6,3.09,9.9,7,3.6,8,86.48
ID00493,Male,18,Business,92.6,3.7,3.89,5.1,7,4.0,7,82.83
ID00494,Male,22,Business,82.2,7.0,2.47,6.2,7,3.11,7,66.26
ID00495,Male,24,Engineering,100.0,5.7,2.81,5.6,8,3.16,5,79.97
ID00496,Male,22,Psychology,81.8,2.4,3.05,10.0,10,3.41,6,70.98
ID00497,Female,19,Computer Science,85.5,4.6,2.72,7.4,2,3.05,4,68.05
ID00498,Male,19,Economics,85.3,2.5,3.1,4.9,7,3.19,5,68.07
ID00499,Female,19,Computer Science,71.0,5.2,3.26,5.3,9,3.33,8,72.58
ID00500,Female,23,Computer Science,86.2,10.2,3.34,7.2,6,4.0,6,88.56
ID00501,Female,20,Engineering,100.0,5.2,3.85,5.0,9,3.97,4,93.14
ID00502,Male,21,Engineering,91.7,2.3,2.45,9.8,5,2.68,7,62.48
ID00503,Male,20,Mathematics,85.5,6.6,3.27,8.2,7,3.52,8,81.72
ID00504,Female,22,Computer Science,82.6,2.2,2.78,7.5,5,3.22,8,66.78
ID00505,Female,18,Computer Science,90.0,7.8,3.32,5.4,7,3.79,5,80.24
ID00506,Male,21,Engineering,96.2,2.0,3.32,5.0,8,3.32,6,75.96
ID00507,Female,18,Engineering,94.1,7.2,2.61,7.5,11,2.94,6,72.93
ID00508,Female,24,Mathematics,80.0,2.9,2.65,7.2,8,3.1,5,54.69
ID00509,Female,23,Mathematics,89.9,5.5,3.36,5.1,8,3.83,5,73.29
ID00510,Female,22,Business,92.2,6.6,3.11,6.9,4,3.56,5,75.96
ID00511,Female,23,Psychology,69.9,4.5,2.99,6.9,9,2.9,8,69.18
ID00512,Male,22,Computer Science,87.5,3.1,3.43,8.1,6,3.59,7,75.58
ID00513,Female,18,Computer Science,52.6,4.6,3.47,10.0,9,3.25,8,70.62
ID00514,Female,18,Mathematics,92.2,3.7,2.84,4.0,10,3.14,8,75.35
ID00515,Male,18,Mathematics,94.9,4.0,2.67,8.2,6,3.07,8,64.63
ID00516,Male,22,Business,96.2,1.3,2.47,6.0,4,2.79,4,60.53
ID00517,Male,19,Psychology,79.1,5.9,3.12,7.6,8,3.2,8,75.39
ID00518,Female,18,Business,89.6,4.5,2.39,7.2,4,2.7,4,62.05
ID00519,Female,23,Psychology,100.0,1.1,3.15,7.8,14,3.41,6,70.6
ID00520,Male,24,Economics,100.0,3.2,3.71,5.1,6,3.84,6,77.61
ID00521,Female,21,Computer Science,84.6,0.8,2.92,8.5,7,3.16,5,67.13
ID00522,Male,22,Business,87.1,4.1,2.83,7.1,3,3.12,4,66.84
ID00523,Female,23,Mathematics,100.0,5.4,4.0,9.1,7,4.0,4,96.89
ID00524,Female,20,Business,62.5,2.6,3.85,9.4,10,3.55,8,73.67
ID00525,Female,24,Economics,80.2,2.5,2.72,7.4,9,2.84,5,65.53
ID00526,Male,20,Business,100.0,3.1,3.17,8.5,7,3.23,5,74.63
ID00527,Male,21,Computer Science,99.6,2.5,3.26,8.4,8,3.37,8,74.63
ID00528,Male,19,Economics,90.5,2.2,3.2,9.0,7,3.21,4,69.27
ID00529,Male,18,Mathematics,62.4,1.0,4.0,8.9,3,3.78,8,72.96
ID00530,Female,22,Mathematics,84.3,2.4,3.14,5.3,3,3.22,8,70.0
ID00531,Female,23,Engineering,76.2,1.3,3.22,7.4,12,3.04,6,63.57
ID00532,Female,18,Economics,90.0,7.6,3.44,4.9,4,3.85,4,84.62
ID00533,Female,23,Engineering,72.9,8.3,3.69,6.2,10,4.0,4,83.73
ID00534,Female,22,Engineering,69.6,5.2,3.57,6.3,3,3.78,5,83.79
ID00535,Female,20,Computer Science,54.0,7.3,3.37,7.9,9,3.44,6,74.17
ID00536,Female,18,Business,100.0,2.3,2.32,6.7,12,2.78,4,66.14
ID00537,Female,21,Mathematics,79.0,5.4,2.86,6.8,7,2.78,6,69.29
ID00538,Male,19,Mathematics,87.4,5.3,3.51,8.5,7,3.9,4,81.49
ID00539,Male,21,Business,85.0,4.7,3.23,8.3,7,3.36,6,71.1
ID00540,Male,19,Mathematics,69.0,3.0,3.51,7.4,17,3.38,4,70.17
ID00541,Female,24,Business,66.1,3.9,4.0,8.1,6,3.84,7,79.96
ID00542,Female,23,Economics,69.9,4.6,2.51,8.0,6,2.53,4,65.95
ID00543,Male,18,Computer Science,74.2,4.5,3.67,9.9,11,3.84,4,78.68
ID00544,Female,18,Computer Science,90.5,2.1,2.93,6.7,6,3.33,4,71.26
ID00545,Female,24,Computer Science,73.1,8.0,3.57,5.9,8,3.54,8,85.28
ID00546,Male,19,Business,100.0,4.1,3.08,7.3,10,3.25,4,80.43
ID00547,Male,20,Business,100.0,6.1,4.0,5.6,11,4.0,6,92.02
ID00548,Female,22,Psychology,97.1,2.8,3.17,6.4,7,3.29,6,80.63
ID00549,Male,21,Mathematics,83.2,5.2,2.78,7.7,10,3.33,6,67.97
ID00550,Female,24,Mathematics,100.0,4.3,3.31,6.2,7,3.84,7,76.81
ID00551,Male,23,Psychology,81.7,2.2,3.26,6.7,4,3.33,8,66.02
ID00552,Female,24,Psychology,84.5,4.0,3.67,6.6,9,3.91,5,86.58
ID00553,Female,21,Computer Science,87.5,3.3,3.32,6.4,11,3.44,8,76.58
ID00554,Female,21,Psychology,95.5,3.5,4.0,5.4,9,4.0,5,84.87
ID00555,Female,23,Business,94.6,6.7,3.04,8.5,9,3.44,8,82.6
ID00556,Male,23,Engineering,77.9,3.7,3.05,9.1,4,3.08,6,70.88
ID00557,Male,18,Business,77.0,6.5,2.8,8.4,2,2.87,7,76.65
ID00558,Male,21,Psychology,94.6,5.5,3.14,8.4,9,3.42,8,73.18
ID00559,Female,22,Mathematics,95.7,4.2,3.22,6.4,12,3.46,7,75.8
ID00560,Female,22,Business,79.1,6.9,3.24,7.3,9,3.33,8,76.74
ID00561,Female,19,Mathematics,61.2,6.6,3.13,5.8,6,3.24,6,65.62
ID00562,Male,24,Business,81.9,4.2,2.8,6.8,8,3.3,4,70.56
ID00563,Male,23,Mathematics,94.4,4.4,2.66,6.9,9,2.99,6,68.16
ID00564,Male,18,Economics,100.0,7.0,2.91,4.9,7,3.49,4,81.23
ID00565,Male,22,Business,67.0,5.7,3.67,7.2,14,3.63,8,85.69
ID00566,Female,20,Mathematics,78.6,8.0,3.78,6.2,6,4.0,5,86.57
ID00567,Male,18,Engineering,79.2,3.6,3.06,7.4,15,3.03,5,67.81
ID00568,Male,18,Computer Science,100.0,1.8,2.63,6.6,10,3.02,5,65.12
ID00569,Female,22,Business,84.5,2.5,3.06,7.5,10,3.5,7,71.16
ID00570,Male,20,Engineering,71.4,1.0,4.0,8.0,9,3.98,6,73.15
ID00571,Male,19,Computer Science,93.4,2.4,3.6,5.1,7,3.71,8,75.76
ID00572,Female,22,Business,78.9,5.6,3.38,6.5,11,3.49,6,80.57
ID00573,Male,20,Engineering,66.6,3.7,3.58,6.0,7,3.64,5,74.41
ID00574,Female,18,Engineering,71.6,2.2,3.87,8.8,12,3.71,4,69.38
ID00575,Female,20,Economics,100.0,2.8,2.52,9.5,13,2.83,4,61.57
ID00576,Female,18,Engineering,90.8,4.7,2.9,7.1,3,3.39,5,76.48
ID00577,Male,24,Economics,86.6,2.9,2.84,7.6,7,2.94,8,67.71
ID00578,Female,22,Psychology,81.3,3.4,3.39,4.8,10,3.47,6,71.45
ID00579,Male,23,Mathematics,89.4,1.4,3.18,7.5,7,3.35,8,68.36
ID00580,Male,22,Computer Science,89.2,7.5,3.48,6.6,7,4.0,4,85.19
ID00581,Male,24,Mathematics,89.4,8.1,2.85,9.0,16,2.9,4,79.94
ID00582,Female,21,Mathematics,86.7,2.3,3.79,6.7,8,3.98,8,74.31
ID00583,Male,21,Economics,98.0,3.2,3.07,5.8,9,3.26,4,70.59
ID00584,Male,21,Mathematics,85.3,0.9,3.45,5.0,9,3.58,4,71.38
ID00585,Female,22,Engineering,70.3,7.1,3.7,7.3,13,4.0,6,82.35
ID00586,Male,19,Economics,75.8,1.7,3.66,6.2,8,3.72,8,74.39
ID00587,Male,22,Mathematics,55.3,3.9,3.28,8.8,4,2.87,7,63.04
ID00588,Male,24,Economics,100.0,2.0,3.51,7.9,7,3.87,4,78.33
ID00589,Male,24,Psychology,97.9,3.9,3.97,6.8,9,4.0,8,90.14
ID00590,Male,23,Economics,72.5,6.4,3.36,7.9,8,3.54,8,78.59
ID00591,Male,20,Business,80.8,5.4,2.74,9.6,6,2.98,8,69.09
ID00592,Female,22,Engineering,75.4,5.7,3.39,5.3,3,3.6,8,76.57
ID00593,Male,22,Computer Science,100.0,1.5,3.08,6.0,9,3.49,5,67.85
ID00594,Male,18,Business,63.7,3.8,1.93,9.9,6,1.76,8,49.85
ID00595,Female,24,Business,86.7,10.9,3.33,5.9,6,4.0,5,93.04
ID00596,Male,18,Business,83.4,4.5,3.16,8.0,8,3.35,8,72.94
ID00597,Female,18,Mathematics,97.4,4.0,3.68,8.8,2,3.73,6,80.28
ID00598,Male,22,Economics,83.4,3.4,2.72,7.0,7,2.98,7,63.57
ID00599,Male,19,Economics,58.6,4.3,2.35,8.0,3,2.1,7,56.17
ID00600,Male,20,Mathematics,81.2,3.9,3.18,6.6,8,3.54,7,70.7
ID00601,Male,20,Engineering,70.4,9.8,3.29,9.7,5,3.48,7,83.89
ID00602,Male,24,Mathematics,86.2,6.1,3.15,6.3,7,3.46,7,78.63
ID00603,Male,23,Mathematics,100.0,3.6,3.11,5.6,9,3.28,7,77.63
ID00604,Male,24,Mathematics,58.9,6.0,2.57,8.3,9,2.45,4,66.33
ID00605,Male,19,Engineering,73.0,2.4,3.03,8.1,12,2.83,8,67.7
ID00606,Male,19,Engineering,76.7,3.9,2.93,7.2,8,3.01,6,64.46
ID00607,Male,20,Psychology,79.3,2.9,3.64,7.0,5,3.71,5,72.96
ID00608,Male,21,Psychology,96.1,5.7,3.29,6.3,11,3.82,6,80.44
ID00609,Male,18,Psychology,82.4,3.7,2.96,5.9,7,3.19,8,67.35
ID00610,Female,18,Psychology,91.2,4.2,3.96,6.1,5,4.0,8,82.24
ID00611,Male,20,Economics,75.6,3.5,2.97,7.5,10,3.16,8,65.41
ID00612,Female,24,Business,88.4,4.8,3.38,6.7,6,3.67,6,76.75
ID00613,Female,19,Business,96.7,5.8,3.02,4.8,3,3.3,7,75.28
ID00614,Male,24,Psychology,74.0,8.1,3.92,6.4,7,4.0,5,87.65
ID00615,Female,23,Psychology,96.7,3.3,3.14,6.7,14,3.56,7,77.49
ID00616,Female,21,Computer Science,85.8,2.1,3.16,7.8,7,3.57,7,69.7
ID00617,Male,20,Business,100.0,5.0,3.03,7.4,10,3.24,5,84.08
ID00618,Male,18,Computer Science,82.0,1.7,3.2,9.6,3,3.48,5,68.41
ID00619,Female,22,Computer Science,90.7,3.3,3.7,5.5,9,4.0,4,79.28
ID00620,Female,24,Mathematics,84.4,1.4,3.52,7.8,4,3.75,4,72.31
ID00621,Male,19,Economics,83.6,14.0,3.11,8.0,8,3.82,6,92.43
ID00622,Male,22,Engineering,88.9,7.5,3.95,7.4,6,4.0,6,92.84
ID00623,Male,23,Business,93.1,7.1,3.54,6.6,3,3.92,4,92.38
ID00624,Male,20,Psychology,66.3,8.3,2.88,6.0,6,3.33,6,70.24
ID00625,Female,24,Psychology,100.0,6.7,2.41,6.9,10,2.98,7,74.11
ID00626,Male,18,Engineering,57.1,4.5,2.89,4.3,8,2.6,5,63.64
ID00627,Male,24,Business,74.7,4.6,3.31,5.6,9,3.42,5,68.67
ID00628,Female,21,Psychology,83.6,7.9,3.4,5.5,8,3.86,5,85.76
ID00629,Male,22,Psychology,91.2,8.2,3.78,7.8,9,4.0,6,94.98
ID00630,Male,21,Mathematics,100.0,2.2,2.55,7.9,9,2.71,5,61.89
ID00631,Female,23,Computer Science,57.1,3.6,2.88,5.4,10,2.7,7,61.05
ID00632,Female,18,Psychology,77.4,4.2,2.51,5.0,3,2.61,5,57.09
ID00633,Male,22,Economics,53.1,6.8,2.43,4.8,9,2.39,6,56.51
ID00634,Male,23,Business,85.5,2.4,2.79,8.5,8,2.8,5,67.68
ID00635,Male,21,Economics,89.1,2.3,3.28,8.4,10,3.34,4,70.58
ID00636,Male,21,Engineering,100.0,1.6,3.49,8.0,9,3.55,7,72.86
ID00637,Male,22,Mathematics,86.8,2.9,2.63,9.3,10,2.95,5,64.35
ID00638,Male,18,Business,100.0,3.2,2.7,9.7,5,2.78,5,66.96
ID00639,Male,21,Mathematics,93.8,9.1,2.21,5.5,7,2.68,7,70.63
ID00640,Male,20,Computer Science,78.5,6.4,3.21,6.4,8,3.29,8,78.78
ID00641,Male,23,Psychology,63.9,6.8,2.73,8.2,4,2.99,7,63.63
ID00642,Male,22,Business,89.1,2.0,3.93,4.0,11,4.0,8,77.6
ID00643,Male,19,Engineering,62.6,3.5,3.3,6.6,3,3.44,8,68.49
ID00644,Male,19,Computer Science,100.0,5.9,3.01,8.4,15,3.4,6,81.1
ID00645,Male,18,Computer Science,82.6,4.3,2.78,6.5,9,3.19,7,71.19
ID00646,Female,20,Mathematics,100.0,5.4,2.35,8.1,6,2.62,5,66.12
ID00647,Female,21,Computer Science,77.8,1.7,2.42,4.0,13,2.15,6,58.94
ID00648,Female,19,Business,89.0,4.2,2.79,7.4,13,3.09,6,66.66
ID00649,Female,18,Mathematics,88.1,6.1,2.75,6.3,7,3.12,8,77.52
ID00650,Male,23,Computer Science,84.3,2.1,2.6,6.7,8,2.93,8,57.62
ID00651,Male,20,Engineering,78.5,1.2,3.29,5.6,5,3.07,6,71.25
ID00652,Male,20,Economics,90.9,2.0,3.36,9.4,5,3.53,7,70.96
ID00653,Female,24,Business,71.1,7.8,2.87,7.1,13,3.22,5,78.88
ID00654,Female,18,Engineering,66.9,1.8,4.0,7.2,7,3.85,8,77.1
ID00655,Male,18,Engineering,100.0,4.0,2.23,10.0,9,2.45,6,60.61
ID00656,Male,24,Mathematics,95.9,1.1,3.13,5.6,6,3.24,6,67.65
ID00657,Male,21,Psychology,86.0,2.3,2.99,7.2,8,3.08,7,69.56
ID00658,Male,18,Mathematics,100.0,4.5,2.82,6.0,6,3.06,7,75.93
ID00659,Female,24,Business,81.0,4.0,2.75,5.9,13,2.83,4,65.85
ID00660,Female,21,Business,100.0,7.1,3.1,7.5,6,3.71,5,81.96
ID00661,Male,21,Mathematics,87.6,5.0,2.99,6.6,7,3.31,4,75.29
ID00662,Female,22,Psychology,69.6,2.1,2.9,10.0,10,2.72,7,61.87
ID00663,Female,20,Mathematics,100.0,3.5,2.45,9.7,6,2.74,4,61.81
ID00664,Male,23,Business,99.9,3.1,2.29,6.8,9,2.78,5,60.22
ID00665,Male,20,Psychology,83.2,0.8,2.96,4.7,9,3.17,6,63.81
ID00666,Male,20,Business,95.9,9.3,2.9,6.6,4,3.34,7,86.1
ID00667,Male,22,Psychology,78.9,4.1,3.0,8.6,4,2.88,6,74.02
ID00668,Male,21,Psychology,97.4,4.5,3.05,5.7,10,3.14,8,77.63
ID00669,Male,21,Mathematics,49.1,5.8,2.84,9.4,12,2.4,8,63.79
ID00670,Male,18,Mathematics,69.7,5.9,2.99,7.9,13,2.99,4,72.58
ID00671,Male,22,Mathematics,99.7,6.2,2.67,5.2,8,2.96,8,72.04
ID00672,Female,18,Psychology,81.3,3.2,3.86,6.0,12,4.0,7,79.34
ID00673,Male,22,Psychology,88.1,2.9,2.7,6.2,9,2.94,7,62.48
ID00674,Male,18,Business,64.8,7.3,2.91,5.8,6,3.15,4,67.07
ID00675,Male,19,Engineering,100.0,9.4,2.74,5.3,9,3.38,7,82.48
ID00676,Female,24,Mathematics,100.0,1.1,2.73,6.1,5,2.88,7,65.29
ID00677,Male,20,Economics,82.0,7.1,3.11,6.4,12,3.68,6,79.53
ID00678,Male,20,Business,78.9,3.5,3.05,8.9,9,2.92,4,70.3
ID00679,Female,23,Business,100.0,3.8,2.87,7.7,14,3.16,6,72.79
ID00680,Female,24,Computer Science,100.0,0.5,2.96,7.7,9,3.21,8,68.37
ID00681,Female,21,Mathematics,99.3,4.0,2.74,7.5,5,3.04,7,70.37
ID00682,Male,23,Business,100.0,2.8,3.3,5.8,6,3.51,4,77.21
ID00683,Male,19,Computer Science,71.2,0.7,4.0,8.7,5,3.63,8,72.02
ID00684,Female,23,Economics,72.7,7.7,2.66,6.3,4,2.91,8,71.26
ID00685,Female,20,Economics,67.2,4.5,3.3,6.5,5,3.47,4,73.18
ID00686,Female,21,Mathematics,91.6,4.9,3.12,7.6,6,3.67,8,73.59
ID00687,Female,19,Psychology,87.6,7.6,3.43,10.0,11,3.72,6,84.42
ID00688,Male,20,Computer Science,82.7,5.9,3.45,6.2,6,3.86,6,78.04
ID00689,Female,24,Psychology,97.1,1.6,3.2,4.6,5,3.32,6,69.9
ID00690,Male,18,Economics,100.0,6.7,3.08,7.4,9,3.73,7,77.38
ID00691,Male,22,Economics,62.1,1.3,2.88,8.0,6,2.7,8,61.52
ID00692,Male,19,Engineering,76.0,5.7,2.72,6.3,9,2.72,7,71.0
ID00693,Male,21,Engineering,97.3,10.5,3.05,6.1,15,3.58,8,88.87
ID00694,Male,23,Engineering,78.0,5.7,2.46,5.1,8,2.36,8,70.64
ID00695,Male,24,Engineering,73.0,3.2,2.8,7.5,5,2.96,4,62.58
ID00696,Female,23,Business,100.0,10.3,3.65,9.9,7,4.0,5,100.0
ID00697,Male,19,Engineering,65.7,4.5,3.15,9.6,10,3.09,7,68.05
ID00698,Female,24,Business,80.5,2.1,3.55,7.5,9,3.95,6,73.9
ID00699,Male,21,Business,89.9,2.7,3.83,6.4,10,4.0,4,79.34
ID00700,Male,19,Mathematics,76.4,2.6,3.01,7.6,7,3.16,4,66.8
ID00701,Male,21,Business,96.7,11.7,3.2,6.5,9,4.0,6,94.08
ID00702,Male,23,Business,76.5,5.6,2.95,6.0,8,2.89,7,70.55
ID00703,Male,20,Engineering,100.0,5.8,2.69,7.2,10,3.12,4,78.92
ID00704,Male,24,Business,83.1,5.2,2.62,8.9,14,3.07,4,67.92
ID00705,Male,18,Psychology,95.1,4.7,3.52,6.7,4,3.86,4,82.39
ID00706,Female,20,Engineering,96.2,3.0,3.2,6.7,9,3.69,6,71.32
ID00707,Male,18,Computer Science,75.6,1.8,4.0,6.6,11,4.0,4,78.76
ID00708,Female,23,Engineering,54.2,4.9,3.59,8.2,10,3.39,6,72.31
ID00709,Male,24,Business,90.4,10.1,2.73,8.3,7,3.14,6,78.51
ID00710,Female,20,Psychology,86.1,4.8,3.52,5.4,6,3.65,6,77.2
ID00711,Female,20,Engineering,93.3,8.1,2.95,6.7,7,3.56,7,88.1
ID00712,Female,19,Psychology,81.6,1.1,3.71,8.7,9,3.88,6,72.82
ID00713,Male,22,Computer Science,78.5,4.8,2.86,6.5,8,2.81,7,64.18
ID00714,Male,23,Economics,100.0,2.8,2.57,9.1,12,2.9,7,63.84
ID00715,Male,21,Computer Science,62.9,2.0,2.7,8.0,9,2.8,8,56.7
ID00716,Female,23,Economics,96.0,8.9,2.73,9.6,7,3.19,7,80.98
ID00717,Female,21,Mathematics,76.4,3.1,2.68,6.5,6,2.73,6,63.81
ID00718,Female,24,Economics,80.0,5.6,2.81,8.1,9,3.14,6,71.87
ID00719,Male,21,Mathematics,80.2,3.8,3.53,8.1,9,3.58,5,74.25
ID00720,Female,18,Engineering,72.9,1.6,4.0,8.6,8,3.67,6,77.45
ID00721,Female,21,Mathematics,93.6,6.1,2.43,7.5,4,3.0,4,66.38
ID00722,Male,21,Psychology,100.0,3.2,3.73,8.7,4,3.94,8,80.83
ID00723,Male,19,Mathematics,92.1,6.6,2.86,6.1,6,3.38,8,72.8
ID00724,Female,20,Psychology,86.6,2.3,3.27,6.9,8,3.58,4,67.65
ID00725,Female,23,Economics,70.2,2.9,2.27,4.8,3,2.12,7,57.76
ID00726,Female,23,Economics,92.8,5.5,3.36,6.6,5,3.6,4,82.47
ID00727,Male,24,Economics,100.0,2.4,2.1,5.7,8,2.38,7,61.6
ID00728,Female,24,Mathematics,79.3,6.0,3.26,7.5,6,3.4,4,76.77
ID00729,Male,21,Economics,79.4,0.9,3.23,8.5,7,2.88,6,68.39
ID00730,Male,22,Mathematics,76.6,1.8,3.2,7.8,6,2.95,7,61.47
ID00731,Male,23,Mathematics,77.7,4.2,2.73,8.2,8,2.5,7,67.95
ID00732,Female,24,Business,43.8,5.8,3.37,7.1,8,3.02,6,69.42
ID00733,Female,21,Business,91.1,4.3,3.3,6.8,10,3.53,8,78.63
ID00734,Male,24,Mathematics,72.3,5.4,3.0,5.2,9,2.91,7,71.27
ID00735,Male,18,Psychology,60.8,3.1,3.44,4.1,16,2.94,5,65.74
ID00736,Female,18,Engineering,96.3,0.9,3.05,4.7,10,3.2,7,63.32
ID00737,Male,24,Computer Science,68.8,3.3,3.36,6.0,6,3.27,7,67.86
ID00738,Female,18,Business,79.9,3.4,3.04,8.4,8,3.03,5,70.27
ID00739,Male,24,Mathematics,100.0,7.7,3.21,5.2,5,3.77,7,86.61
ID00740,Male,21,Computer Science,63.9,6.0,3.39,5.8,9,3.39,8,70.48
ID00741,Male,19,Business,62.0,1.9,2.9,6.3,10,2.93,8,56.23
ID00742,Male,22,Engineering,89.0,0.7,2.48,8.9,11,2.41,7,55.58
ID00743,Female,21,Psychology,100.0,3.7,3.24,6.9,7,3.51,7,75.88
ID00744,Male,19,Mathematics,61.4,2.8,3.69,7.2,4,3.75,5,67.6
ID00745,Male,19,Engineering,91.1,9.7,3.25,7.6,5,4.0,7,82.6
ID00746,Female,23,Business,93.7,7.8,3.26,9.1,6,3.75,5,81.38
ID00747,Male,21,Mathematics,54.1,1.6,3.08,7.1,14,2.66,6,59.33
ID00748,Male,21,Computer Science,97.0,5.9,3.47,4.4,10,3.74,5,80.22
ID00749,Female,24,Economics,98.1,5.3,3.01,7.2,8,3.38,5,76.17
ID00750,Female,19,Psychology,80.3,5.2,2.87,9.2,9,3.24,4,73.11
ID00751,Male,19,Business,100.0,14.0,3.65,8.0,7,4.0,8,99.28
ID00752,Female,19,Psychology,100.0,3.8,2.83,7.3,14,3.16,4,70.89
ID00753,Female,24,Mathematics,86.5,6.3,3.54,7.5,9,4.0,4,85.97
ID00754,Male,23,Economics,78.2,6.8,3.65,4.2,5,3.64,8,82.08
ID00755,Male,21,Engineering,70.4,5.0,3.38,4.0,9,3.47,6,72.35
ID00756,Female,19,Psychology,84.4,9.6,2.48,8.3,6,3.11,6,77.89
ID00757,Female,18,Computer Science,93.5,4.5,3.11,8.9,8,3.53,7,74.22
ID00758,Male,21,Business,80.1,6.6,3.0,6.1,9,3.29,5,77.79
ID00759,Female,24,Computer Science,52.0,2.6,2.85,7.3,9,2.38,4,58.67
ID00760,Female,23,Psychology,100.0,1.8,3.17,7.9,6,3.59,7,71.16
ID00761,Male,18,Economics,87.9,5.5,3.48,9.5,5,3.66,4,82.26
ID00762,Male,24,Engineering,79.3,3.9,2.87,6.9,20,2.61,6,68.05
ID00763,Male,20,Engineering,97.9,4.1,3.01,8.1,4,3.13,8,77.13
ID00764,Female,21,Computer Science,100.0,3.3,2.98,10.0,6,3.32,8,70.93
ID00765,Male,20,Mathematics,43.0,6.5,3.68,6.6,8,3.39,5,74.47
ID00766,Female,24,Mathematics,91.5,4.5,2.97,7.1,3,3.18,7,72.53
ID00767,Female,24,Economics,63.6,12.5,2.48,5.3,6,2.86,7,77.11
ID00768,Female,24,Engineering,92.5,4.4,2.31,5.4,8,2.48,6,60.61
ID00769,Male,19,Computer Science,86.9,5.1,3.28,8.3,8,3.65,4,80.08
ID00770,Female,23,Computer Science,94.5,6.9,2.72,8.8,5,3.19,5,76.22
ID00771,Male,19,Computer Science,77.5,5.5,3.43,8.7,9,3.49,7,73.59
ID00772,Female,23,Psychology,56.9,1.9,2.43,5.5,5,2.11,8,55.06
ID00773,Male,22,Economics,78.2,3.6,2.83,6.7,8,2.94,4,72.36
ID00774,Male,19,Mathematics,91.1,2.5,2.43,7.7,4,2.58,7,64.19
ID00775,Female,20,Mathematics,100.0,5.3,3.32,4.0,9,3.47,8,85.53
ID00776,Male,23,Psychology,67.4,4.7,3.42,7.7,8,3.6,8,73.53
ID00777,Male,19,Business,100.0,6.7,3.27,9.8,9,3.75,6,78.38
ID00778,Female,21,Psychology,75.3,7.2,2.56,8.7,8,2.81,4,62.89
ID00779,Female,24,Economics,90.4,2.5,2.73,4.0,9,2.79,5,65.9
ID00780,Female,23,Computer Science,77.4,7.1,3.22,7.6,9,3.31,8,76.05
ID00781,Female,23,Psychology,87.7,7.8,2.26,7.3,14,2.83,8,65.86
ID00782,Male,19,Computer Science,98.4,2.1,2.98,7.4,11,3.1,7,69.59
ID00783,Male,22,Economics,66.6,5.1,3.86,7.2,10,3.88,4,81.77
ID00784,Male,19,Economics,74.8,8.6,3.01,6.5,7,3.41,4,72.93
ID00785,Male,20,Engineering,87.8,3.6,2.36,4.0,11,2.52,6,60.25
ID00786,Female,20,Computer Science,100.0,4.1,2.8,7.5,8,2.96,6,76.23
ID00787,Female,23,Mathematics,72.1,5.1,2.78,7.9,8,2.95,4,63.22
ID00788,Male,23,Psychology,100.0,0.3,4.0,6.2,8,4.0,7,83.21
ID00789,Male,19,Economics,100.0,4.4,3.93,8.9,6,4.0,6,86.38
ID00790,Female,20,Computer Science,83.5,4.6,3.47,4.5,11,3.56,4,79.42
ID00791,Male,20,Business,80.5,5.9,2.93,4.4,6,3.31,4,75.5
ID00792,Female,22,Engineering,74.6,6.0,3.7,7.1,8,3.87,6,83.75
ID00793,Male,21,Business,84.0,4.0,2.53,6.0,9,2.72,7,66.51
ID00794,Female,22,Economics,63.9,10.2,3.64,8.5,6,3.72,8,82.97
ID00795,Male,18,Business,83.9,2.5,3.56,6.4,6,3.83,6,78.27
ID00796,Female,24,Business,100.0,6.6,3.02,9.0,10,3.51,5,77.17
ID00797,Female,22,Engineering,75.8,0.7,3.67,5.9,11,3.64,8,71.59
ID00798,Female,19,Engineering,81.4,4.3,2.88,7.2,9,3.08,6,69.32
ID00799,Female,21,Engineering,59.5,0.6,2.47,4.0,10,2.03,5,51.49
ID00800,Female,19,Engineering,90.6,4.4,3.59,6.9,4,3.84,6,81.82
ID00801,Female,24,Business,89.0,5.4,3.06,7.1,5,3.29,4,72.59
ID00802,Male,18,Mathematics,86.0,3.4,3.4,8.8,7,3.55,5,71.0
ID00803,Female,21,Mathematics,81.7,4.2,4.0,4.7,9,4.0,6,86.44
ID00804,Female,23,Engineering,80.6,6.3,2.74,6.6,8,3.25,8,70.98
ID00805,Male,20,Psychology,92.5,0.2,3.03,9.2,5,2.91,7,68.64
ID00806,Female,22,Computer Science,84.6,3.0,3.88,9.4,11,4.0,7,80.37
ID00807,Female,19,Economics,89.7,8.7,3.43,5.7,7,3.74,6,82.77
ID00808,Female,18,Psychology,88.2,1.8,2.75,6.0,6,2.88,4,66.36
ID00809,Male,20,Economics,100.0,2.7,2.62,4.5,6,2.78,5,65.31
ID00810,Male,22,Psychology,95.2,0.9,2.84,4.0,11,3.11,8,65.68
ID00811,Female,20,Psychology,87.9,3.0,2.73,6.4,9,3.23,4,63.57
ID00812,Female,22,Mathematics,100.0,3.9,3.22,6.0,9,3.37,8,82.01
ID00813,Male,23,Computer Science,91.3,14.0,3.14,10.0,13,3.78,7,91.37
ID00814,Female,21,Psychology,100.0,5.2,3.24,7.5,4,3.65,5,78.94
ID00815,Female,20,Engineering,94.1,3.1,2.68,6.7,11,3.06,7,66.9
ID00816,Male,20,Economics,57.4,1.3,3.06,8.0,15,2.74,8,55.75
ID00817,Female,20,Mathematics,100.0,2.7,2.07,8.5,13,2.16,4,59.85
ID00818,Male,21,Economics,87.0,2.3,3.17,8.8,11,3.21,4,74.77
ID00819,Male,18,Engineering,84.2,0.8,3.69,7.4,9,3.69,7,71.92
ID00820,Male,22,Engineering,89.2,1.8,2.39,7.0,4,2.77,8,59.95
ID00821,Female,23,Psychology,79.8,3.2,3.34,7.2,11,3.3,4,64.03
ID00822,Male,20,Engineering,88.4,3.5,2.79,6.9,10,3.26,7,67.35
ID00823,Male,24,Computer Science,76.1,6.2,3.5,6.2,5,3.59,4,78.61
ID00824,Male,21,Engineering,100.0,9.0,3.18,8.6,9,3.78,7,84.27
ID00825,Male,18,Psychology,83.3,3.4,3.3,6.7,7,3.45,7,76.24
ID00826,Female,22,Economics,79.3,6.7,3.13,5.5,8,3.34,4,75.28
ID00827,Male,21,Engineering,71.1,3.1,3.76,7.0,4,3.92,7,75.14
ID00828,Male,23,Mathematics,89.0,2.2,3.27,8.1,5,3.34,8,70.48
ID00829,Female,23,Mathematics,87.8,6.0,2.75,4.8,7,2.96,8,66.01
ID00830,Male,22,Mathematics,90.8,3.1,3.15,6.6,9,3.33,4,68.82
ID00831,Male,20,Economics,69.6,2.4,2.92,5.8,9,2.94,5,65.23
ID00832,Male,23,Business,61.0,2.1,3.18,10.0,4,2.95,5,56.85
ID00833,Male,18,Mathematics,94.4,1.2,2.89,7.1,7,2.99,6,63.44
ID00834,Male,21,Mathematics,100.0,4.2,2.76,9.3,6,3.21,4,70.15
ID00835,Male,18,Business,69.6,2.8,3.2,7.4,12,3.26,8,72.23
ID00836,Male,20,Economics,100.0,6.9,3.13,7.5,9,3.76,7,84.14
ID00837,Female,18,Mathematics,89.3,10.3,3.63,6.9,10,4.0,8,91.17
ID00838,Male,18,Psychology,84.9,2.1,2.89,6.7,10,3.09,4,69.08
ID00839,Female,19,Economics,79.0,1.5,2.11,6.9,9,2.18,4,49.54
ID00840,Female,18,Mathematics,64.2,9.1,2.92,6.0,8,3.26,8,77.43
ID00841,Male,22,Mathematics,99.8,4.4,2.29,7.0,10,2.72,5,61.16
ID00842,Female,21,Business,73.4,4.3,3.31,4.6,7,3.21,7,75.68
ID00843,Male,19,Psychology,73.3,4.9,2.26,7.3,10,2.55,8,57.98
ID00844,Female,21,Economics,99.9,7.6,2.61,5.2,11,3.18,4,72.98
ID00845,Male,21,Engineering,56.8,7.5,2.92,7.1,9,2.7,4,68.7
ID00846,Male,20,Computer Science,62.1,5.9,3.87,7.5,13,3.9,4,81.37
ID00847,Male,20,Psychology,84.7,1.8,2.56,9.1,5,2.8,4,58.49
ID00848,Female,19,Engineering,89.4,1.0,3.11,7.5,6,3.12,4,68.77
ID00849,Male,23,Psychology,92.3,1.8,3.39,6.6,8,3.56,8,71.54
ID00850,Female,24,Engineering,80.5,1.3,3.84,6.1,7,4.0,7,77.39
ID00851,Male,20,Engineering,100.0,6.3,3.49,8.1,10,3.74,8,86.91
ID00852,Female,24,Psychology,81.6,2.6,3.65,6.9,3,4.0,8,75.6
ID00853,Male,20,Business,81.5,5.8,3.53,5.9,6,4.0,8,79.19
ID00854,Female,20,Psychology,73.0,4.0,2.5,7.2,6,2.73,5,61.08
ID00855,Male,21,Psychology,86.9,2.6,3.28,4.2,10,3.32,5,73.68
ID00856,Male,19,Engineering,94.2,2.1,3.52,7.1,10,3.61,8,82.34
ID00857,Male,21,Computer Science,100.0,2.5,2.62,5.8,9,2.82,5,68.84
ID00858,Male,22,Engineering,62.7,1.5,2.81,6.5,4,2.85,4,60.24
ID00859,Female,21,Mathematics,81.3,10.4,2.7,10.0,9,3.19,7,87.52
ID00860,Male,24,Psychology,91.7,3.8,3.49,6.3,5,3.73,8,80.06
ID00861,Female,24,Economics,93.8,4.0,3.07,8.2,9,3.33,8,75.12
ID00862,Male,22,Psychology,85.1,4.0,2.94,8.6,3,3.18,8,71.81
ID00863,Male,18,Business,93.1,6.2,2.46,8.3,15,2.81,4,66.47
ID00864,Male,18,Economics,72.9,2.3,3.07,7.6,2,3.0,7,63.71
ID00865,Male,22,Engineering,100.0,7.8,2.82,5.3,5,3.35,8,77.86
ID00866,Female,22,Business,99.9,3.3,3.22,6.0,9,3.58,7,77.79
ID00867,Male,21,Psychology,64.8,3.2,2.53,5.3,7,2.44,8,56.86
ID00868,Male,22,Engineering,68.9,8.5,3.19,6.5,7,3.55,8,78.5
ID00869,Female,19,Engineering,69.3,2.3,2.88,6.5,8,2.75,6,64.79
ID00870,Female,18,Mathematics,95.2,5.1,2.48,5.6,4,2.94,4,70.69
ID00871,Male,18,Mathematics,65.7,4.0,2.44,7.8,9,2.44,6,57.49
ID00872,Male,23,Computer Science,80.0,2.6,2.51,6.3,10,2.72,5,57.7
ID00873,Female,22,Mathematics,91.8,5.6,3.0,6.5,6,3.45,4,78.81
ID00874,Male,20,Economics,84.0,1.7,3.16,4.6,8,3.2,4,70.17
ID00875,Male,20,Engineering,88.9,2.6,3.23,7.1,10,3.42,7,67.02
ID00876,Male,22,Mathematics,69.0,4.3,3.25,6.9,9,3.15,6,69.6
ID00877,Female,19,Computer Science,93.9,9.6,2.72,6.1,7,3.41,6,80.57
ID00878,Female,20,Psychology,75.8,9.1,3.63,7.6,9,4.0,7,89.4
ID00879,Male,23,Economics,80.1,5.2,2.88,7.2,8,3.36,6,72.76
ID00880,Male,24,Mathematics,88.6,3.3,3.33,7.9,11,3.67,7,75.39
ID00881,Male,22,Engineering,86.5,0.8,3.02,7.9,12,3.29,4,66.51
ID00882,Female,19,Psychology,85.4,6.8,3.29,8.1,7,3.87,8,80.38
ID00883,Male,19,Engineering,73.7,7.3,2.99,9.5,10,3.04,6,72.12
ID00884,Male,21,Psychology,80.5,5.1,3.3,7.2,9,3.68,4,74.92
ID00885,Female,19,Economics,85.0,3.4,3.1,5.6,9,3.23,8,70.73
ID00886,Male,20,Engineering,64.4,6.4,3.51,6.4,7,3.49,7,77.06
ID00887,Female,24,Mathematics,78.1,3.9,2.69,6.4,4,2.67,4,58.66
ID00888,Male,20,Mathematics,90.8,3.6,2.22,5.6,10,2.28,4,59.23
ID00889,Male,22,Computer Science,65.8,1.3,2.61,4.0,5,2.57,4,55.11
ID00890,Male,24,Psychology,100.0,6.2,3.63,7.3,9,4.0,5,86.47
ID00891,Female,22,Computer Science,100.0,4.3,3.02,7.1,7,3.31,4,74.38
ID00892,Female,19,Business,66.3,9.1,3.15,9.9,11,3.29,7,79.55
ID00893,Female,23,Mathematics,100.0,2.7,2.57,9.8,12,2.78,6,62.5
ID00894,Male,18,Psychology,82.8,2.2,3.13,8.0,8,3.51,8,63.25
ID00895,Female,24,Economics,91.3,7.3,2.59,7.8,7,3.19,7,71.99
ID00896,Male,21,Computer Science,77.6,8.2,2.66,5.8,5,2.63,7,74.67
ID00897,Male,18,Economics,98.8,4.0,2.9,7.3,8,3.36,6,77.64
ID00898,Female,19,Economics,91.1,6.6,3.32,6.8,7,3.95,4,83.97
ID00899,Male,19,Economics,72.8,3.3,3.38,7.2,10,3.23,4,66.87
ID00900,Male,18,Computer Science,67.5,3.4,3.39,5.8,3,3.42,7,69.59
ID00901,Male,21,Business,63.1,5.1,2.31,7.6,7,2.32,4,58.51
ID00902,Male,24,Computer Science,87.8,3.4,3.1,4.9,9,3.19,4,71.91
ID00903,Male,24,Engineering,93.6,4.7,3.0,10.0,11,3.3,5,75.67
ID00904,Female,18,Mathematics,94.8,4.3,2.33,9.2,4,2.62,8,61.59
ID00905,Male,22,Computer Science,83.2,1.9,3.11,9.0,3,3.24,6,67.56
ID00906,Female,20,Computer Science,67.6,4.7,2.97,5.1,7,3.12,7,68.4
ID00907,Female,23,Business,74.8,1.9,3.36,4.6,9,3.1,6,71.18
ID00908,Male,22,Engineering,100.0,6.3,3.14,7.4,12,3.65,4,78.36
ID00909,Male,24,Computer Science,77.7,7.4,2.83,6.5,9,3.01,5,72.1
ID00910,Male,20,Mathematics,87.2,3.6,3.56,9.8,16,3.64,4,69.84
ID00911,Female,23,Mathematics,68.9,9.6,1.99,7.9,7,2.17,7,61.92
ID00912,Male,23,Computer Science,90.0,8.1,3.07,6.9,10,3.46,4,79.34
ID00913,Female,23,Economics,78.1,4.7,2.22,9.2,8,2.4,5,56.39
ID00914,Male,19,Economics,100.0,3.4,2.64,7.3,7,2.99,8,68.6
ID00915,Female,23,Engineering,96.6,7.0,3.36,7.3,10,4.0,6,84.18
ID00916,Male,21,Mathematics,77.6,9.7,2.46,8.6,7,2.66,6,65.85
ID00917,Male,18,Economics,83.1,4.9,2.39,6.0,9,2.83,6,64.08
ID00918,Female,24,Mathematics,76.7,10.6,4.0,8.5,7,4.0,7,92.59
ID00919,Female,21,Engineering,63.7,2.9,2.42,7.8,8,2.61,5,56.46
ID00920,Male,18,Engineering,72.1,5.9,3.93,5.6,9,3.82,7,80.02
ID00921,Female,22,Economics,88.0,4.0,3.01,9.9,9,3.11,8,71.48
ID00922,Male,22,Computer Science,89.9,2.1,2.84,6.3,4,3.1,6,64.88
ID00923,Female,18,Psychology,87.2,3.1,3.38,4.5,5,3.41,6,75.38
ID00924,Female,21,Business,80.5,7.3,3.77,5.8,9,4.0,4,86.94
ID00925,Male,18,Psychology,99.0,3.8,2.53,5.4,8,2.97,5,66.37
ID00926,Male,23,Psychology,86.0,2.9,2.84,7.3,9,3.26,8,61.74
ID00927,Male,19,Mathematics,95.5,8.3,3.52,9.4,3,3.89,6,84.44
ID00928,Male,24,Engineering,58.4,7.2,3.24,7.4,5,3.27,5,71.8
ID00929,Female,22,Mathematics,26.2,3.2,3.65,9.4,8,3.31,6,63.11
ID00930,Male,24,Economics,89.3,10.9,3.36,8.6,4,3.8,6,88.5
ID00931,Male,19,Business,63.6,3.9,4.0,4.0,5,3.97,6,80.58
ID00932,Female,23,Economics,81.8,5.0,3.19,8.3,4,3.65,7,73.47
ID00933,Female,23,Computer Science,80.5,4.2,3.21,6.1,13,3.49,5,69.77
ID00934,Male,22,Business,100.0,2.4,3.26,7.8,9,3.59,7,73.79
ID00935,Male,22,Mathematics,91.0,3.7,3.03,6.9,9,3.18,6,72.49
ID00936,Male,23,Mathematics,87.5,4.0,3.52,10.0,5,3.9,8,79.25
ID00937,Male,20,Economics,97.6,1.1,3.22,7.7,7,3.31,4,76.51
ID00938,Female,24,Mathematics,90.5,4.8,3.49,7.9,5,3.92,4,78.21
ID00939,Male,19,Mathematics,78.1,6.7,3.57,8.6,14,3.66,6,81.79
ID00940,Female,24,Psychology,100.0,1.9,3.31,4.8,8,3.47,6,75.59
ID00941,Male,19,Computer Science,68.4,6.0,3.35,8.6,8,3.3,7,75.09
ID00942,Female,20,Psychology,89.8,7.6,2.59,6.7,6,3.14,6,71.76
ID00943,Female,21,Mathematics,61.8,0.3,2.82,6.0,6,2.73,8,50.18
ID00944,Female,19,Engineering,88.1,3.7,3.52,8.2,7,3.73,6,76.29
ID00945,Male,24,Psychology,87.9,10.8,3.81,4.8,9,4.0,4,92.74
ID00946,Male,18,Mathematics,100.0,4.7,2.13,8.4,2,2.29,4,58.51
ID00947,Male,23,Mathematics,61.5,1.0,2.82,6.8,12,2.73,8,53.76
ID00948,Female,23,Computer Science,76.0,1.7,3.11,6.8,8,3.13,4,62.02
ID00949,Female,20,Economics,97.3,4.9,2.66,4.0,6,2.9,8,72.45
ID00950,Female,19,Business,90.0,5.8,2.69,8.4,9,2.99,5,72.89
ID00951,Female,21,Psychology,87.7,4.2,3.34,7.4,14,3.57,4,73.54
ID00952,Female,19,Psychology,70.7,4.7,3.89,6.3,5,4.0,5,79.78
ID00953,Male,23,Psychology,76.1,4.3,2.08,5.6,3,1.89,7,50.65
ID00954,Female,22,Mathematics,100.0,2.7,3.01,8.2,5,3.2,6,70.3
ID00955,Male,18,Computer Science,84.2,4.3,3.33,7.5,12,3.58,7,76.63
ID00956,Male,20,Mathematics,90.6,1.4,3.49,7.0,7,3.59,7,75.91
ID00957,Male,22,Mathematics,83.3,3.3,3.26,5.5,3,3.31,6,70.11
ID00958,Male,24,Economics,67.3,5.6,3.98,7.5,11,4.0,7,85.91
ID00959,Male,21,Engineering,99.0,2.3,3.11,7.4,6,3.52,8,67.57
ID00960,Female,22,Computer Science,92.5,3.5,3.76,9.0,9,4.0,6,78.08
ID00961,Male,24,Psychology,100.0,4.5,2.78,5.2,4,3.17,4,74.35
ID00962,Female,22,Business,69.8,10.5,3.13,5.9,6,3.25,6,86.5
ID00963,Male,21,Psychology,97.3,7.2,2.49,9.9,7,2.83,8,74.44
ID00964,Male,22,Mathematics,65.3,1.3,3.55,7.3,10,3.42,5,67.62
ID00965,Male,20,Computer Science,87.4,11.9,3.04,7.4,6,3.93,8,80.86
ID00966,Male,23,Computer Science,99.6,8.7,3.28,8.4,6,3.83,6,81.33
ID00967,Female,19,Computer Science,53.9,4.6,2.94,9.7,8,2.62,7,63.49
ID00968,Male,22,Engineering,81.9,6.5,3.39,5.3,9,3.69,5,79.01
ID00969,Female,20,Psychology,76.6,2.5,3.3,10.0,7,3.28,8,66.21
ID00970,Male,19,Engineering,74.5,4.0,2.6,6.9,7,2.81,4,62.57
ID00971,Female,24,Economics,90.8,2.4,2.63,7.4,15,2.91,5,64.01
ID00972,Female,19,Business,100.0,5.8,3.09,7.1,12,3.35,6,81.92
ID00973,Female,24,Economics,83.0,13.9,3.43,9.2,4,4.0,6,96.12
ID00974,Male,22,Mathematics,88.1,3.2,4.0,8.4,8,4.0,6,87.11
ID00975,Male,20,Engineering,86.7,3.7,3.25,6.8,8,3.54,4,73.79
ID00976,Male,23,Engineering,85.0,4.1,3.6,5.3,8,3.91,5,78.6
ID00977,Female,22,Economics,68.7,3.3,2.29,6.6,7,2.31,4,58.46
ID00978,Male,24,Mathematics,100.0,5.6,4.0,5.0,4,4.0,6,88.26
ID00979,Male,21,Computer Science,89.4,7.5,3.4,8.3,8,3.75,5,92.54
ID00980,Female,19,Mathematics,90.9,2.8,3.08,6.0,7,3.35,6,71.8
ID00981,Male,22,Psychology,72.9,4.0,3.02,6.8,6,2.9,6,68.89
ID00982,Female,24,Economics,78.1,6.0,2.55,8.8,7,2.72,7,68.16
ID00983,Male,19,Mathematics,82.4,2.2,2.69,8.2,8,2.78,6,67.62
ID00984,Male,24,Computer Science,62.0,1.8,4.0,7.6,6,4.0,7,76.48
ID00985,Female,20,Mathematics,59.7,2.8,2.61,5.8,10,2.0,6,51.6
ID00986,Male,18,Engineering,76.0,6.2,2.6,7.7,10,2.91,7,71.36
ID00987,Female,22,Business,92.8,2.2,2.75,5.8,9,3.1,7,64.39
ID00988,Male,23,Engineering,75.2,2.9,2.5,7.7,12,2.48,5,59.3
ID00989,Male,22,Business,69.7,4.1,3.11,5.0,8,3.06,5,64.55
ID00990,Female,19,Mathematics,72.8,4.5,3.64,8.8,11,3.66,7,78.83
ID00991,Female,20,Psychology,78.2,3.7,2.79,7.3,9,3.02,5,63.36
ID00992,Female,24,Mathematics,79.7,4.1,2.41,7.0,8,2.49,6,61.56
ID00993,Male,21,Computer Science,100.0,1.5,3.25,7.6,12,3.3,4,71.84
ID00994,Female,23,Mathematics,100.0,2.7,3.07,6.8,8,3.38,6,78.39
ID00995,Male,20,Business,100.0,6.5,3.6,7.1,7,4.0,6,93.45
ID00996,Male,22,Engineering,100.0,2.6,2.87,8.9,3,3.15,7,69.8
ID00997,Female,21,Psychology,70.0,4.6,2.97,8.6,6,2.87,6,67.73
ID00998,Male,20,Mathematics,66.7,4.3,3.03,8.1,9,3.16,5,65.82
ID00999,Female,18,Mathematics,68.4,6.1,3.14,7.4,9,3.42,8,75.79
ID01000,Male,23,Engineering,100.0,6.6,2.9,6.5,10,3.31,6,77.09
ID01001,Male,19,Psychology,76.8,7.7,2.82,8.6,13,2.9,8,72.11
ID01002,Male,20,Economics,66.2,9.0,2.17,5.6,7,2.38,7,67.32
ID01003,Female,20,Mathematics,78.5,2.2,2.82,9.7,4,2.52,6,61.19
ID01004,Female,18,Mathematics,81.4,0.9,3.46,8.1,12,3.63,8,69.61
ID01005,Female,22,Economics,89.0,3.2,3.53,8.8,6,3.78,4,72.44
ID01006,Female,24,Business,88.8,2.1,2.86,7.7,7,3.04,8,67.84
ID01007,Female,24,Business,72.6,2.4,3.75,6.8,5,3.78,8,80.34
ID01008,Female,23,Computer Science,95.3,5.5,3.09,8.4,6,3.25,6,79.48
ID01009,Male,23,Engineering,75.4,7.4,2.43,4.9,9,2.73,7,71.45
ID01010,Male,19,Psychology,82.7,4.6,2.27,6.1,5,2.48,6,58.55
ID01011,Male,20,Mathematics,95.3,2.7,3.71,6.7,7,3.93,5,80.95
ID01012,Female,21,Mathematics,75.4,4.8,2.91,4.9,10,3.09,7,65.63
ID01013,Female,20,Computer Science,76.5,6.2,2.49,8.0,6,2.61,5,65.08
ID01014,Male,24,Mathematics,93.9,1.5,1.97,8.9,6,2.25,5,55.88
ID01015,Female,19,Engineering,72.1,3.3,2.9,4.4,6,2.68,6,64.81
ID01016,Female,20,Computer Science,79.2,3.5,3.3,6.4,7,3.15,8,67.94
ID01017,Male,18,Engineering,93.3,3.7,2.75,6.7,13,2.93,5,64.59
ID01018,Female,24,Computer Science,100.0,2.3,2.57,7.5,6,3.02,6,60.79
ID01019,Female,20,Mathematics,94.1,4.8,2.83,8.3,8,2.96,4,73.51
ID01020,Male,20,Computer Science,92.1,5.1,3.72,6.6,8,4.0,4,90.57
ID01021,Female,24,Business,93.0,2.2,2.4,8.4,8,2.54,4,64.74
ID01022,Male,21,Psychology,68.9,8.5,2.78,7.1,7,3.2,4,66.76
ID01023,Female,24,Mathematics,86.7,1.8,3.71,6.1,12,3.87,8,80.55
ID01024,Female,18,Economics,84.6,2.6,3.35,7.3,5,3.44,8,75.22
ID01025,Female,18,Psychology,89.8,1.7,3.19,5.1,3,3.42,8,65.08
ID01026,Male,20,Mathematics,86.7,1.5,2.78,6.6,9,3.04,4,61.99
ID01027,Female,23,Psychology,90.7,4.4,3.12,6.7,12,3.46,4,77.66
ID01028,Female,21,Business,80.3,2.6,2.83,6.1,10,3.04,5,65.84
ID01029,Male,20,Psychology,85.9,6.7,2.67,10.0,8,3.21,6,67.66
ID01030,Female,24,Computer Science,66.6,2.3,2.56,9.0,6,2.27,5,58.28
ID01031,Male,20,Psychology,80.2,2.6,3.49,7.3,7,3.63,6,66.82
ID01032,Female,19,Mathematics,100.0,6.2,3.07,7.6,6,3.34,4,78.94
ID01033,Male,19,Economics,89.8,1.9,3.26,7.8,12,3.33,7,74.49
ID01034,Male,23,Economics,84.7,3.0,3.18,7.9,3,3.62,5,70.96
ID01035,Male,21,Engineering,100.0,8.4,3.32,9.3,10,3.91,4,85.95
ID01036,Female,22,Psychology,64.6,0.5,2.97,8.4,7,2.59,7,60.66
ID01037,Male,19,Economics,68.4,0.3,2.86,4.0,8,2.74,8,59.95
ID01038,Female,22,Psychology,100.0,1.5,2.69,8.3,9,2.87,4,68.92
ID01039,Male,18,Economics,85.7,9.2,2.39,5.7,9,2.85,6,75.31
ID01040,Male,19,Psychology,81.4,5.2,2.54,6.2,8,2.78,8,68.92
ID01041,Male,19,Mathematics,67.0,4.8,2.92,8.5,8,2.95,7,68.7
ID01042,Female,21,Psychology,91.7,1.5,2.3,4.2,7,2.56,8,58.35
ID01043,Male,23,Mathematics,93.2,4.3,2.41,9.6,6,2.64,6,65.31
ID01044,Female,22,Mathematics,68.6,2.2,3.62,8.2,9,3.45,5,70.61
ID01045,Female,24,Engineering,82.9,6.8,3.21,7.5,6,3.83,7,74.83
ID01046,Female,19,Economics,80.0,6.9,2.87,8.3,10,3.15,4,70.4
ID01047,Male,19,Computer Science,88.8,2.8,4.0,8.7,8,4.0,5,81.95
ID01048,Male,21,Mathematics,68.2,5.4,2.28,7.3,13,2.48,7,59.92
ID01049,Female,21,Economics,100.0,5.0,3.59,8.2,8,3.95,7,88.68
ID01050,Male,23,Business,98.7,3.7,3.04,5.5,7,3.44,4,73.75
ID01051,Female,22,Psychology,79.6,2.2,3.49,8.2,10,3.28,6,75.3
ID01052,Male,18,Business,81.8,3.0,3.15,7.9,8,3.33,5,73.0
ID01053,Female,24,Psychology,83.0,6.6,2.16,9.2,17,2.21,6,62.96
ID01054,Female,23,Engineering,73.3,8.5,3.15,7.3,7,3.38,8,80.42
ID01055,Female,18,Mathematics,78.3,3.2,3.27,7.5,7,3.46,4,70.21
ID01056,Male,20,Computer Science,80.9,9.0,2.0,5.6,8,2.67,8,69.69
ID01057,Female,19,Mathematics,100.0,5.2,4.0,7.0,8,4.0,6,92.31
ID01058,Male,22,Psychology,99.2,3.8,3.26,7.9,9,3.56,7,73.65
ID01059,Male,23,Computer Science,99.0,3.5,3.44,8.1,8,3.64,6,79.53
ID01060,Female,19,Mathematics,90.5,2.3,2.52,9.6,9,2.78,5,66.82
ID01061,Female,22,Computer Science,68.2,5.6,3.45,7.7,7,3.6,7,75.14
ID01062,Female,22,Psychology,84.4,9.8,3.64,6.9,7,4.0,7,92.09
ID01063,Female,22,Engineering,99.6,3.7,3.23,7.8,11,3.67,4,78.35
ID01064,Male,19,Engineering,66.1,2.1,3.1,6.2,11,3.22,7,60.24
ID01065,Male,23,Mathematics,94.5,6.2,2.65,9.0,9,3.1,7,73.99
ID01066,Female,24,Business,100.0,3.1,2.99,6.0,7,3.17,5,68.13
ID01067,Male,21,Psychology,100.0,2.3,2.84,6.4,10,3.22,8,66.77
ID01068,Male,19,Mathematics,100.0,1.4,3.39,5.4,6,3.71,7,77.64
ID01069,Male,22,Mathematics,88.3,5.5,2.68,7.1,10,3.18,5,71.0
ID01070,Male,23,Engineering,99.5,7.7,3.38,8.0,9,3.81,4,85.84
ID01071,Male,24,Computer Science,74.2,1.7,2.68,9.5,9,2.32,7,60.14
ID01072,Male,20,Psychology,96.9,3.3,2.97,6.9,5,3.24,5,71.48
ID01073,Male,18,Computer Science,94.8,3.5,3.41,6.7,11,3.72,7,77.63
ID01074,Male,22,Economics,89.3,2.4,2.75,4.0,12,3.08,6,66.91
ID01075,Female,20,Economics,100.0,8.8,3.43,7.3,6,4.0,6,87.58
ID01076,Male,21,Psychology,76.9,1.4,3.38,7.0,8,3.21,4,68.62
ID01077,Male,24,Business,82.2,5.2,2.96,7.0,8,3.45,7,70.71
ID01078,Female,24,Economics,86.4,5.8,3.68,9.3,13,3.86,4,79.04
ID01079,Male,22,Engineering,69.6,2.4,3.14,7.8,11,3.0,6,62.61
ID01080,Female,24,Business,88.4,2.0,3.65,6.4,7,4.0,8,80.99
ID01081,Female,20,Mathematics,59.2,2.7,4.0,5.6,9,3.5,8,76.35
ID01082,Male,22,Economics,100.0,1.0,2.98,5.3,7,2.89,8,64.0
ID01083,Male,19,Engineering,85.7,10.0,3.42,6.3,11,4.0,8,83.83
ID01084,Female,23,Mathematics,77.2,2.8,2.78,7.6,11,2.83,6,62.79
ID01085,Female,20,Business,72.5,3.1,2.58,4.0,9,2.6,5,64.48
ID01086,Male,23,Psychology,81.5,11.0,3.0,6.8,6,3.62,8,83.06
ID01087,Female,19,Mathematics,95.3,1.2,2.42,8.2,9,2.5,8,63.42
ID01088,Male,19,Computer Science,93.2,3.7,2.63,5.4,10,2.89,8,67.92
ID01089,Female,23,Psychology,74.4,6.3,3.4,6.7,10,3.39,7,79.36
ID01090,Male,20,Psychology,72.3,10.0,2.84,5.5,6,2.97,4,73.12
ID01091,Female,23,Business,94.9,1.3,3.46,4.0,6,3.52,6,76.71
ID01092,Female,23,Business,74.2,10.8,3.25,5.8,8,3.45,6,83.83
ID01093,Female,18,Engineering,85.9,3.3,4.0,5.4,4,4.0,8,85.66
ID01094,Male,20,Engineering,86.9,3.3,3.36,8.2,11,3.64,5,72.08
ID01095,Male,18,Computer Science,89.7,1.8,3.66,7.7,9,3.92,5,76.88
ID01096,Male,22,Psychology,97.9,4.2,3.3,5.4,4,3.67,4,79.31
ID01097,Male,24,Computer Science,66.1,10.8,3.26,8.9,11,3.6,8,82.49
ID01098,Male,23,Computer Science,56.3,4.1,3.68,8.1,7,3.25,7,74.09
ID01099,Female,22,Business,76.5,2.3,3.43,6.6,8,3.24,4,70.09
ID01100,Male,20,Computer Science,100.0,2.6,3.21,7.5,6,3.55,6,72.39
ID01101,Male,23,Computer Science,100.0,2.7,3.2,5.6,12,3.27,6,79.22
ID01102,Female,24,Mathematics,100.0,9.2,3.37,4.0,7,3.81,6,92.88
ID01103,Female,22,Engineering,82.1,10.4,2.76,7.1,13,3.55,8,76.99
ID01104,Female,21,Engineering,58.3,1.4,2.74,5.0,11,2.15,4,56.76
ID01105,Female,19,Psychology,49.9,1.9,3.81,6.7,10,3.47,5,66.43
ID01106,Male,23,Engineering,75.8,2.0,4.0,7.6,10,3.79,4,74.4
ID01107,Male,24,Economics,82.0,2.8,2.64,4.1,10,2.8,5,65.5
ID01108,Female,19,Psychology,100.0,11.5,2.77,7.3,8,3.69,8,80.98
ID01109,Female,18,Mathematics,98.0,10.7,3.67,8.2,10,4.0,8,99.14
ID01110,Male,22,Engineering,88.4,4.0,3.37,4.0,7,3.8,4,75.68
ID01111,Female,18,Mathematics,71.7,3.0,3.44,8.1,5,3.38,7,70.59
ID01112,Male,24,Engineering,70.6,0.8,3.55,9.8,16,2.96,5,69.29
ID01113,Male,23,Engineering,88.8,4.5,2.98,6.6,10,3.3,4,73.92
ID01114,Male,19,Mathematics,95.5,4.2,3.26,8.1,5,3.4,5,74.62
ID01115,Female,19,Computer Science,90.9,1.7,3.23,5.5,10,3.2,4,72.69
ID01116,Female,22,Computer Science,69.5,5.1,2.67,8.4,7,2.54,6,64.63
ID01117,Male,23,Computer Science,94.8,6.8,3.26,7.8,13,3.74,8,78.36
ID01118,Female,21,Economics,91.4,1.7,3.72,7.3,9,3.77,6,76.89
ID01119,Male,21,Computer Science,68.9,2.9,2.93,7.2,8,3.1,7,67.46
ID01120,Male,22,Engineering,73.2,6.6,3.18,7.6,10,3.38,6,80.25
ID01121,Female,23,Business,95.3,2.5,3.2,6.9,8,3.34,4,74.98
ID01122,Female,22,Mathematics,81.5,2.8,2.96,5.5,7,3.12,4,63.1
ID01123,Female,23,Business,100.0,2.9,3.44,6.8,8,3.69,5,79.57
ID01124,Female,24,Economics,92.5,5.2,2.76,6.9,5,3.3,5,74.03
ID01125,Female,24,Business,77.7,7.4,3.77,5.2,5,3.74,8,88.24
ID01126,Female,18,Psychology,84.8,9.6,3.41,6.8,7,4.0,8,89.64
ID01127,Male,22,Computer Science,86.0,7.1,2.63,6.9,5,3.22,8,72.95
ID01128,Male,23,Economics,74.1,4.0,3.95,6.2,10,3.95,7,80.62
ID01129,Male,21,Engineering,71.3,5.8,3.18,7.5,5,3.26,6,71.32
ID01130,Male,23,Computer Science,95.5,1.6,2.74,7.9,3,2.91,7,59.06
ID01131,Female,24,Computer Science,97.7,12.4,3.65,6.0,8,4.0,6,100.0
ID01132,Male,23,Business,94.1,2.3,3.35,7.2,7,3.46,7,74.75
ID01133,Male,22,Psychology,100.0,5.5,2.21,8.4,3,2.68,7,68.06
ID01134,Male,18,Computer Science,76.9,4.4,2.84,5.5,10,2.64,7,63.06
ID01135,Female,18,Mathematics,100.0,1.5,3.24,4.5,4,3.29,7,74.49
ID01136,Male,18,Mathematics,71.5,2.3,2.02,5.6,9,1.84,4,56.41
ID01137,Female,18,Computer Science,69.8,7.7,3.14,7.8,10,3.33,7,76.26
ID01138,Male,24,Business,58.6,3.6,3.18,6.3,15,2.79,5,65.39
ID01139,Male,20,Business,78.3,2.1,2.51,5.1,9,2.41,7,59.21
ID01140,Female,22,Engineering,77.4,3.3,3.24,8.9,7,3.14,6,76.6
ID01141,Female,19,Economics,92.9,2.1,3.1,5.2,4,3.28,8,66.98
ID01142,Male,22,Economics,88.7,2.8,2.5,6.7,5,2.84,5,62.76
ID01143,Female,20,Economics,67.1,1.2,3.56,8.1,8,3.25,8,65.73
ID01144,Female,18,Psychology,79.1,4.0,3.52,8.0,6,3.74,8,74.53
ID01145,Male,20,Business,79.4,4.3,2.96,7.6,4,3.16,5,69.0
ID01146,Female,21,Engineering,58.4,2.8,3.0,6.0,9,2.82,6,65.49
ID01147,Female,21,Mathematics,70.3,7.6,3.46,7.8,5,3.7,6,85.75
ID01148,Female,24,Economics,73.4,2.9,3.0,7.0,10,3.12,7,66.74
ID01149,Female,22,Mathematics,100.0,3.6,2.13,7.6,12,2.51,7,60.36
ID01150,Female,22,Mathematics,87.9,2.7,3.34,9.1,9,3.51,8,80.78
ID01151,Female,19,Computer Science,94.9,3.1,2.69,5.2,6,3.0,5,65.63
ID01152,Female,24,Psychology,62.5,5.9,2.91,7.6,10,3.09,6,65.72
ID01153,Female,19,Engineering,100.0,1.6,3.83,7.2,12,3.86,6,75.54
ID01154,Female,21,Psychology,100.0,5.1,3.03,8.4,7,3.53,8,81.05
ID01155,Female,18,Computer Science,55.0,2.5,3.1,9.7,5,2.65,5,64.28
ID01156,Female,20,Engineering,74.4,1.7,3.35,9.6,15,3.21,6,75.32
ID01157,Male,19,Engineering,92.4,3.2,3.35,8.3,13,3.52,4,71.39
ID01158,Female,23,Business,94.7,9.2,2.64,6.1,8,3.09,8,82.75
ID01159,Female,19,Psychology,74.8,5.5,3.07,6.4,10,3.33,5,72.12
ID01160,Male,18,Psychology,80.4,3.1,3.12,8.1,6,3.4,5,71.62
ID01161,Female,18,Business,76.0,2.1,3.24,5.1,8,3.23,6,62.81
ID01162,Male,22,Mathematics,86.7,10.5,3.24,6.6,10,3.91,6,91.63
ID01163,Male,20,Computer Science,100.0,4.7,4.0,5.9,6,4.0,8,91.76
ID01164,Female,18,Psychology,73.4,4.0,2.51,5.2,3,2.58,6,60.75
ID01165,Male,24,Business,100.0,5.4,3.59,7.4,10,3.94,6,87.1
ID01166,Female,19,Engineering,73.3,5.7,3.69,8.2,4,3.53,4,78.17
ID01167,Female,19,Economics,72.3,2.9,3.35,7.9,10,3.49,4,68.2
ID01168,Male,21,Business,97.3,6.4,2.77,7.2,9,3.11,5,73.82
ID01169,Male,18,Economics,98.8,1.4,3.93,6.5,10,4.0,8,75.98
ID01170,Male,23,Mathematics,97.8,5.6,2.0,6.2,9,2.48,8,65.74
ID01171,Female,22,Computer Science,65.3,3.0,2.76,8.3,8,2.71,7,63.85
ID01172,Female,20,Economics,78.0,7.8,3.69,6.2,12,3.83,7,83.73
ID01173,Female,23,Mathematics,97.3,2.9,2.91,6.2,11,3.17,5,71.18
ID01174,Male,22,Economics,85.6,7.0,3.9,7.6,7,4.0,4,88.23
ID01175,Female,19,Engineering,68.9,4.8,2.34,5.5,9,2.21,4,59.98
ID01176,Male,23,Engineering,91.9,14.0,2.54,7.1,13,3.48,5,84.02
ID01177,Female,22,Engineering,74.3,6.3,2.83,6.2,6,2.83,5,67.44
ID01178,Male,19,Engineering,100.0,4.1,3.31,6.0,6,3.67,4,81.87
ID01179,Female,19,Business,100.0,1.1,2.99,6.6,5,3.21,5,68.12
ID01180,Male,19,Engineering,94.1,7.5,2.85,8.1,5,3.46,4,83.78
ID01181,Female,19,Engineering,100.0,7.7,3.81,7.3,8,4.0,7,92.93
ID01182,Male,24,Business,86.0,3.2,3.86,7.4,7,4.0,8,78.2
ID01183,Female,19,Engineering,96.5,2.5,2.89,8.1,7,3.2,7,72.54
ID01184,Female,21,Mathematics,100.0,6.6,2.25,7.9,7,2.85,6,71.03
ID01185,Male,23,Mathematics,88.7,4.7,2.02,6.7,7,2.22,6,61.53
ID01186,Female,22,Psychology,81.2,3.6,3.22,7.8,7,3.72,5,75.35
ID01187,Female,21,Mathematics,59.4,5.2,3.43,6.7,7,3.32,4,70.45
ID01188,Male,24,Computer Science,83.8,3.2,3.13,7.7,9,3.51,6,70.01
ID01189,Male,21,Computer Science,97.4,7.7,3.06,8.6,6,3.58,6,81.31
ID01190,Female,18,Computer Science,99.2,3.3,2.7,7.8,11,2.9,4,64.65
ID01191,Male,18,Business,92.6,6.6,3.43,5.1,8,3.62,6,82.72
ID01192,Female,18,Mathematics,76.9,4.1,3.94,6.3,14,3.89,5,85.61
ID01193,Male,20,Computer Science,55.3,4.9,1.99,8.0,6,1.9,4,51.7
ID01194,Female,18,Psychology,77.6,10.3,3.06,4.0,5,3.36,7,78.04
ID01195,Male,22,Business,80.4,2.9,2.61,7.5,7,2.85,6,57.12
ID01196,Female,21,Psychology,80.3,6.3,2.35,7.4,6,2.71,7,69.98
ID01197,Female,22,Mathematics,94.3,9.0,2.54,10.0,10,3.16,7,76.23
ID01198,Female,23,Engineering,100.0,6.2,3.29,7.6,5,3.73,8,80.7
ID01199,Female,18,Psychology,86.9,7.9,3.3,6.8,7,3.89,8,82.08
ID01200,Male,24,Engineering,81.7,4.4,3.83,8.7,12,3.91,7,77.46
ID01201,Female,20,Business,81.1,6.0,3.1,6.5,6,3.52,8,79.17
ID01202,Male,23,Psychology,86.9,7.0,2.22,7.1,2,2.53,6,65.07
ID01203,Male,24,Psychology,72.6,4.0,2.98,7.1,6,3.14,8,71.23
ID01204,Male,20,Economics,86.8,13.6,2.41,7.9,4,3.14,7,82.19
ID01205,Male,23,Business,91.8,2.3,2.5,5.6,7,2.53,7,66.21
ID01206,Female,21,Business,88.1,2.1,3.39,8.3,11,3.72,8,73.61
ID01207,Female,22,Computer Science,91.9,9.7,3.2,6.2,5,3.64,6,88.93
ID01208,Male,19,Mathematics,91.5,8.8,3.39,10.0,7,3.76,7,89.24
ID01209,Male,22,Psychology,58.4,2.6,2.92,4.7,6,2.4,5,61.82
ID01210,Female,18,Psychology,94.6,7.9,3.5,5.9,4,4.0,8,88.62
ID01211,Male,24,Business,74.9,5.3,2.89,4.0,9,2.99,7,68.36
ID01212,Male,19,Business,68.6,4.1,3.66,10.0,8,3.8,7,81.42
ID01213,Male,20,Mathematics,68.4,2.5,3.27,5.2,11,3.22,6,64.34
ID01214,Female,21,Business,91.5,3.8,3.0,8.1,6,3.13,8,71.74
ID01215,Female,21,Engineering,81.7,2.2,3.21,8.1,13,3.24,4,69.01
ID01216,Male,20,Engineering,59.8,3.4,3.09,5.6,10,2.81,4,65.44
ID01217,Male,18,Economics,92.2,2.2,3.9,8.2,7,4.0,6,79.79
ID01218,Female,20,Engineering,63.4,1.6,3.22,5.4,7,3.21,7,64.27
ID01219,Female,23,Engineering,87.1,8.0,3.1,5.8,5,3.66,8,79.89
ID01220,Male,24,Mathematics,88.6,3.6,2.98,4.7,6,3.33,6,65.58
ID01221,Female,24,Psychology,98.3,5.0,3.52,8.0,6,3.98,7,83.0
ID01222,Male,18,Engineering,100.0,2.8,3.45,4.1,12,3.73,6,74.74
ID01223,Male,19,Economics,64.5,3.5,2.96,7.6,11,2.83,8,58.62
ID01224,Female,20,Business,84.2,2.1,2.52,6.8,8,2.71,7,60.31
ID01225,Male,18,Engineering,80.9,9.7,2.65,9.6,10,3.17,6,77.53
ID01226,Female,24,Economics,91.5,0.8,3.01,7.0,10,3.27,8,67.44
ID01227,Male,19,Mathematics,88.2,6.7,3.77,8.3,5,4.0,4,88.99
ID01228,Male,20,Business,79.7,2.8,2.97,7.8,10,2.91,8,60.56
ID01229,Female,21,Economics,78.4,2.1,2.8,6.8,5,2.78,4,58.22
ID01230,Male,20,Engineering,68.3,1.5,2.22,8.7,9,2.0,5,56.52
ID01231,Female,22,Psychology,99.8,4.4,3.86,7.6,7,4.0,8,83.68
ID01232,Male,20,Business,91.9,6.2,3.38,8.3,8,3.93,7,83.68
ID01233,Male,22,Business,98.8,5.9,3.5,5.6,8,4.0,8,82.56
ID01234,Male,19,Psychology,80.3,3.1,3.58,7.8,7,3.7,7,75.74
ID01235,Female,20,Business,75.1,3.5,3.02,8.2,15,2.96,7,65.4
ID01236,Male,19,Engineering,68.8,2.1,3.14,5.4,12,3.08,5,66.26
ID01237,Female,19,Business,90.4,2.3,3.84,6.9,11,4.0,4,80.41
ID01238,Male,24,Engineering,69.4,8.0,3.19,4.4,9,3.28,4,75.87
ID01239,Female,18,Psychology,100.0,1.1,3.39,4.6,5,3.62,5,70.66
ID01240,Male,19,Computer Science,65.4,1.0,3.54,6.9,10,3.49,4,67.83
ID01241,Female,19,Psychology,89.1,2.6,3.42,9.7,7,3.5,6,70.86
ID01242,Female,24,Engineering,100.0,9.6,3.04,9.8,2,3.61,7,87.28
ID01243,Female,24,Mathematics,94.0,4.1,3.08,6.5,11,3.34,8,81.93
ID01244,Female,20,Psychology,87.6,13.7,3.49,5.6,8,4.0,6,100.0
ID01245,Female,24,Mathematics,70.5,3.3,3.49,8.4,4,3.51,8,74.37
ID01246,Female,20,Mathematics,64.3,6.0,3.68,4.0,11,3.65,8,78.42
ID01247,Male,21,Engineering,96.6,7.4,3.38,6.4,10,3.81,8,79.61
ID01248,Male,24,Engineering,100.0,12.3,3.4,5.9,7,4.0,6,92.38
ID01249,Female,18,Computer Science,78.4,2.7,2.88,6.9,11,2.87,5,68.45
ID01250,Female,19,Economics,67.9,4.0,2.81,9.1,4,2.62,8,61.24
ID01251,Female,18,Business,48.1,3.6,3.49,4.0,7,3.14,5,65.11
ID01252,Male,22,Psychology,70.3,6.3,2.81,7.5,12,3.04,6,68.32
ID01253,Male,24,Engineering,83.3,9.1,3.09,7.5,5,3.69,4,78.33
ID01254,Male,19,Psychology,100.0,9.0,3.79,6.9,8,4.0,7,91.43
ID01255,Female,18,Economics,95.1,2.7,3.71,7.4,10,3.94,7,80.04
ID01256,Male,24,Economics,89.6,2.3,3.25,7.8,8,3.67,4,69.01
ID01257,Male,24,Mathematics,79.0,5.9,2.95,7.2,4,2.99,5,69.89
ID01258,Male,21,Business,76.3,1.9,3.04,4.0,3,2.8,6,62.33
ID01259,Male,21,Computer Science,100.0,6.4,3.53,5.7,8,4.0,6,87.9
ID01260,Female,19,Psychology,88.0,4.0,3.08,9.4,13,3.15,8,71.65
ID01261,Male,22,Business,53.5,8.2,2.82,5.2,10,2.87,5,68.01
ID01262,Female,21,Computer Science,74.9,7.5,3.71,7.1,12,3.99,8,86.53
ID01263,Male,21,Psychology,72.1,4.4,3.19,5.9,2,3.28,6,70.26
ID01264,Male,22,Business,76.8,1.8,2.81,7.9,8,2.78,8,60.6
ID01265,Male,18,Engineering,93.4,1.9,3.34,6.7,6,3.7,5,74.49
ID01266,Male,21,Psychology,83.4,4.2,3.59,8.0,6,3.92,4,80.62
ID01267,Male,20,Business,83.8,5.3,2.6,7.6,6,3.05,4,66.86
ID01268,Male,23,Economics,100.0,3.3,3.0,6.4,9,3.38,5,73.09
ID01269,Female,23,Computer Science,74.6,2.2,2.98,4.0,6,3.0,8,61.68
ID01270,Male,21,Business,100.0,3.4,3.33,5.7,5,3.36,4,75.01
ID01271,Female,18,Engineering,74.9,8.3,3.42,5.2,7,3.43,5,84.66
ID01272,Female,24,Psychology,86.3,3.4,2.82,5.2,8,3.12,4,68.48
ID01273,Female,18,Psychology,80.8,2.7,2.35,7.8,10,2.57,8,59.28
ID01274,Male,19,Psychology,86.9,1.8,3.62,10.0,5,3.83,7,75.94
ID01275,Male,20,Engineering,91.7,3.9,2.54,4.0,6,2.68,7,65.79
ID01276,Male,18,Computer Science,91.5,7.5,3.24,4.7,9,3.72,7,84.51
ID01277,Male,22,Psychology,73.7,7.8,3.03,7.3,9,3.26,7,78.49
ID01278,Female,20,Computer Science,68.2,2.4,3.18,6.6,5,3.0,7,68.31
ID01279,Male,23,Business,100.0,4.4,3.93,7.7,8,4.0,4,87.54
ID01280,Male,20,Economics,77.7,2.5,4.0,6.9,12,4.0,8,83.59
ID01281,Female,22,Economics,95.5,3.2,2.28,9.0,5,2.6,7,62.31
ID01282,Female,21,Computer Science,60.9,3.8,3.59,7.9,8,3.71,7,74.08
ID01283,Female,22,Computer Science,80.8,2.9,3.02,8.3,11,3.02,5,68.37
ID01284,Male,22,Economics,83.1,0.3,3.62,8.5,7,3.69,8,71.89
ID01285,Male,21,Psychology,92.1,9.7,3.58,5.2,7,4.0,5,89.44
ID01286,Male,21,Mathematics,44.2,2.7,3.8,7.9,6,3.37,4,70.8
ID01287,Male,21,Mathematics,87.5,2.6,3.24,8.0,11,3.57,8,80.16
ID01288,Male,21,Engineering,67.8,2.4,2.66,6.5,9,2.8,5,57.2
ID01289,Male,21,Economics,89.9,1.4,3.56,6.5,6,3.88,4,74.44
ID01290,Male,22,Economics,69.5,9.9,3.16,6.5,10,3.52,7,79.29
ID01291,Male,19,Engineering,72.2,4.0,2.98,5.7,7,2.85,5,65.56
ID01292,Male,19,Mathematics,80.9,5.4,2.86,4.9,8,3.23,8,74.98
ID01293,Female,18,Business,69.2,5.0,3.6,10.0,9,3.69,6,74.78
ID01294,Female,19,Psychology,77.9,2.9,3.9,8.6,10,3.85,4,77.48
ID01295,Female,23,Psychology,67.1,4.0,2.5,7.0,8,2.65,8,54.39
ID01296,Male,19,Business,57.5,6.1,3.41,4.8,10,3.08,6,71.19
ID01297,Male,22,Business,100.0,1.5,2.91,7.8,11,3.14,5,62.89
ID01298,Male,21,Mathematics,65.6,3.2,2.37,6.5,8,2.4,7,57.28
ID01299,Female,21,Engineering,82.3,3.5,3.17,6.8,7,3.33,6,79.56
ID01300,Female,24,Business,96.3,2.8,2.68,10.0,9,2.74,4,65.42
ID01301,Male,24,Engineering,75.8,2.8,2.31,9.8,7,2.12,7,51.31
ID01302,Female,24,Computer Science,72.6,4.5,2.71,4.0,8,2.5,6,67.11
ID01303,Male,22,Psychology,88.4,8.5,2.59,7.5,7,3.06,7,72.53
ID01304,Male,23,Mathematics,100.0,5.2,2.78,7.2,10,3.2,8,77.52
ID01305,Female,19,Psychology,67.5,2.3,2.44,7.5,7,2.42,7,54.18
ID01306,Female,22,Mathematics,82.7,14.0,2.9,6.2,9,3.65,7,86.65
ID01307,Female,18,Computer Science,59.0,8.6,2.74,7.0,7,2.9,5,69.09
ID01308,Female,21,Psychology,79.1,3.0,3.29,5.4,6,3.18,5,73.29
ID01309,Male,24,Computer Science,85.5,8.6,3.4,8.6,3,3.93,6,84.64
ID01310,Female,20,Mathematics,72.2,4.5,3.23,8.5,8,3.02,8,69.97
ID01311,Male,18,Business,78.1,1.8,2.98,9.5,7,2.78,6,63.5
ID01312,Female,24,Psychology,63.9,8.0,2.97,5.8,12,3.14,5,69.0
ID01313,Male,23,Computer Science,86.2,2.3,2.68,7.4,9,2.87,7,64.19
ID01314,Female,18,Economics,100.0,5.4,2.69,10.0,7,2.88,8,67.43
ID01315,Male,22,Psychology,68.5,4.4,3.45,6.0,13,3.4,8,72.03
ID01316,Female,19,Psychology,75.7,5.6,2.22,5.5,6,2.24,5,62.93
ID01317,Male,21,Psychology,92.5,10.3,3.06,7.5,7,3.55,7,86.71
ID01318,Female,23,Engineering,100.0,3.9,2.94,8.7,6,3.08,6,75.0
ID01319,Male,23,Computer Science,62.6,1.8,3.4,6.0,3,3.43,6,65.8
ID01320,Male,20,Computer Science,82.5,2.6,2.39,9.9,9,2.46,5,62.2
ID01321,Male,18,Psychology,89.2,1.7,3.11,5.6,7,3.09,4,71.24
ID01322,Male,20,Business,83.5,1.3,3.27,8.0,7,3.32,5,69.78
ID01323,Female,19,Psychology,47.8,7.5,2.15,6.0,7,2.27,6,59.3
ID01324,Male,24,Engineering,92.5,4.3,2.56,6.3,9,2.76,8,69.18
ID01325,Female,19,Mathematics,100.0,3.7,3.05,8.2,4,3.26,8,73.02
ID01326,Male,24,Engineering,86.7,3.0,3.36,6.7,12,3.66,4,69.84
ID01327,Male,20,Business,69.5,6.5,3.19,4.7,11,3.45,7,75.5
ID01328,Female,21,Psychology,77.3,9.2,3.38,5.8,9,3.75,4,85.84
ID01329,Female,19,Computer Science,100.0,2.3,2.56,8.1,6,2.62,7,68.07
ID01330,Male,20,Economics,98.6,5.2,2.31,7.6,3,2.55,5,64.0
ID01331,Female,18,Psychology,94.6,7.2,3.14,8.1,10,3.53,6,78.51
ID01332,Female,20,Business,90.3,4.6,2.49,6.1,9,2.71,7,67.39
ID01333,Male,20,Computer Science,75.1,6.2,2.67,5.4,3,2.88,6,67.67
ID01334,Female,22,Engineering,82.0,1.8,3.57,5.8,4,3.79,8,67.53
ID01335,Female,19,Mathematics,83.8,9.3,3.19,5.9,4,3.88,6,84.54
ID01336,Female,21,Mathematics,93.2,6.5,2.82,6.9,11,3.32,8,69.52
ID01337,Male,21,Psychology,100.0,5.6,2.75,5.2,9,3.03,7,71.18
ID01338,Female,22,Engineering,100.0,6.9,3.41,8.6,4,3.81,5,89.74
ID01339,Male,24,Economics,63.7,3.3,3.21,7.8,14,3.09,7,72.14
ID01340,Male,23,Economics,88.4,2.0,2.49,5.7,7,2.63,6,56.69
ID01341,Male,24,Business,96.1,1.7,2.13,6.7,11,2.56,6,55.72
ID01342,Male,21,Mathematics,94.3,1.5,4.0,5.7,7,4.0,4,81.7
ID01343,Female,20,Engineering,75.6,5.2,2.49,6.8,7,2.42,4,68.88
ID01344,Female,22,Psychology,100.0,3.1,3.36,5.7,15,3.66,6,75.92
ID01345,Female,18,Computer Science,65.8,9.0,3.86,10.0,7,3.9,4,86.09
ID01346,Male,19,Psychology,68.8,8.0,3.17,4.6,7,3.28,8,81.43
ID01347,Male,19,Psychology,88.5,6.5,2.8,5.1,10,3.29,8,72.5
ID01348,Male,19,Engineering,100.0,5.7,2.39,6.6,8,2.68,7,71.43
ID01349,Female,20,Mathematics,72.5,2.6,2.38,7.1,6,2.28,7,51.62
ID01350,Male,18,Engineering,81.0,2.9,3.29,7.2,5,3.46,6,70.77
ID01351,Female,22,Computer Science,100.0,2.5,3.83,8.4,10,4.0,4,77.68
ID01352,Female,22,Engineering,84.7,2.0,2.9,7.7,9,3.01,5,61.88
ID01353,Male,19,Business,80.0,3.7,2.82,5.6,8,3.07,6,68.69
ID01354,Female,18,Psychology,93.5,7.1,3.45,8.6,12,3.77,8,84.86
ID01355,Male,18,Mathematics,89.1,3.6,2.76,7.9,10,3.09,5,66.47
ID01356,Female,18,Economics,100.0,2.5,3.24,9.1,7,3.28,6,72.3
ID01357,Female,21,Computer Science,100.0,3.6,3.12,7.1,8,3.55,5,74.44
ID01358,Male,21,Economics,89.6,4.4,2.9,8.6,6,3.23,4,71.98
ID01359,Male,19,Psychology,89.4,2.9,3.09,4.0,7,3.1,4,73.59
ID01360,Female,18,Engineering,88.2,3.8,3.98,6.3,7,4.0,5,76.5
ID01361,Female,23,Economics,92.3,14.0,3.4,5.6,6,4.0,4,95.33
ID01362,Male,18,Business,85.8,1.5,3.65,8.1,4,3.69,4,75.11
ID01363,Female,22,Engineering,85.0,0.8,2.64,5.9,3,2.65,5,58.85
ID01364,Female,22,Psychology,100.0,4.2,3.65,8.5,5,3.91,5,84.8
ID01365,Female,19,Economics,100.0,5.1,3.42,8.2,7,3.77,6,83.03
ID01366,Male,23,Computer Science,62.4,3.6,2.35,6.1,15,2.3,4,54.2
ID01367,Female,18,Economics,85.2,2.1,3.37,7.4,9,3.74,5,70.26
ID01368,Female,24,Economics,74.7,8.9,2.84,6.7,8,2.97,6,74.79
ID01369,Male,23,Mathematics,80.3,4.1,2.33,7.2,6,2.64,8,63.76
ID01370,Male,19,Economics,91.0,4.4,3.16,8.1,10,3.45,7,72.8
ID01371,Female,22,Psychology,95.0,6.4,3.37,6.5,10,3.96,8,82.7
ID01372,Male,24,Computer Science,83.3,3.6,3.18,4.5,8,3.56,5,72.3
ID01373,Female,22,Psychology,56.3,3.4,3.05,7.9,6,2.67,6,67.49
ID01374,Male,21,Business,70.5,8.9,2.93,8.6,5,3.02,6,74.81
ID01375,Male,19,Engineering,98.4,1.2,4.0,4.5,12,4.0,8,84.88
ID01376,Female,19,Economics,43.9,4.9,2.51,6.9,6,2.28,8,58.98
ID01377,Male,18,Mathematics,100.0,4.6,3.54,5.6,9,3.96,8,82.68
ID01378,Male,18,Computer Science,92.8,3.1,3.11,8.7,4,3.12,7,71.53
ID01379,Male,21,Mathematics,100.0,3.6,2.67,8.8,10,2.97,6,67.93
ID01380,Female,24,Mathematics,82.0,8.5,3.08,5.8,6,3.44,6,79.08
ID01381,Male,20,Mathematics,54.1,2.3,2.4,5.0,7,2.12,8,53.69
ID01382,Male,23,Economics,91.5,6.2,2.8,7.4,9,3.19,5,74.47
ID01383,Female,20,Computer Science,100.0,4.0,3.08,5.3,1,3.35,5,76.06
ID01384,Male,20,Computer Science,98.9,5.8,2.32,8.3,4,2.59,8,64.85
ID01385,Female,19,Mathematics,75.1,5.1,3.35,6.8,10,3.43,5,72.14
ID01386,Male,23,Engineering,86.3,0.8,2.62,9.4,9,2.72,5,65.63
ID01387,Female,19,Economics,77.0,2.3,2.37,9.5,14,2.33,6,55.9
ID01388,Male,23,Economics,72.7,2.5,2.56,9.3,7,2.28,5,56.05
ID01389,Female,22,Psychology,99.3,2.1,4.0,7.6,15,4.0,8,88.32
ID01390,Male,19,Economics,67.0,2.8,2.11,5.6,4,2.06,8,52.21
ID01391,Male,19,Mathematics,71.6,4.4,3.32,4.8,10,3.33,5,74.08
ID01392,Male,19,Business,68.4,6.8,2.72,7.9,11,3.02,6,67.69
ID01393,Male,24,Mathematics,62.6,1.7,2.92,8.0,12,3.01,8,58.24
ID01394,Male,21,Computer Science,87.2,4.1,3.4,7.4,16,3.29,7,76.24
ID01395,Male,19,Economics,100.0,4.8,3.38,5.0,6,3.76,5,76.93
ID01396,Female,18,Economics,82.2,7.5,2.76,5.8,9,3.1,6,73.24
ID01397,Male,18,Psychology,62.4,9.5,2.42,7.1,8,2.74,7,68.76
ID01398,Male,23,Business,97.6,3.5,3.41,6.1,15,3.79,7,83.84
ID01399,Female,22,Economics,100.0,2.1,3.38,5.8,6,3.4,4,75.93
ID01400,Female,21,Psychology,75.3,4.9,2.96,5.6,10,2.89,5,62.32
ID01401,Male,24,Psychology,77.8,2.2,3.32,6.8,5,3.47,8,69.22
ID01402,Male,23,Business,92.7,4.7,2.88,6.7,8,3.12,5,80.39
ID01403,Male,18,Mathematics,100.0,2.5,2.69,5.8,8,2.7,5,69.59
ID01404,Female,21,Mathematics,77.2,5.4,3.1,7.0,12,3.35,5,70.29
ID01405,Female,21,Mathematics,65.0,2.6,3.36,7.4,15,3.31,4,69.42
ID01406,Male,22,Engineering,94.5,9.0,3.25,7.5,5,3.92,4,84.09
ID01407,Female,21,Mathematics,97.0,4.0,3.35,5.6,6,3.52,5,74.25
ID01408,Female,19,Business,85.1,1.3,2.72,6.5,8,2.81,8,60.23
ID01409,Female,21,Engineering,76.6,6.9,3.89,7.0,6,3.97,4,86.71
ID01410,Female,22,Mathematics,99.9,3.6,2.93,7.2,6,3.14,5,66.85
ID01411,Male,23,Engineering,92.9,5.6,3.04,5.0,6,3.27,4,72.78
ID01412,Male,22,Business,73.5,6.9,2.44,6.5,15,2.52,6,65.76
ID01413,Male,24,Mathematics,85.7,4.2,3.0,7.9,5,3.49,5,69.85
ID01414,Male,22,Computer Science,64.7,1.6,3.37,6.1,1,3.31,7,66.9
ID01415,Male,18,Economics,95.3,4.4,3.48,7.5,10,3.77,6,76.83
ID01416,Female,19,Business,81.1,8.3,3.88,7.0,7,4.0,7,92.37
ID01417,Male,18,Psychology,78.5,3.8,3.36,6.3,7,3.58,7,69.87
ID01418,Male,23,Psychology,84.5,5.1,3.24,8.9,8,3.42,6,80.8
ID01419,Male,20,Business,85.6,2.3,2.88,6.5,9,3.3,8,60.45
ID01420,Female,23,Psychology,98.4,1.4,2.77,6.7,7,3.08,6,62.21
ID01421,Male,19,Business,93.9,3.6,3.59,6.3,12,3.97,8,81.29
ID01422,Male,21,Computer Science,82.7,4.1,3.58,9.2,11,3.88,8,83.09
ID01423,Male,22,Business,96.5,7.4,2.56,9.1,8,2.95,6,75.07
ID01424,Male,20,Mathematics,91.0,4.2,3.46,8.7,7,3.7,7,80.41
ID01425,Female,19,Mathematics,78.6,7.1,3.43,8.3,7,3.65,5,81.07
ID01426,Female,18,Engineering,83.1,3.0,2.54,5.7,8,2.86,8,58.62
ID01427,Male,22,Psychology,82.8,1.5,3.37,6.3,9,3.62,7,68.57
ID01428,Female,23,Economics,92.6,5.3,2.58,5.8,12,3.0,8,65.59
ID01429,Female,18,Psychology,79.5,8.8,1.89,8.5,5,2.2,5,59.63
ID01430,Female,19,Business,79.1,2.8,3.02,10.0,7,2.84,7,68.11
ID01431,Male,19,Economics,100.0,5.7,3.23,8.0,6,3.71,6,77.44
ID01432,Male,23,Economics,99.1,5.9,3.04,9.5,6,3.36,4,79.33
ID01433,Male,20,Psychology,73.6,1.4,4.0,7.7,2,3.76,4,72.29
ID01434,Female,23,Economics,93.6,3.5,3.29,7.5,6,3.67,6,76.53
ID01435,Male,21,Economics,86.8,6.0,3.17,6.1,7,3.65,5,75.82
ID01436,Male,18,Mathematics,90.9,4.9,3.31,7.9,4,3.55,4,82.26
ID01437,Male,20,Computer Science,87.1,6.0,2.88,8.4,2,3.06,6,74.35
ID01438,Female,22,Business,100.0,5.5,3.56,8.6,4,3.78,7,88.66
ID01439,Male,24,Psychology,90.2,3.8,3.28,7.2,5,3.75,5,72.98
ID01440,Female,21,Mathematics,84.1,4.1,3.26,7.3,2,3.44,8,74.22
ID01441,Female,20,Engineering,100.0,7.3,2.79,6.9,9,3.29,7,75.02
ID01442,Male,24,Economics,88.5,4.4,2.32,6.2,10,2.56,6,61.58
ID01443,Female,24,Economics,86.8,2.5,2.85,8.3,6,2.93,8,65.1
ID01444,Male,18,Psychology,89.7,3.6,3.24,4.2,9,3.58,6,72.0
ID01445,Female,19,Computer Science,83.6,5.1,2.88,4.5,10,3.33,4,67.05
ID01446,Male,22,Computer Science,85.1,7.0,3.25,6.2,7,3.78,4,75.72
ID01447,Female,23,Psychology,76.2,1.4,2.98,5.1,7,2.95,8,55.81
ID01448,Female,18,Psychology,73.7,3.4,3.32,8.6,8,3.38,8,67.71
ID01449,Female,21,Mathematics,70.0,6.7,2.61,6.3,5,2.68,7,68.67
ID01450,Female,24,Psychology,64.1,2.3,3.2,8.3,6,3.12,4,59.83
ID01451,Male,21,Engineering,71.8,2.3,2.78,9.0,5,2.76,5,56.67
ID01452,Female,24,Mathematics,82.4,4.0,2.33,7.1,7,2.7,4,66.01
ID01453,Female,19,Economics,86.5,1.3,3.02,7.5,10,3.36,4,63.84
ID01454,Female,19,Economics,80.9,10.2,3.87,8.8,6,4.0,5,94.8
ID01455,Male,22,Economics,49.7,5.1,2.37,8.5,7,1.99,6,57.14
ID01456,Female,23,Economics,100.0,5.7,3.16,4.0,8,3.57,4,81.84
ID01457,Female,22,Business,100.0,7.6,3.5,6.4,7,4.0,8,83.76
ID01458,Female,19,Engineering,91.7,13.4,4.0,7.8,5,4.0,6,100.0
ID01459,Male,19,Mathematics,100.0,3.8,2.85,7.3,8,3.03,5,66.93
ID01460,Female,21,Mathematics,70.3,1.4,2.78,5.5,8,2.45,6,65.94
ID01461,Male,19,Economics,100.0,4.8,2.52,4.4,9,2.94,7,64.47
ID01462,Female,20,Computer Science,70.5,2.4,3.67,7.9,6,3.61,5,69.74
ID01463,Male,24,Mathematics,88.6,1.8,2.67,5.7,2,2.7,4,59.34
ID01464,Female,18,Engineering,65.9,2.9,2.91,6.8,8,2.74,4,57.8
ID01465,Female,19,Psychology,85.2,3.8,2.18,7.2,3,2.43,8,62.93
ID01466,Male,22,Engineering,90.8,7.7,3.54,6.8,8,3.99,4,94.04
ID01467,Female,23,Economics,82.7,10.3,3.68,5.6,7,4.0,7,90.45
ID01468,Male,24,Economics,95.7,2.0,3.52,6.9,7,3.9,5,72.36
ID01469,Female,24,Business,86.5,3.1,2.3,6.2,12,2.44,7,52.74
ID01470,Female,23,Mathematics,77.2,5.6,3.4,9.5,5,3.53,4,76.52
ID01471,Female,23,Mathematics,76.5,6.0,2.26,7.3,5,2.44,8,61.25
ID01472,Female,24,Mathematics,97.2,2.2,3.13,10.0,6,3.18,7,69.78
ID01473,Female,20,Economics,75.2,6.7,3.2,5.0,17,3.08,6,76.86
ID01474,Male,22,Mathematics,98.7,2.5,3.26,6.5,9,3.35,5,75.69
ID01475,Male,20,Computer Science,100.0,2.1,3.37,6.5,6,3.72,8,76.51
ID01476,Female,19,Computer Science,60.0,5.5,3.1,5.8,8,3.28,5,67.68
ID01477,Female,18,Psychology,100.0,7.8,2.12,6.5,11,2.81,6,66.45
ID01478,Female,23,Mathematics,100.0,4.8,3.37,6.3,4,3.87,5,82.93
ID01479,Female,22,Business,88.8,4.3,3.15,5.5,7,3.59,5,74.15
ID01480,Male,23,Psychology,94.0,3.8,2.65,9.7,10,2.97,6,70.2
ID01481,Female,20,Economics,100.0,4.2,2.32,6.9,12,2.75,4,67.67
ID01482,Male,21,Mathematics,80.9,3.5,3.87,8.4,7,3.91,4,76.17
ID01483,Male,19,Computer Science,87.7,5.5,3.72,8.5,6,3.91,5,79.77
ID01484,Male,18,Business,65.3,4.2,3.45,9.1,10,3.52,4,69.9
ID01485,Male,19,Psychology,87.1,12.9,2.76,5.5,4,3.65,6,82.36
ID01486,Male,21,Business,92.5,4.9,1.84,8.9,7,2.22,8,60.49
ID01487,Male,18,Mathematics,92.7,3.5,3.48,6.9,10,3.84,4,79.08
ID01488,Female,21,Engineering,100.0,2.0,3.28,10.0,5,3.3,4,77.4
ID01489,Male,19,Business,73.4,2.2,2.91,7.8,10,3.05,4,63.95
ID01490,Male,20,Business,77.0,5.0,3.66,5.3,4,3.72,6,80.2
ID01491,Male,24,Economics,100.0,2.8,3.52,8.9,7,3.71,5,82.6
ID01492,Male,19,Computer Science,82.7,4.5,3.19,8.7,10,3.61,6,74.95
ID01493,Male,19,Mathematics,88.0,8.0,3.12,5.1,12,3.75,4,81.1
ID01494,Male,19,Business,84.0,1.8,3.13,8.1,13,3.22,5,72.08
ID01495,Female,22,Mathematics,72.7,3.6,3.44,9.4,6,3.38,6,73.02
ID01496,Female,21,Computer Science,100.0,0.6,2.67,7.7,8,2.7,6,62.0
ID01497,Female,21,Economics,77.1,1.4,3.31,5.5,8,3.31,6,65.07
ID01498,Male,23,Mathematics,68.1,4.6,2.64,8.5,11,2.47,7,64.63
ID01499,Male,21,Computer Science,78.2,1.5,3.77,8.0,9,3.87,6,78.1
ID01500,Female,23,Computer Science,55.0,1.7,3.37,6.7,13,2.88,8,63.34
ID01501,Male,22,Psychology,75.2,9.7,2.76,6.3,9,3.26,6,80.07
ID01502,Male,20,Economics,70.5,2.7,3.14,8.0,6,3.11,5,60.29
ID01503,Male,23,Economics,94.3,2.1,2.67,5.6,11,2.86,5,64.32
ID01504,Male,19,Mathematics,74.9,8.0,3.85,7.3,10,3.91,5,87.54
ID01505,Male,20,Engineering,98.3,2.1,3.91,8.8,3,4.0,6,80.36
ID01506,Male,24,Psychology,100.0,4.9,3.45,9.3,12,3.74,5,89.39
ID01507,Female,22,Economics,96.7,5.0,3.88,6.2,9,4.0,8,87.33
ID01508,Male,21,Computer Science,81.8,6.5,3.18,4.6,9,3.62,6,75.95
ID01509,Female,23,Economics,87.1,1.9,3.48,5.9,4,3.76,8,73.5
ID01510,Female,19,Engineering,62.1,2.3,3.71,8.2,11,3.38,7,65.13
ID01511,Female,18,Business,83.0,2.7,3.1,5.9,9,3.28,5,66.5
ID01512,Female,24,Business,72.1,2.4,3.14,8.6,10,2.82,5,68.95
ID01513,Female,18,Economics,95.4,6.3,3.57,5.9,8,4.0,7,83.65
ID01514,Male,20,Economics,100.0,5.0,3.42,6.2,11,3.68,5,79.54
ID01515,Male,21,Psychology,92.5,5.4,2.72,6.7,6,2.96,5,75.25
ID01516,Male,18,Economics,55.1,1.3,2.01,8.4,8,1.67,8,48.03
ID01517,Female,20,Engineering,79.6,4.5,3.01,4.6,6,2.96,6,71.84
ID01518,Female,22,Economics,86.8,8.7,2.05,7.4,9,2.47,4,65.92
ID01519,Male,20,Mathematics,86.3,12.0,2.6,7.4,7,3.41,6,80.61
ID01520,Female,24,Engineering,74.0,3.0,2.66,5.5,6,2.64,6,58.66
ID01521,Male,20,Psychology,88.7,6.6,2.82,7.5,5,3.33,8,71.17
ID01522,Female,24,Mathematics,66.4,2.4,3.51,6.7,6,3.41,7,66.53
ID01523,Male,20,Mathematics,70.8,1.4,3.62,5.3,4,3.41,4,68.42
ID01524,Male,19,Business,94.7,1.5,3.35,6.9,7,3.76,4,69.63
ID01525,Male,20,Engineering,69.8,8.1,3.42,5.4,11,3.59,7,75.98
ID01526,Male,23,Mathematics,93.1,3.1,3.43,6.0,6,3.69,4,77.3
ID01527,Male,20,Psychology,64.5,2.7,1.85,8.3,6,1.82,5,47.67
ID01528,Male,19,Business,100.0,6.1,3.11,6.5,12,3.4,4,85.06
ID01529,Female,19,Mathematics,73.4,1.7,2.2,8.3,3,1.95,4,49.99
ID01530,Male,22,Engineering,81.6,5.3,3.35,6.8,8,3.66,8,77.95
ID01531,Male,24,Business,90.0,3.5,2.05,5.6,8,2.35,4,58.63
ID01532,Female,21,Engineering,76.5,11.3,3.01,7.7,7,3.47,4,82.35
ID01533,Female,18,Engineering,87.2,3.1,3.37,7.8,7,3.78,8,76.57
ID01534,Male,18,Engineering,93.6,3.7,2.54,5.2,7,2.75,4,68.05
ID01535,Male,20,Business,99.4,1.4,3.58,8.7,13,3.57,8,77.86
ID01536,Male,22,Mathematics,96.9,12.3,3.35,9.3,11,3.89,4,94.12
ID01537,Male,20,Economics,82.4,3.2,3.29,7.9,11,3.76,4,71.16
ID01538,Female,18,Computer Science,82.8,9.9,3.45,7.1,4,3.92,4,83.83
ID01539,Male,24,Mathematics,100.0,1.1,2.92,10.0,7,3.06,7,64.93
ID01540,Male,24,Business,99.2,4.7,3.18,7.8,9,3.46,7,76.06
ID01541,Female,24,Computer Science,71.2,11.6,3.11,7.3,10,3.43,6,80.39
ID01542,Male,19,Computer Science,86.5,2.7,3.09,9.5,5,3.11,5,70.83
ID01543,Female,21,Computer Science,80.0,4.5,2.76,9.4,10,3.23,4,70.54
ID01544,Male,22,Economics,83.0,8.2,2.48,4.8,10,2.76,6,68.53
ID01545,Female,19,Psychology,66.6,3.2,2.93,6.2,11,2.8,5,64.19
ID01546,Male,21,Business,78.8,1.4,2.9,7.9,10,2.77,6,59.27
ID01547,Female,22,Economics,100.0,2.9,2.73,8.8,3,2.91,7,67.42
ID01548,Female,22,Economics,93.7,4.8,3.53,5.3,4,4.0,8,79.49
ID01549,Male,18,Psychology,47.6,4.7,2.51,8.4,1,2.09,6,57.62
ID01550,Female,19,Computer Science,100.0,5.9,3.01,6.4,8,3.54,4,76.15
ID01551,Female,22,Psychology,100.0,2.3,3.68,8.1,17,3.61,5,83.23
ID01552,Female,23,Psychology,79.6,11.1,3.55,6.1,5,3.96,8,90.18
ID01553,Female,24,Economics,95.8,2.3,3.71,4.0,7,3.78,6,77.61
ID01554,Female,22,Business,72.1,4.2,2.8,4.3,6,2.62,7,61.17
ID01555,Male,21,Engineering,77.9,4.9,3.49,5.3,8,3.36,6,78.02
ID01556,Male,18,Psychology,100.0,4.6,2.57,6.1,9,2.89,4,72.22
ID01557,Female,20,Psychology,80.9,1.9,2.96,7.0,7,3.06,8,65.54
ID01558,Male,24,Computer Science,57.0,8.3,3.01,6.2,8,3.17,7,78.95
ID01559,Female,18,Computer Science,84.1,2.8,2.81,6.9,10,3.08,8,69.55
ID01560,Female,20,Economics,83.8,5.1,2.92,6.3,7,3.34,8,70.38
ID01561,Male,19,Computer Science,100.0,4.5,2.85,7.0,12,3.27,5,72.23
ID01562,Male,19,Mathematics,85.2,4.5,2.61,8.4,9,2.76,5,67.6
ID01563,Female,22,Psychology,78.7,1.3,3.53,7.0,8,3.44,5,68.3
ID01564,Male,23,Computer Science,100.0,2.7,3.01,7.8,9,3.12,8,75.29
ID01565,Female,19,Business,86.8,5.1,3.2,8.1,4,3.69,6,76.98
ID01566,Male,22,Mathematics,73.7,1.4,3.18,6.8,9,3.09,6,65.72
ID01567,Female,24,Economics,100.0,3.5,3.13,4.3,6,3.17,8,77.1
ID01568,Male,18,Engineering,87.9,4.3,3.15,7.4,9,3.55,7,79.06
ID01569,Female,19,Psychology,85.0,5.8,2.95,6.0,10,3.23,8,73.93
ID01570,Male,18,Psychology,87.7,4.2,3.81,8.3,11,4.0,8,82.37
ID01571,Female,18,Business,68.9,3.6,3.48,9.0,7,3.59,4,76.8
ID01572,Male,23,Engineering,77.1,4.6,3.11,6.6,9,3.36,5,74.14
ID01573,Female,19,Engineering,85.1,3.4,2.88,7.2,4,3.17,7,66.71
ID01574,Female,18,Economics,82.1,2.2,3.04,8.0,3,3.39,8,66.74
ID01575,Male,23,Economics,100.0,2.9,3.31,5.8,8,3.37,4,76.9
ID01576,Male,23,Mathematics,88.3,5.0,3.85,7.0,9,4.0,5,86.1
ID01577,Male,19,Psychology,97.8,3.6,2.41,4.7,8,2.77,6,60.72
ID01578,Female,23,Computer Science,85.1,14.0,3.43,8.6,10,4.0,7,91.81
ID01579,Female,19,Economics,100.0,1.8,3.66,9.5,7,3.96,4,76.26
ID01580,Male,19,Business,91.0,5.0,2.36,7.1,4,2.93,7,62.31
ID01581,Male,20,Business,85.2,5.4,3.01,5.9,7,3.27,5,71.56
ID01582,Male,18,Business,84.8,4.2,2.57,7.4,10,2.86,5,66.84
ID01583,Female,21,Economics,70.7,3.3,3.32,5.1,10,3.21,6,69.42
ID01584,Male,19,Economics,92.6,3.9,2.92,6.3,8,3.33,6,71.69
ID01585,Female,18,Business,84.4,4.0,3.03,6.4,8,3.18,7,67.09
ID01586,Male,24,Economics,77.5,9.3,2.89,6.2,7,3.22,5,76.33
ID01587,Female,23,Computer Science,100.0,1.1,3.46,7.3,6,3.47,8,76.54
ID01588,Male,22,Computer Science,66.2,2.2,3.21,7.7,9,3.15,4,66.87
ID01589,Male,19,Mathematics,78.7,4.6,3.22,7.0,15,3.13,8,70.98
ID01590,Female,23,Psychology,100.0,7.2,3.18,8.4,10,3.61,4,83.61
ID01591,Female,23,Computer Science,89.7,2.3,3.39,7.6,11,3.58,7,80.23
ID01592,Female,23,Mathematics,84.3,1.9,2.97,6.3,8,3.21,5,65.66
ID01593,Male,23,Engineering,88.8,3.7,3.95,6.8,5,4.0,5,81.83
ID01594,Male,23,Psychology,87.7,2.2,2.48,6.9,7,2.68,4,59.9
ID01595,Female,19,Computer Science,62.3,3.7,2.24,6.4,8,2.36,7,54.05
ID01596,Female,24,Engineering,79.8,2.2,2.2,7.8,8,2.23,4,54.15
ID01597,Male,21,Mathematics,100.0,5.8,2.06,4.0,11,2.55,7,64.83
ID01598,Male,20,Computer Science,75.1,2.3,3.44,7.0,4,3.34,7,66.34
ID01599,Male,23,Computer Science,80.2,1.2,3.38,7.5,8,3.41,8,66.04
ID01600,Female,23,Economics,76.9,5.8,3.7,7.9,9,4.0,7,81.25
ID01601,Male,20,Engineering,83.7,4.0,2.57,8.7,5,2.76,5,63.77
ID01602,Male,24,Computer Science,76.3,3.1,3.47,6.8,8,3.35,7,71.29
ID01603,Male,24,Business,92.3,3.1,3.13,8.2,8,3.5,8,71.78
ID01604,Male,19,Economics,88.0,4.3,3.18,7.9,7,3.42,5,74.51
ID01605,Male,18,Economics,96.6,1.9,3.41,7.4,9,3.67,4,77.51
ID01606,Male,22,Computer Science,69.2,1.5,2.72,4.9,8,2.65,8,57.4
ID01607,Male,22,Economics,79.9,2.3,4.0,8.6,11,3.96,4,80.77
ID01608,Female,18,Psychology,81.6,3.3,3.77,7.1,4,3.9,6,77.21
ID01609,Male,19,Engineering,91.8,2.2,2.83,6.6,9,2.97,5,67.98
ID01610,Male,22,Psychology,73.1,9.2,2.55,5.3,8,2.92,4,72.86
ID01611,Female,24,Mathematics,98.7,2.3,3.06,4.0,4,3.25,7,73.95
ID01612,Female,20,Psychology,100.0,4.1,3.19,9.9,10,3.52,4,79.2
ID01613,Male,18,Business,70.2,5.2,3.63,7.5,5,3.7,7,79.63
ID01614,Male,24,Economics,77.6,7.7,2.52,5.3,7,2.75,7,69.15
ID01615,Male,21,Economics,77.0,10.1,3.24,5.1,10,3.41,4,84.73
ID01616,Female,19,Business,100.0,12.2,2.34,6.6,6,2.99,4,84.77
ID01617,Female,18,Economics,78.6,7.5,3.32,8.2,4,3.64,7,78.34
ID01618,Female,22,Psychology,100.0,6.8,3.05,7.9,6,3.4,6,78.65
ID01619,Female,19,Mathematics,66.0,2.0,4.0,8.0,11,4.0,4,76.04
ID01620,Female,20,Computer Science,70.2,5.4,2.33,5.7,11,2.52,8,61.63
ID01621,Male,19,Business,74.7,3.4,3.79,6.7,11,3.9,5,75.12
ID01622,Male,19,Psychology,72.3,3.4,2.25,7.2,9,2.3,4,55.59
ID01623,Female,20,Psychology,81.0,3.1,2.44,6.9,8,2.55,8,59.72
ID01624,Female,23,Psychology,74.4,2.0,2.26,7.8,10,2.26,4,47.03
ID01625,Male,20,Computer Science,72.7,2.8,3.23,9.4,6,3.23,6,67.53
ID01626,Female,24,Engineering,100.0,2.2,2.51,7.3,5,2.86,8,63.44
ID01627,Male,19,Economics,100.0,1.1,2.43,6.1,11,2.5,6,60.13
ID01628,Male,20,Economics,99.2,8.3,3.2,4.8,8,3.68,6,89.65
ID01629,Male,23,Mathematics,92.9,4.0,3.33,7.3,8,3.7,5,73.37
ID01630,Male,24,Engineering,86.4,4.1,3.12,6.0,8,3.54,4,70.23
ID01631,Female,18,Economics,77.5,3.8,3.02,7.6,9,3.19,6,60.66
ID01632,Male,20,Mathematics,70.7,7.1,4.0,7.5,7,4.0,8,85.43
ID01633,Female,20,Mathematics,90.4,4.4,3.17,9.3,4,3.3,4,73.8
ID01634,Female,19,Psychology,67.4,8.5,3.5,7.3,7,3.58,8,80.45
ID01635,Female,24,Business,70.1,5.7,3.17,7.7,9,3.16,6,75.84
ID01636,Male,18,Psychology,100.0,2.5,2.55,6.0,5,2.64,6,67.64
ID01637,Male,21,Computer Science,100.0,7.8,3.37,4.9,9,3.78,4,87.17
ID01638,Male,21,Economics,90.9,4.8,2.77,8.6,6,2.97,7,69.3
ID01639,Female,22,Mathematics,100.0,3.8,3.05,8.8,12,3.09,4,77.62
ID01640,Female,20,Business,81.3,6.7,3.25,6.5,5,3.57,5,78.35
ID01641,Male,20,Economics,64.9,4.1,2.13,4.1,9,2.04,7,51.26
ID01642,Female,18,Mathematics,94.2,6.0,2.3,9.0,2,2.83,4,62.03
ID01643,Male,23,Mathematics,93.5,1.8,3.55,8.8,11,3.89,6,74.46
ID01644,Female,21,Psychology,86.1,4.1,2.77,6.8,8,2.95,6,70.08
ID01645,Male,22,Business,81.4,2.6,2.79,8.6,10,3.1,4,70.74
ID01646,Female,18,Business,99.4,12.0,3.18,6.9,11,3.92,5,92.76
ID01647,Male,20,Economics,70.2,8.2,2.91,7.3,8,3.22,5,71.67
ID01648,Female,21,Mathematics,73.4,4.5,3.31,4.6,11,3.29,7,69.31
ID01649,Female,24,Business,69.9,7.8,3.07,8.8,9,3.38,8,76.94
ID01650,Female,22,Business,86.3,2.6,3.2,4.4,8,3.37,8,65.48
ID01651,Male,19,Economics,68.7,3.0,2.75,9.6,11,2.52,4,62.64
ID01652,Male,21,Psychology,74.7,0.9,3.2,9.7,7,3.11,4,66.93
ID01653,Male,22,Engineering,74.4,5.8,3.65,4.0,8,3.7,4,81.7
ID01654,Male,18,Computer Science,81.1,0.8,2.82,9.3,8,2.76,6,59.99
ID01655,Male,19,Engineering,62.7,2.8,3.56,6.6,14,3.53,4,71.92
ID01656,Female,22,Business,86.3,1.7,3.07,7.6,7,3.38,5,67.7
ID01657,Female,22,Mathematics,100.0,7.0,3.47,4.9,8,3.79,8,84.38
ID01658,Male,20,Computer Science,87.0,11.3,3.16,6.5,7,4.0,8,93.35
ID01659,Male,23,Computer Science,100.0,6.4,3.08,5.2,10,3.59,8,79.09
ID01660,Male,21,Mathematics,100.0,5.7,3.27,5.8,8,3.63,5,83.69
ID01661,Female,20,Computer Science,96.7,4.6,3.71,8.8,5,3.81,7,77.13
ID01662,Male,24,Mathematics,86.1,4.3,3.22,8.5,4,3.52,7,78.23
ID01663,Female,19,Computer Science,85.3,2.3,3.34,8.2,4,3.47,4,76.26
ID01664,Male,23,Economics,96.5,1.3,2.92,6.2,11,3.22,6,66.96
ID01665,Female,22,Economics,79.1,4.3,3.89,6.0,8,3.86,6,83.54
ID01666,Female,20,Engineering,56.8,4.9,3.42,4.5,7,3.16,5,72.7
ID01667,Male,23,Computer Science,92.4,4.9,3.14,8.0,6,3.56,7,74.15
ID01668,Female,24,Psychology,68.0,5.3,3.04,9.9,4,3.07,7,71.04
ID01669,Male,21,Mathematics,70.6,6.1,3.59,9.2,4,3.49,6,76.79
ID01670,Female,24,Computer Science,85.0,4.2,2.8,7.0,9,3.16,7,66.32
ID01671,Male,19,Economics,83.6,2.2,2.21,7.7,10,2.49,7,59.07
ID01672,Female,18,Economics,63.8,5.2,3.14,7.4,7,3.42,6,72.45
ID01673,Female,20,Mathematics,87.5,5.9,3.7,8.4,9,4.0,5,82.43
ID01674,Female,19,Psychology,99.5,3.3,3.9,9.6,12,4.0,7,82.9
ID01675,Female,18,Computer Science,68.1,5.9,3.05,6.1,8,3.22,7,68.83
ID01676,Male,20,Computer Science,100.0,4.3,3.12,6.2,12,3.36,8,78.7
ID01677,Male,19,Psychology,61.6,2.0,3.36,6.6,14,3.18,4,62.6
ID01678,Male,24,Psychology,100.0,13.5,2.97,7.0,9,3.89,6,93.91
ID01679,Male,19,Psychology,78.8,3.2,3.36,8.1,8,3.28,8,74.54
ID01680,Female,23,Economics,87.2,2.1,3.06,6.9,5,3.47,6,67.81
ID01681,Male,24,Mathematics,56.6,2.6,3.61,5.7,6,3.35,8,72.02
ID01682,Female,20,Psychology,84.1,0.6,3.46,5.7,7,3.46,4,68.89
ID01683,Female,19,Mathematics,88.4,3.4,3.51,5.2,10,3.57,4,76.52
ID01684,Female,22,Engineering,83.7,8.4,3.0,6.8,5,3.51,7,76.04
ID01685,Male,20,Computer Science,76.6,4.5,4.0,8.6,6,3.8,5,86.2
ID01686,Female,19,Computer Science,70.8,2.4,3.34,7.6,10,3.42,6,66.13
ID01687,Female,23,Business,100.0,3.9,3.22,7.8,6,3.42,6,78.12
ID01688,Male,18,Engineering,85.5,0.9,2.72,5.4,6,2.96,6,60.36
ID01689,Female,18,Psychology,100.0,3.9,3.05,5.2,2,3.26,8,71.58
ID01690,Female,22,Psychology,77.1,3.3,3.16,7.3,8,3.09,4,67.5
ID01691,Male,20,Economics,78.5,6.8,2.71,8.9,8,2.8,7,74.64
ID01692,Male,23,Engineering,97.2,4.9,2.95,8.3,8,3.29,8,75.27
ID01693,Male,19,Psychology,60.7,2.1,3.02,6.0,11,3.06,7,57.87
ID01694,Male,19,Business,66.8,6.7,3.13,10.0,8,3.15,5,74.05
ID01695,Male,18,Mathematics,100.0,8.0,2.22,4.0,7,2.86,4,71.09
ID01696,Male,23,Computer Science,67.4,5.0,3.03,7.0,6,3.1,7,78.87
ID01697,Male,24,Engineering,57.7,3.5,2.91,7.2,7,2.77,6,62.29
ID01698,Male,22,Computer Science,100.0,2.9,3.09,6.7,11,3.2,4,72.15
ID01699,Female,18,Mathematics,64.1,9.5,3.62,7.8,9,4.0,5,89.06
ID01700,Male,18,Engineering,87.8,4.8,4.0,6.7,7,4.0,8,81.03
ID01701,Female,22,Mathematics,86.0,4.2,3.44,4.8,4,3.76,5,77.48
ID01702,Male,20,Psychology,42.8,1.8,2.48,6.9,6,2.07,4,54.38
ID01703,Male,19,Psychology,81.0,2.3,2.93,7.2,15,3.21,7,64.79
ID01704,Male,20,Psychology,91.7,1.5,3.4,8.4,15,3.7,4,67.48
ID01705,Male,23,Mathematics,90.3,3.5,3.34,9.1,5,3.52,8,74.31
ID01706,Male,24,Mathematics,98.6,2.8,3.59,5.7,12,3.62,8,83.98
ID01707,Female,21,Mathematics,79.2,4.4,3.05,9.5,11,3.11,8,71.67
ID01708,Male,21,Computer Science,95.7,7.4,2.92,6.4,7,3.44,8,76.36
ID01709,Female,21,Mathematics,74.7,5.9,3.98,6.2,8,4.0,5,83.14
ID01710,Female,22,Psychology,63.8,6.6,3.13,6.4,6,3.42,5,70.51
ID01711,Male,18,Business,65.5,7.3,2.59,4.1,11,2.73,5,67.67
ID01712,Male,24,Mathematics,63.1,2.4,3.84,6.4,6,3.86,6,77.39
ID01713,Female,20,Business,100.0,3.1,2.35,9.0,10,2.73,8,66.67
ID01714,Male,19,Psychology,62.3,2.8,1.35,7.7,8,1.16,7,41.11
ID01715,Male,21,Mathematics,89.1,6.1,3.48,7.3,8,3.84,7,78.33
ID01716,Female,20,Computer Science,81.0,1.8,3.56,7.5,10,3.96,8,68.82
ID01717,Male,21,Computer Science,83.5,8.6,3.31,8.9,11,3.91,7,85.19
ID01718,Female,24,Business,100.0,3.0,2.45,5.7,9,2.53,5,60.65
ID01719,Female,21,Economics,78.4,1.9,3.07,8.4,8,2.78,6,64.94
ID01720,Male,19,Computer Science,94.2,3.1,2.96,7.1,8,3.4,6,71.36
ID01721,Male,23,Computer Science,85.6,3.3,2.83,5.8,8,3.07,4,63.5
ID01722,Male,23,Computer Science,82.7,3.5,3.81,7.7,11,4.0,7,76.99
ID01723,Male,24,Psychology,100.0,3.6,2.58,7.1,6,3.08,7,67.39
ID01724,Male,23,Computer Science,63.4,7.3,3.26,5.8,11,3.2,7,76.79
ID01725,Female,22,Engineering,100.0,4.8,3.7,5.4,3,4.0,6,88.66
ID01726,Male,18,Mathematics,94.8,1.8,3.29,6.3,17,3.32,7,74.36
ID01727,Male,22,Computer Science,77.8,3.2,3.72,6.2,9,3.86,8,77.22
ID01728,Female,20,Economics,100.0,2.8,3.38,8.8,13,3.62,6,74.84
ID01729,Female,22,Economics,57.3,4.1,3.31,6.7,8,2.99,6,64.82
ID01730,Female,20,Computer Science,77.2,3.8,3.28,6.4,7,3.36,4,70.47
ID01731,Male,20,Computer Science,66.9,10.1,3.41,8.7,4,3.67,7,85.04
ID01732,Female,18,Engineering,91.2,6.6,2.91,9.0,4,3.46,8,77.02
ID01733,Male,19,Computer Science,68.3,5.6,2.45,5.8,11,2.5,7,55.66
ID01734,Male,24,Computer Science,91.5,0.8,3.58,5.1,11,3.48,8,71.34
ID01735,Male,18,Mathematics,82.2,6.4,3.68,7.8,6,4.0,8,87.56
ID01736,Female,24,Economics,77.8,1.1,3.23,6.7,7,2.96,7,66.3
ID01737,Male,23,Engineering,90.8,3.0,2.83,6.2,9,3.31,6,63.36
ID01738,Male,23,Economics,81.0,3.2,2.32,8.6,5,2.52,4,65.62
ID01739,Male,22,Engineering,68.7,7.1,3.14,6.6,10,3.53,4,74.46
ID01740,Male,20,Economics,100.0,2.1,2.43,9.9,6,2.4,5,63.77
ID01741,Female,21,Computer Science,77.7,3.6,2.36,7.1,5,2.4,6,60.27
ID01742,Female,21,Economics,51.7,1.6,3.09,7.2,8,2.61,7,57.51
ID01743,Female,24,Economics,72.4,5.3,2.72,10.0,8,2.79,6,63.92
ID01744,Male,20,Engineering,66.0,3.0,3.27,7.5,11,3.27,4,73.83
ID01745,Male,24,Business,97.4,4.4,3.02,5.9,11,3.32,5,77.68
ID01746,Male,18,Engineering,89.8,0.5,2.8,5.5,10,2.82,8,64.42
ID01747,Male,19,Engineering,91.0,1.9,2.25,6.3,10,2.32,8,59.22
ID01748,Male,18,Engineering,79.4,4.5,2.67,7.4,4,2.59,5,62.55
ID01749,Female,20,Psychology,80.8,5.8,2.69,8.4,6,3.17,8,72.62
ID01750,Male,20,Psychology,79.4,8.7,2.49,4.7,9,2.76,7,68.96
ID01751,Male,19,Psychology,83.8,8.0,2.94,7.0,9,3.6,8,78.22
ID01752,Male,24,Engineering,97.5,2.7,2.53,8.9,10,2.56,8,59.64
ID01753,Male,22,Business,90.0,4.3,3.02,7.4,7,3.2,7,66.5
ID01754,Male,22,Engineering,92.5,6.1,3.22,9.0,7,3.38,5,80.55
ID01755,Female,19,Computer Science,92.5,4.8,2.69,4.7,11,2.99,7,67.29
ID01756,Female,22,Business,98.3,3.2,3.31,6.7,12,3.62,5,70.52
ID01757,Female,21,Psychology,89.3,4.5,2.42,7.2,7,2.64,5,66.22
ID01758,Male,22,Economics,90.4,8.3,2.54,7.8,5,3.04,7,80.49
ID01759,Male,22,Economics,100.0,3.9,3.04,5.7,6,3.3,6,78.77
ID01760,Male,22,Mathematics,75.0,5.4,3.44,7.6,12,3.63,6,76.08
ID01761,Male,21,Business,72.2,4.6,3.53,7.7,8,3.73,5,75.81
ID01762,Female,24,Psychology,67.2,2.6,3.91,6.9,9,3.95,6,78.43
ID01763,Male,22,Business,87.7,7.1,2.91,7.7,13,3.23,4,79.5
ID01764,Male,23,Business,57.2,4.0,3.04,7.5,11,2.82,7,63.07
ID01765,Male,21,Economics,91.9,3.2,2.58,6.0,5,2.73,6,64.95
ID01766,Male,19,Engineering,83.4,4.6,2.47,6.8,6,2.88,8,64.91
ID01767,Female,18,Computer Science,100.0,7.5,3.21,5.1,10,3.59,6,85.8
ID01768,Male,19,Mathematics,74.9,4.4,2.71,4.8,10,2.59,6,64.39
ID01769,Male,18,Psychology,82.0,4.4,3.72,7.4,10,4.0,4,80.09
ID01770,Male,19,Business,100.0,5.3,2.37,4.2,13,2.64,4,72.33
ID01771,Male,23,Mathematics,100.0,6.0,3.34,6.6,7,3.92,5,86.55
ID01772,Female,18,Business,74.8,3.4,2.6,7.6,10,2.51,5,62.68
ID01773,Female,18,Economics,87.7,3.7,2.69,7.0,11,2.88,5,71.47
ID01774,Female,20,Computer Science,89.4,3.3,3.37,10.0,5,3.72,5,74.13
ID01775,Female,18,Economics,90.6,5.3,2.76,7.6,8,3.07,7,76.07
ID01776,Male,18,Mathematics,81.1,4.0,2.84,6.6,9,3.0,4,68.95
ID01777,Female,20,Psychology,100.0,4.1,2.69,7.9,5,3.0,5,80.0
ID01778,Male,22,Business,56.7,4.2,3.99,5.0,9,3.78,4,73.86
ID01779,Male,22,Computer Science,78.7,1.7,2.79,8.5,4,2.6,5,59.37
ID01780,Female,20,Economics,91.7,5.7,3.13,6.2,11,3.55,7,78.62
ID01781,Male,21,Mathematics,91.9,3.3,3.0,8.7,5,3.03,4,72.02
ID01782,Female,18,Economics,100.0,4.0,3.21,7.6,6,3.64,5,82.99
ID01783,Male,18,Business,100.0,3.0,2.79,7.9,16,2.73,4,67.36
ID01784,Female,20,Business,80.7,2.1,3.0,6.2,7,3.35,8,68.34
ID01785,Female,20,Psychology,100.0,4.4,3.3,5.3,10,3.53,7,82.66
ID01786,Female,21,Computer Science,74.3,5.1,2.67,5.3,6,2.69,5,67.6
ID01787,Female,23,Engineering,99.0,13.4,3.64,4.4,5,4.0,4,98.72
ID01788,Female,22,Economics,100.0,2.8,3.69,6.4,4,3.86,4,85.56
ID01789,Male,19,Business,100.0,6.3,3.4,6.1,8,3.78,6,88.04
ID01790,Male,23,Mathematics,86.6,3.3,3.13,8.5,6,3.38,7,73.09
ID01791,Male,24,Economics,80.0,6.6,1.6,5.4,7,2.11,6,55.81
ID01792,Female,22,Psychology,62.1,5.6,3.31,10.0,8,3.52,8,72.92
ID01793,Male,18,Psychology,89.7,2.9,2.9,5.5,10,3.1,5,67.86
ID01794,Female,24,Business,68.3,2.0,2.98,5.6,8,2.66,5,63.97
ID01795,Male,23,Business,73.1,1.6,2.15,4.8,8,2.16,6,51.13
ID01796,Male,20,Business,67.1,6.9,3.35,7.0,10,3.51,5,74.09
ID01797,Female,21,Engineering,78.1,2.3,2.38,6.5,14,2.19,8,53.7
ID01798,Male,22,Business,84.6,1.4,3.16,6.8,9,3.57,4,65.14
ID01799,Male,21,Economics,89.1,6.9,3.55,7.6,11,3.96,6,85.55
ID01800,Male,24,Economics,76.0,4.1,2.87,8.5,6,2.89,6,66.58
ID01801,Female,22,Computer Science,100.0,3.4,3.71,5.2,6,3.79,4,83.46
ID01802,Female,23,Mathematics,81.9,6.0,2.73,7.0,14,3.27,6,71.51
ID01803,Male,18,Business,73.2,3.3,3.4,8.3,10,3.51,6,69.77
ID01804,Male,19,Economics,88.4,5.7,2.45,5.4,7,2.98,5,71.58
ID01805,Male,21,Economics,100.0,2.9,3.62,10.0,14,3.67,4,79.77
ID01806,Female,21,Economics,90.0,8.3,3.54,10.0,10,4.0,4,86.47
ID01807,Female,19,Engineering,79.6,2.6,3.33,6.9,8,3.38,4,72.33
ID01808,Male,21,Mathematics,62.1,5.7,2.9,5.3,9,3.06,6,61.29
ID01809,Male,21,Psychology,81.7,7.5,2.4,5.5,9,2.76,4,66.05
ID01810,Male,22,Economics,88.5,0.3,2.9,7.4,4,3.03,8,65.54
ID01811,Female,22,Business,79.2,5.4,3.66,8.0,4,3.72,5,75.71
ID01812,Female,19,Economics,60.0,2.6,3.16,4.2,8,3.15,7,67.0
ID01813,Male,24,Mathematics,72.2,6.0,2.32,5.6,10,2.49,7,66.48
ID01814,Male,18,Psychology,100.0,4.6,2.54,7.2,11,2.82,6,68.02
ID01815,Male,23,Engineering,100.0,5.3,3.73,4.9,10,4.0,8,87.76
ID01816,Female,23,Computer Science,71.7,3.9,3.34,6.6,10,3.24,4,75.01
ID01817,Male,24,Business,95.1,7.7,2.48,7.6,7,2.82,5,71.87
ID01818,Female,21,Computer Science,67.3,1.6,2.22,6.8,6,2.19,5,53.15
ID01819,Female,18,Engineering,100.0,7.3,2.79,5.9,5,3.34,4,75.95
ID01820,Male,19,Mathematics,88.7,2.9,2.17,7.1,8,2.63,5,56.38
ID01821,Male,24,Mathematics,99.2,1.1,3.02,7.8,6,3.27,5,66.13
ID01822,Male,19,Engineering,59.3,4.2,4.0,5.6,4,3.78,7,79.25
ID01823,Female,22,Economics,95.2,2.7,2.3,7.5,11,2.55,5,64.3
ID01824,Female,21,Engineering,84.9,5.2,3.01,7.5,8,3.57,8,72.46
ID01825,Female,20,Business,97.8,5.5,3.76,7.8,7,4.0,7,83.34
ID01826,Male,19,Psychology,98.7,3.7,3.47,7.4,10,3.73,8,76.54
ID01827,Male,24,Computer Science,86.0,5.4,3.03,7.2,12,3.49,4,75.15
ID01828,Female,21,Computer Science,76.0,4.8,3.03,6.8,12,2.94,8,75.79
ID01829,Female,18,Mathematics,96.7,4.2,2.52,6.6,9,2.74,7,68.41
ID01830,Male,24,Economics,84.1,3.6,2.97,8.1,6,3.38,8,67.9
ID01831,Female,22,Mathematics,71.9,3.0,3.22,6.9,6,3.02,5,70.55
ID01832,Female,23,Business,71.2,10.2,3.65,7.8,3,3.89,8,87.67
ID01833,Female,18,Engineering,62.8,4.0,2.79,7.8,4,2.7,6,60.93
ID01834,Female,19,Computer Science,77.3,4.9,3.01,5.6,10,3.08,4,67.64
ID01835,Female,19,Business,100.0,5.8,2.63,6.5,16,2.61,6,76.99
ID01836,Female,18,Mathematics,87.7,3.5,3.21,6.9,5,3.34,4,65.44
ID01837,Male,19,Mathematics,77.1,5.1,3.49,7.1,6,3.77,8,79.86
ID01838,Male,24,Computer Science,97.1,9.7,3.41,7.6,9,4.0,5,89.17
ID01839,Female,21,Mathematics,72.5,2.6,2.51,7.3,6,2.43,5,56.61
ID01840,Male,19,Economics,86.4,9.7,3.17,7.1,4,3.65,6,89.66
ID01841,Male,22,Mathematics,82.3,6.1,2.76,6.3,7,3.29,6,68.58
ID01842,Male,21,Psychology,96.7,2.9,3.61,8.6,8,3.96,4,77.57
ID01843,Male,24,Engineering,61.3,2.5,3.02,7.5,13,3.18,8,61.46
ID01844,Female,20,Mathematics,72.2,9.6,2.34,6.8,7,2.52,8,70.67
ID01845,Female,19,Psychology,60.4,7.0,2.99,6.4,8,3.23,7,68.89
ID01846,Male,19,Business,81.1,3.8,3.33,7.4,7,3.64,7,68.94
ID01847,Male,22,Mathematics,100.0,3.1,3.22,7.0,5,3.39,6,72.88
ID01848,Male,24,Economics,77.4,2.9,2.84,4.7,6,2.86,6,68.04
ID01849,Female,22,Business,77.3,3.7,2.81,5.5,8,2.86,6,65.59
ID01850,Female,23,Mathematics,98.1,3.9,2.61,9.0,6,3.04,4,69.57
ID01851,Male,24,Computer Science,100.0,4.5,2.9,7.6,9,3.11,4,73.09
ID01852,Female,18,Psychology,83.7,2.3,2.67,6.0,7,2.83,5,60.26
ID01853,Female,18,Psychology,95.3,2.8,3.59,6.4,9,4.0,6,83.82
ID01854,Female,18,Computer Science,68.8,3.6,2.65,5.7,16,2.24,4,60.27
ID01855,Female,22,Engineering,100.0,11.6,3.16,6.2,10,3.88,4,90.32
ID01856,Male,18,Economics,100.0,4.8,3.13,8.5,11,3.46,8,80.93
ID01857,Female,24,Psychology,92.8,1.8,3.57,6.7,2,3.77,5,73.72
ID01858,Male,18,Business,53.7,2.3,3.64,8.2,6,3.02,6,66.29
ID01859,Female,20,Economics,76.6,9.6,3.45,9.4,8,3.72,6,85.82
ID01860,Female,18,Psychology,94.2,7.8,3.28,6.4,6,3.71,7,84.25
ID01861,Female,19,Engineering,78.7,3.3,2.58,5.1,10,2.68,7,62.53
ID01862,Female,23,Business,100.0,5.4,2.57,7.6,8,3.07,5,77.41
ID01863,Male,22,Economics,93.8,5.1,2.68,5.8,7,3.12,8,71.51
ID01864,Male,21,Business,74.4,4.1,3.48,7.0,3,3.72,5,67.52
ID01865,Female,23,Computer Science,85.5,2.5,3.14,7.3,5,3.24,8,70.53
ID01866,Female,20,Mathematics,71.6,1.3,3.53,9.8,13,3.2,6,69.15
ID01867,Male,22,Computer Science,82.3,6.6,3.6,7.5,4,4.0,4,83.41
ID01868,Male,24,Economics,76.7,5.1,2.74,6.3,11,3.0,7,67.79
ID01869,Male,22,Mathematics,100.0,2.5,3.12,7.9,12,3.2,4,72.81
ID01870,Female,19,Computer Science,100.0,7.6,3.09,8.2,14,3.7,7,82.53
ID01871,Female,24,Mathematics,63.5,9.4,2.94,8.8,13,3.14,4,76.94
ID01872,Male,23,Psychology,56.2,4.7,2.83,5.6,11,2.5,5,60.74
ID01873,Male,23,Business,81.3,4.0,3.69,8.9,4,4.0,7,76.22
ID01874,Female,18,Mathematics,62.2,1.5,3.13,10.0,6,2.87,8,70.66
ID01875,Female,24,Psychology,85.7,3.7,3.11,8.9,10,3.38,6,69.44
ID01876,Male,19,Engineering,96.2,2.1,2.7,9.2,11,2.79,4,65.68
ID01877,Female,18,Computer Science,100.0,3.8,3.44,6.3,4,3.63,5,75.41
ID01878,Male,18,Engineering,88.0,7.1,2.6,9.5,4,2.95,8,72.3
ID01879,Male,22,Economics,82.1,5.8,3.33,6.3,5,3.64,7,75.11
ID01880,Female,23,Psychology,55.3,7.7,3.34,6.9,7,3.28,4,73.82
ID01881,Female,18,Engineering,85.4,3.5,2.89,6.3,7,3.23,5,71.22
ID01882,Female,20,Engineering,86.1,1.8,3.26,6.1,8,3.47,5,71.37
ID01883,Female,20,Psychology,94.6,3.4,3.19,7.0,6,3.38,4,76.02
ID01884,Female,23,Business,74.4,4.7,3.08,5.3,9,2.91,8,65.04
ID01885,Male,20,Mathematics,78.5,7.9,3.11,6.0,10,3.2,7,83.7
ID01886,Male,22,Economics,62.8,6.5,3.13,5.5,6,3.05,4,68.16
ID01887,Male,19,Economics,50.6,1.4,3.16,9.3,14,2.6,7,63.49
ID01888,Male,21,Computer Science,68.4,4.6,3.13,9.4,8,2.91,6,72.4
ID01889,Female,18,Mathematics,61.4,7.1,2.55,10.0,6,2.48,4,66.34
ID01890,Female,21,Computer Science,90.1,8.2,3.02,6.9,6,3.57,6,77.89
ID01891,Male,19,Economics,77.2,7.4,3.23,7.0,9,3.32,4,78.97
ID01892,Male,19,Mathematics,76.9,2.7,3.15,8.2,12,2.94,5,66.52
ID01893,Female,22,Engineering,70.2,2.8,3.58,5.1,12,3.41,8,72.46
ID01894,Male,20,Business,36.5,10.2,3.41,5.5,7,3.19,7,75.66
ID01895,Female,20,Engineering,100.0,3.2,2.66,4.6,4,2.76,4,61.86
ID01896,Female,19,Business,70.0,9.3,3.02,8.3,8,3.35,8,80.99
ID01897,Female,22,Psychology,78.8,2.4,2.94,5.7,9,2.75,6,64.68
ID01898,Male,22,Computer Science,63.2,3.8,3.1,8.5,8,2.91,8,64.57
ID01899,Male,23,Computer Science,99.6,1.0,3.1,6.3,11,3.18,7,67.84
ID01900,Female,24,Psychology,87.2,3.7,3.41,7.0,7,3.94,5,77.16
ID01901,Female,18,Mathematics,72.6,2.5,3.19,6.7,16,2.72,6,64.33
ID01902,Male,24,Psychology,79.1,5.8,3.72,7.3,8,4.0,6,75.76
ID01903,Female,20,Economics,100.0,5.8,3.22,6.3,5,3.49,7,82.1
ID01904,Male,19,Psychology,83.9,5.2,2.68,8.6,9,3.14,5,69.78
ID01905,Female,23,Business,82.3,2.6,2.87,6.7,11,3.15,5,64.64
ID01906,Male,21,Economics,70.9,7.7,3.4,7.5,10,3.68,5,76.43
ID01907,Female,20,Psychology,56.6,4.2,2.29,7.2,9,1.95,5,54.3
ID01908,Male,18,Computer Science,82.6,6.1,2.43,5.5,6,2.94,4,61.87
ID01909,Male,22,Engineering,89.9,7.4,3.11,9.0,8,3.56,4,76.96
ID01910,Male,19,Business,100.0,4.5,3.58,6.0,11,4.0,8,80.97
ID01911,Male,20,Business,51.3,1.7,3.75,8.2,6,3.31,4,70.32
ID01912,Female,21,Mathematics,68.1,4.8,2.99,8.1,9,2.83,8,66.65
ID01913,Female,18,Engineering,76.3,3.7,3.63,4.8,6,3.7,4,75.04
ID01914,Male,18,Business,84.9,2.4,3.14,6.7,6,3.28,7,75.06
ID01915,Male,23,Psychology,82.8,8.7,2.33,7.9,10,2.83,5,71.19
ID01916,Female,20,Business,83.2,3.5,3.1,6.6,8,3.49,6,71.44
ID01917,Female,21,Business,91.1,5.6,2.79,6.8,6,3.06,5,71.23
ID01918,Female,18,Business,71.5,6.4,3.56,7.3,6,3.9,6,77.84
ID01919,Male,19,Mathematics,99.0,4.8,3.09,6.4,8,3.33,6,70.28
ID01920,Male,18,Business,91.5,3.2,2.46,7.5,5,2.84,6,66.01
ID01921,Female,21,Business,80.2,1.6,2.35,7.1,11,2.63,5,56.91
ID01922,Male,22,Mathematics,100.0,5.2,3.09,6.7,11,3.58,6,77.35
ID01923,Female,22,Economics,100.0,3.5,1.89,5.5,3,2.09,8,57.58
ID01924,Male,23,Engineering,99.0,10.0,2.84,7.6,6,3.44,6,86.01
ID01925,Female,20,Economics,39.7,2.8,3.22,4.0,8,3.0,5,55.14
ID01926,Male,21,Computer Science,100.0,1.0,2.57,7.4,6,2.9,4,60.57
ID01927,Female,23,Mathematics,96.9,2.0,3.6,7.0,13,3.84,5,74.32
ID01928,Male,24,Mathematics,100.0,7.4,3.7,5.8,7,3.99,4,95.99
ID01929,Female,18,Business,100.0,6.5,2.59,4.9,5,3.12,4,76.24
ID01930,Male,24,Business,100.0,8.7,2.95,7.6,10,3.59,8,76.35
ID01931,Female,18,Computer Science,98.2,3.7,3.6,6.6,14,3.79,4,76.91
ID01932,Female,22,Business,100.0,6.0,3.1,7.2,5,3.42,6,79.23
ID01933,Female,23,Psychology,100.0,4.7,2.4,4.2,2,2.7,8,65.98
ID01934,Female,22,Business,88.2,2.9,3.03,7.7,6,3.33,8,65.54
ID01935,Female,19,Business,61.4,4.2,2.67,8.4,6,2.59,4,66.3
ID01936,Female,24,Psychology,80.4,3.3,3.65,6.8,9,3.94,4,77.83
ID01937,Male,24,Computer Science,90.8,8.4,3.4,5.7,12,3.74,5,87.67
ID01938,Female,22,Psychology,86.1,2.9,2.94,7.7,11,3.14,6,65.67
ID01939,Male,19,Mathematics,66.3,9.1,3.17,6.6,10,3.47,8,80.53
ID01940,Male,18,Psychology,60.5,2.8,2.45,8.3,6,2.17,5,53.27
ID01941,Male,23,Engineering,73.9,3.3,2.72,7.0,12,2.68,4,61.62
ID01942,Male,19,Mathematics,97.1,4.3,3.88,4.0,8,4.0,5,88.06
ID01943,Female,23,Business,100.0,2.7,3.13,4.0,8,3.18,8,68.55
ID01944,Female,24,Mathematics,98.7,4.3,3.57,5.9,10,3.69,4,87.15
ID01945,Female,23,Computer Science,100.0,4.6,3.22,7.7,8,3.46,5,79.02
ID01946,Male,24,Computer Science,83.8,8.2,3.76,6.3,6,4.0,4,92.89
ID01947,Male,19,Psychology,58.9,1.0,2.1,7.7,6,1.65,4,42.37
ID01948,Male,24,Mathematics,78.2,2.8,3.01,6.0,7,2.84,8,63.77
ID01949,Male,20,Business,81.1,9.8,3.92,10.0,4,4.0,4,90.29
ID01950,Male,24,Computer Science,77.5,3.3,3.58,6.7,4,3.59,5,75.95
ID01951,Male,22,Economics,85.8,3.3,3.76,7.4,12,4.0,8,79.95
ID01952,Male,19,Business,91.6,2.7,3.1,5.6,9,3.17,7,69.53
ID01953,Female,18,Economics,97.8,6.0,2.83,6.4,11,3.43,4,72.32
ID01954,Female,23,Engineering,80.8,1.5,2.59,7.7,9,2.95,6,55.01
ID01955,Female,21,Economics,56.4,5.1,2.55,6.9,7,2.17,8,59.22
ID01956,Female,19,Computer Science,77.8,10.5,3.5,4.0,6,3.87,6,87.18
ID01957,Female,22,Psychology,85.7,1.3,3.36,7.7,9,3.45,6,68.17
ID01958,Male,24,Engineering,100.0,6.0,3.07,7.9,7,3.54,6,83.85
ID01959,Female,23,Mathematics,76.5,1.9,3.35,8.1,5,3.34,7,68.74
ID01960,Female,20,Business,92.7,5.2,3.17,8.6,7,3.65,4,80.97
ID01961,Male,18,Computer Science,89.4,5.0,3.58,7.3,9,3.85,8,79.98
ID01962,Male,20,Engineering,85.7,6.2,3.58,10.0,7,4.0,8,83.78
ID01963,Female,21,Engineering,99.0,3.0,2.57,7.4,4,2.7,4,65.92
ID01964,Male,19,Computer Science,75.1,3.1,3.24,4.0,5,3.31,8,64.43
ID01965,Female,23,Mathematics,76.4,6.3,2.27,7.3,11,2.54,8,67.2
ID01966,Female,19,Mathematics,84.8,3.0,3.17,8.7,4,3.54,7,70.38
ID01967,Male,22,Psychology,75.4,6.7,3.4,4.9,6,3.43,5,81.24
ID01968,Male,19,Economics,92.6,0.8,2.44,6.6,6,2.81,6,56.04
ID01969,Male,18,Mathematics,74.3,4.8,2.89,8.8,5,3.01,8,67.42
ID01970,Male,21,Psychology,88.4,6.5,3.1,6.2,9,3.51,4,75.12
ID01971,Male,20,Economics,83.5,3.7,3.22,6.6,8,3.49,8,76.26
ID01972,Female,21,Engineering,88.2,8.4,2.96,8.2,8,3.37,8,80.48
ID01973,Male,23,Computer Science,78.1,3.1,2.51,5.1,4,2.45,7,61.34
ID01974,Male,19,Mathematics,79.9,4.7,3.07,7.0,4,3.03,5,75.66
ID01975,Male,23,Psychology,86.4,7.1,2.27,5.5,10,2.65,6,70.48
ID01976,Female,20,Engineering,88.0,2.1,2.98,6.6,4,3.06,4,69.47
ID01977,Male,23,Mathematics,84.9,7.5,2.88,7.4,6,3.35,8,71.56
ID01978,Male,22,Business,100.0,5.0,3.03,8.6,8,3.4,5,74.58
ID01979,Female,21,Engineering,70.1,2.6,2.82,7.5,10,2.84,4,58.49
ID01980,Female,20,Mathematics,84.0,4.1,2.35,6.2,12,2.63,7,63.7
ID01981,Male,20,Engineering,61.4,2.5,2.92,8.8,6,2.7,7,61.01
ID01982,Female,24,Computer Science,90.6,5.7,3.57,7.9,6,3.94,7,78.97
ID01983,Male,20,Computer Science,68.3,3.6,3.73,4.1,7,3.49,4,75.0
ID01984,Male,24,Computer Science,80.8,3.3,4.0,8.3,10,4.0,7,77.32
ID01985,Male,18,Economics,79.4,5.8,3.95,7.1,9,4.0,7,85.6
ID01986,Male,24,Business,89.2,3.7,2.5,7.0,6,2.71,7,59.11
ID01987,Female,21,Computer Science,76.7,4.2,2.9,8.8,14,2.72,8,69.04
ID01988,Male,23,Business,76.1,4.0,3.09,6.7,11,3.28,5,70.65
ID01989,Male,24,Computer Science,100.0,1.0,3.06,8.3,9,3.05,5,74.8
ID01990,Female,20,Economics,89.3,1.7,3.13,8.9,7,3.17,8,71.31
ID01991,Female,21,Engineering,76.6,2.8,4.0,7.1,7,3.98,6,78.48
ID01992,Male,24,Mathematics,81.2,2.9,2.56,7.7,6,2.84,6,63.75
ID01993,Female,24,Mathematics,100.0,0.9,2.74,8.0,16,2.51,5,60.28
ID01994,Male,20,Computer Science,81.5,4.2,3.92,7.7,7,4.0,7,79.79
ID01995,Female,22,Mathematics,74.7,3.9,2.79,8.3,12,2.81,7,65.84
ID01996,Female,22,Computer Science,74.7,4.5,3.3,5.4,7,3.27,4,66.58
ID01997,Female,24,Computer Science,76.8,3.4,3.62,6.0,10,3.8,6,75.66
ID01998,Male,22,Psychology,76.1,8.9,3.34,5.1,4,3.73,8,79.69
ID01999,Male,19,Psychology,65.8,5.5,3.2,9.5,10,3.24,5,71.75
ID02000,Male,20,Psychology,68.1,9.6,3.57,4.5,7,3.99,5,82.08
ID02001,Male,19,Business,72.6,2.1,2.65,9.0,4,2.56,8,60.06
ID02002,Male,21,Psychology,93.9,3.4,2.85,7.7,7,3.18,4,69.52
ID02003,Female,19,Computer Science,79.3,3.0,3.37,5.7,9,3.42,5,76.36
ID02004,Male,21,Economics,81.9,1.4,2.07,5.1,7,2.38,6,51.76
ID02005,Male,24,Economics,100.0,3.7,3.81,6.9,11,4.0,7,82.48
ID02006,Female,21,Engineering,100.0,0.9,3.25,6.7,7,3.55,4,70.75
ID02007,Male,21,Psychology,80.8,5.7,3.18,7.6,6,3.61,6,71.29
ID02008,Female,23,Economics,75.5,7.8,2.28,4.0,12,2.34,4,67.04
ID02009,Male,19,Psychology,72.0,3.6,2.46,6.7,7,2.51,7,60.79
ID02010,Male,23,Engineering,95.4,4.5,2.9,5.7,8,3.29,7,80.13
ID02011,Male,24,Economics,81.9,7.8,3.5,8.9,7,3.75,6,82.33
ID02012,Male,20,Computer Science,79.2,2.3,2.06,7.6,8,1.93,5,51.92
ID02013,Female,19,Business,72.8,1.4,3.49,6.2,10,3.35,4,67.26
ID02014,Male,20,Psychology,73.5,0.9,2.92,9.1,6,2.83,8,60.96
ID02015,Male,20,Economics,89.8,2.5,2.99,6.3,9,3.31,7,69.71
ID02016,Male,21,Economics,65.3,2.7,3.23,6.8,2,3.19,5,65.98
ID02017,Male,19,Engineering,99.9,6.0,3.23,7.4,8,3.85,6,84.65
ID02018,Female,20,Computer Science,77.0,1.7,2.74,8.4,5,2.59,7,58.47
ID02019,Male,22,Mathematics,82.8,1.4,3.41,7.0,12,3.72,7,73.35
ID02020,Female,20,Economics,64.9,6.5,1.94,9.1,7,2.08,6,57.52
ID02021,Female,22,Business,84.8,2.9,2.87,6.4,8,3.31,5,66.43
ID02022,Female,19,Engineering,80.1,4.5,3.18,5.5,9,3.58,7,71.81
ID02023,Female,24,Economics,84.2,6.2,2.93,9.4,10,3.49,7,81.02
ID02024,Male,23,Economics,100.0,14.0,2.19,6.5,7,2.99,6,80.66
ID02025,Male,19,Engineering,87.7,5.1,3.48,7.9,7,3.75,4,80.87
ID02026,Male,23,Engineering,73.1,2.7,2.48,8.2,11,2.47,6,55.52
ID02027,Female,23,Psychology,74.3,6.5,3.07,10.0,12,3.29,7,79.14
ID02028,Female,19,Economics,93.9,2.2,3.18,6.6,10,3.26,8,74.26
ID02029,Male,20,Mathematics,100.0,7.8,3.11,7.8,8,3.58,6,81.33
ID02030,Female,18,Business,89.2,2.6,3.68,5.8,13,3.98,5,79.64
ID02031,Male,20,Computer Science,95.3,2.0,3.07,6.3,3,3.39,6,70.81
ID02032,Female,20,Computer Science,94.1,4.2,3.31,5.9,10,3.67,4,75.89
ID02033,Male,24,Mathematics,100.0,5.0,3.07,8.3,6,3.39,4,79.49
ID02034,Female,21,Engineering,55.8,2.0,3.41,8.4,9,2.91,7,66.01
ID02035,Female,21,Engineering,95.0,2.8,3.8,7.6,3,4.0,8,82.25
ID02036,Male,20,Engineering,99.8,5.3,3.17,5.8,8,3.51,8,79.01
ID02037,Male,22,Economics,64.9,4.6,3.49,6.0,8,3.58,6,74.71
ID02038,Male,24,Engineering,71.7,5.2,3.83,5.9,10,3.93,4,81.68
ID02039,Male,23,Engineering,72.2,7.9,3.78,7.5,4,3.9,8,86.0
ID02040,Male,21,Economics,74.1,4.8,2.91,4.6,3,2.93,6,66.21
ID02041,Female,20,Economics,77.8,9.1,3.62,6.4,4,3.85,5,92.51
ID02042,Female,24,Mathematics,88.6,6.7,3.22,5.0,10,3.41,8,76.67
ID02043,Male,18,Psychology,98.0,2.8,3.66,7.8,4,4.0,7,81.71
ID02044,Male,22,Economics,100.0,8.1,3.38,5.5,6,3.82,7,86.71
ID02045,Female,19,Business,72.4,4.7,3.24,9.9,6,3.39,5,77.33
ID02046,Female,20,Engineering,72.3,7.4,3.32,8.6,6,3.44,8,75.81
ID02047,Male,24,Psychology,100.0,5.2,3.23,6.9,12,3.44,6,77.61
ID02048,Female,20,Computer Science,94.7,10.3,3.25,7.6,7,3.88,6,86.05
ID02049,Male,23,Mathematics,86.2,2.0,3.02,7.7,9,3.14,7,68.05
ID02050,Male,22,Psychology,92.1,3.6,2.97,5.6,7,3.37,7,66.94
ID02051,Male,21,Economics,84.6,5.8,3.98,8.9,3,4.0,4,86.04
ID02052,Male,21,Engineering,92.9,4.4,3.34,6.9,9,3.71,5,71.49
ID02053,Male,21,Engineering,80.0,2.2,2.81,5.8,4,2.92,5,63.76
ID02054,Female,19,Engineering,89.0,9.8,2.96,7.8,6,3.61,8,81.05
ID02055,Female,24,Psychology,62.3,3.9,3.63,5.3,6,3.41,7,68.82
ID02056,Female,22,Engineering,74.7,7.0,2.73,8.0,11,2.91,5,73.47
ID02057,Male,22,Economics,74.8,5.5,2.36,7.5,3,2.55,7,58.23
ID02058,Male,21,Psychology,79.4,6.3,2.4,6.0,10,2.51,7,67.84
ID02059,Female,21,Engineering,71.1,1.9,2.24,8.4,12,2.04,5,50.27
ID02060,Male,23,Computer Science,77.0,4.0,2.45,8.1,7,2.53,6,65.74
ID02061,Male,18,Computer Science,62.3,6.4,2.51,6.5,11,2.69,8,65.14
ID02062,Male,18,Business,93.2,7.0,3.79,7.8,8,4.0,6,86.39
ID02063,Female,20,Engineering,83.8,6.6,3.08,5.0,11,3.38,4,73.75
ID02064,Male,20,Engineering,59.4,2.6,2.92,7.7,6,2.59,7,62.02
ID02065,Male,22,Psychology,72.5,1.3,2.38,4.8,8,2.02,6,52.66
ID02066,Female,22,Psychology,90.0,1.7,3.03,7.2,10,3.24,6,67.05
ID02067,Male,19,Engineering,76.9,4.1,2.23,8.0,8,2.41,7,61.9
ID02068,Male,19,Business,74.5,4.4,2.92,7.5,8,2.85,8,65.33
ID02069,Male,18,Engineering,83.9,4.1,4.0,9.3,4,4.0,5,84.45
ID02070,Male,20,Economics,90.2,1.9,3.43,5.8,5,3.52,6,76.38
ID02071,Female,18,Psychology,63.5,2.9,3.0,7.6,6,2.81,4,65.35
ID02072,Male,18,Engineering,93.3,9.7,3.45,4.0,15,4.0,7,89.68
ID02073,Male,20,Psychology,73.0,5.0,2.84,6.2,8,2.81,6,66.43
ID02074,Female,24,Engineering,84.7,3.9,2.7,6.5,7,2.98,5,60.88
ID02075,Female,19,Mathematics,84.5,9.6,3.95,9.4,5,4.0,7,91.47
ID02076,Female,23,Psychology,77.1,10.8,2.53,7.0,10,3.1,6,76.62
ID02077,Male,23,Business,69.6,3.1,2.92,8.4,9,2.86,6,63.34
ID02078,Male,23,Mathematics,80.7,5.1,3.25,5.6,11,3.72,6,75.29
ID02079,Female,20,Economics,100.0,1.5,2.63,6.5,6,2.88,5,67.28
ID02080,Female,21,Engineering,64.6,1.2,3.43,5.7,7,3.12,4,62.15
ID02081,Male,21,Economics,100.0,3.6,2.95,5.5,7,3.21,8,72.05
ID02082,Male,21,Psychology,81.1,1.8,3.43,5.6,9,3.41,4,71.6
ID02083,Male,22,Mathematics,85.5,2.9,3.39,6.1,4,3.53,5,71.68
ID02084,Female,19,Economics,68.7,4.8,2.98,10.0,8,2.82,7,72.04
ID02085,Male,19,Business,73.4,8.5,3.96,6.9,13,4.0,4,92.53
ID02086,Male,24,Psychology,77.5,5.1,2.77,5.0,10,2.64,7,68.53
ID02087,Male,24,Mathematics,69.3,3.1,3.77,6.2,1,3.72,7,80.75
ID02088,Female,22,Economics,81.9,11.2,3.69,8.5,6,4.0,7,89.12
ID02089,Female,18,Mathematics,78.9,4.3,3.99,5.9,10,3.76,5,83.16
ID02090,Male,24,Mathematics,100.0,7.0,3.19,9.2,4,3.43,4,83.96
ID02091,Female,23,Economics,67.5,7.4,2.71,8.5,11,3.0,8,66.19
ID02092,Female,21,Computer Science,86.5,3.9,4.0,6.7,11,4.0,5,85.33
ID02093,Male,23,Engineering,88.7,0.6,2.93,6.0,11,3.08,8,60.34
ID02094,Male,21,Psychology,68.9,1.2,2.69,5.6,9,2.49,4,58.68
ID02095,Male,23,Psychology,95.3,2.7,3.01,7.3,10,3.32,4,73.79
ID02096,Female,18,Psychology,79.0,2.8,2.61,7.6,9,2.44,7,62.05
ID02097,Female,23,Mathematics,47.6,4.0,3.36,9.0,17,2.74,8,60.54
ID02098,Female,23,Economics,94.9,3.5,2.8,7.5,9,3.26,8,66.32
ID02099,Female,20,Engineering,68.2,3.6,2.96,6.5,13,3.01,7,66.64
ID02100,Male,23,Business,69.3,4.2,3.58,9.1,7,3.69,5,75.01
ID02101,Female,20,Psychology,95.3,4.6,3.41,8.2,10,3.55,8,71.83
ID02102,Male,19,Economics,79.8,1.3,3.11,6.0,10,3.16,7,69.04
ID02103,Male,22,Engineering,98.8,4.6,3.19,6.9,10,3.64,4,78.17
ID02104,Female,23,Engineering,100.0,6.0,3.11,8.0,4,3.6,4,77.31
ID02105,Female,19,Computer Science,75.3,11.2,2.88,7.5,4,3.33,8,83.81
ID02106,Male,24,Economics,96.9,4.5,3.1,5.5,5,3.22,5,73.82
ID02107,Female,24,Psychology,73.7,6.8,3.35,7.3,5,3.6,7,76.02
ID02108,Female,20,Mathematics,100.0,5.7,3.04,6.0,5,3.43,4,79.28
ID02109,Male,23,Engineering,74.6,2.5,3.31,7.1,6,3.11,5,74.51
ID02110,Female,23,Engineering,100.0,4.7,2.68,5.1,6,2.85,5,76.12
ID02111,Male,18,Business,97.7,9.1,2.8,5.7,13,3.28,5,82.2
ID02112,Male,19,Computer Science,89.7,8.9,2.73,10.0,7,3.42,7,79.15
ID02113,Male,21,Engineering,74.9,8.8,2.82,6.4,11,3.08,8,77.47
ID02114,Female,21,Engineering,82.7,14.0,3.74,8.7,9,4.0,8,96.33
ID02115,Female,18,Mathematics,52.7,6.0,3.46,6.8,9,3.47,7,74.68
ID02116,Male,20,Mathematics,88.4,3.2,2.56,5.2,3,2.58,5,61.5
ID02117,Male,21,Business,90.2,6.1,3.32,5.4,12,3.53,8,81.36
ID02118,Female,21,Economics,87.0,2.3,2.9,5.8,4,3.05,6,65.54
ID02119,Male,24,Business,40.4,5.5,2.76,10.0,10,2.32,6,60.55
ID02120,Female,24,Business,66.0,2.2,2.36,6.7,3,2.35,7,53.7
ID02121,Female,22,Mathematics,73.8,2.7,3.59,7.3,6,3.44,7,63.99
ID02122,Male,19,Economics,89.4,1.2,2.42,8.0,6,2.69,8,58.56
ID02123,Female,20,Mathematics,89.3,5.3,3.07,7.8,6,3.33,6,77.06
ID02124,Male,23,Computer Science,82.4,8.6,2.63,8.3,5,3.23,7,75.3
ID02125,Female,19,Psychology,94.5,4.5,3.49,6.2,3,3.96,7,80.3
ID02126,Female,20,Psychology,69.6,4.2,2.93,5.2,11,3.06,5,71.01
ID02127,Female,21,Computer Science,94.2,2.8,3.03,5.6,8,3.05,5,71.75
ID02128,Male,22,Psychology,92.1,7.2,3.05,4.7,10,3.48,7,80.68
ID02129,Female,19,Economics,90.7,7.8,3.25,6.2,5,3.87,4,86.1
ID02130,Male,21,Mathematics,82.3,1.5,3.11,4.0,9,3.4,5,67.43
ID02131,Male,20,Psychology,100.0,4.7,3.08,8.1,14,3.36,7,74.06
ID02132,Male,19,Economics,92.4,7.0,2.84,7.9,8,3.52,8,68.83
ID02133,Female,23,Mathematics,70.5,3.1,2.31,5.5,10,2.06,6,54.16
ID02134,Male,19,Economics,88.7,1.4,2.54,4.9,6,2.63,5,62.18
ID02135,Female,21,Computer Science,96.3,2.1,3.46,9.3,16,3.22,6,74.79
ID02136,Female,19,Business,76.2,9.4,2.95,8.4,10,3.03,7,80.82
ID02137,Male,23,Computer Science,100.0,7.7,2.77,6.6,10,3.22,6,78.93
ID02138,Female,22,Psychology,90.7,8.2,2.4,6.0,9,3.03,4,75.94
ID02139,Male,22,Mathematics,49.9,1.7,2.24,7.1,8,1.87,6,45.79
ID02140,Female,21,Economics,89.5,7.0,2.75,4.8,9,3.02,6,75.59
ID02141,Female,20,Psychology,78.9,9.7,3.54,7.4,10,3.69,7,89.32
ID02142,Male,21,Psychology,93.1,2.7,2.82,5.2,7,3.17,8,71.95
ID02143,Female,22,Business,99.2,3.7,3.3,4.0,6,3.46,8,72.46
ID02144,Male,18,Psychology,87.9,4.9,2.8,5.8,4,2.95,7,68.9
ID02145,Male,18,Business,100.0,5.3,3.42,5.5,10,3.59,5,85.17
ID02146,Female,19,Mathematics,82.3,3.3,2.92,9.7,6,3.04,6,71.96
ID02147,Male,23,Mathematics,94.4,7.4,2.48,9.5,4,2.79,4,73.22
ID02148,Male,24,Economics,97.1,5.8,2.97,5.3,13,3.22,8,75.83
ID02149,Male,24,Business,83.5,2.4,4.0,6.8,5,4.0,8,82.95
ID02150,Female,24,Computer Science,96.7,7.2,3.99,6.0,5,4.0,8,96.04
ID02151,Male,19,Mathematics,76.1,3.9,3.34,9.8,7,3.39,5,71.67
ID02152,Male,18,Economics,78.7,6.0,3.03,4.3,8,2.89,5,74.33
ID02153,Female,22,Computer Science,65.3,2.5,3.25,7.7,5,3.1,8,69.55
ID02154,Female,19,Mathematics,88.6,2.6,3.26,8.9,9,3.52,6,77.85
ID02155,Male,24,Mathematics,89.9,1.3,3.08,6.2,12,3.15,7,69.65
ID02156,Male,24,Economics,100.0,8.0,3.32,7.0,9,3.97,6,86.78
ID02157,Male,21,Economics,96.9,6.8,3.2,8.6,6,3.6,6,81.66
ID02158,Male,24,Engineering,80.7,4.9,2.94,5.3,6,3.39,7,72.07
ID02159,Male,23,Psychology,67.3,1.7,2.5,8.0,9,2.24,8,54.25
ID02160,Female,24,Psychology,91.5,8.7,2.87,4.7,8,3.47,5,80.31
ID02161,Female,21,Computer Science,100.0,5.9,3.5,4.6,9,3.87,8,81.75
ID02162,Female,24,Psychology,96.3,3.3,3.08,8.3,11,3.28,5,76.92
ID02163,Male,23,Computer Science,100.0,5.1,3.25,5.5,8,3.41,6,76.47
ID02164,Female,22,Mathematics,81.8,3.8,2.96,7.3,6,3.19,8,67.45
ID02165,Male,19,Engineering,78.0,5.9,2.57,5.2,5,2.73,8,66.93
ID02166,Female,23,Engineering,73.9,2.2,2.98,7.4,8,2.8,8,69.82
ID02167,Female,21,Mathematics,84.2,0.9,2.59,4.5,10,2.7,5,57.19
ID02168,Male,19,Economics,83.8,5.6,2.56,8.9,8,2.77,8,65.35
ID02169,Female,19,Business,88.1,6.1,3.7,8.2,4,4.0,8,83.45
ID02170,Male,21,Business,83.1,1.3,2.89,6.1,6,3.01,8,68.09
ID02171,Female,18,Psychology,83.0,0.6,2.73,4.2,11,2.75,4,51.05
ID02172,Male,24,Economics,73.3,4.9,3.91,6.7,9,4.0,7,78.88
ID02173,Male,23,Computer Science,99.1,5.7,3.51,6.5,9,3.76,8,92.63
ID02174,Female,21,Engineering,86.1,3.7,2.91,6.2,7,3.41,7,70.71
ID02175,Male,22,Psychology,82.4,2.3,3.31,8.6,6,3.4,5,67.39
ID02176,Female,20,Mathematics,73.8,11.3,2.98,8.8,9,3.33,7,81.9
ID02177,Male,21,Economics,65.0,5.4,2.75,7.6,10,2.76,4,65.06
ID02178,Female,24,Engineering,100.0,7.9,3.34,9.2,7,3.73,6,89.26
ID02179,Female,24,Computer Science,93.3,2.0,2.94,4.0,5,3.07,7,73.27
ID02180,Male,19,Computer Science,60.6,8.6,3.14,6.5,6,3.5,6,76.69
ID02181,Male,19,Business,96.4,5.3,3.61,6.5,8,4.0,7,82.72
ID02182,Male,21,Psychology,98.8,10.6,3.56,8.3,8,4.0,5,97.21
ID02183,Male,20,Mathematics,86.9,6.0,2.82,6.5,8,3.2,7,70.41
ID02184,Male,21,Engineering,100.0,4.5,3.34,7.8,4,3.55,7,76.82
ID02185,Female,20,Computer Science,88.3,4.0,2.54,6.3,8,3.06,7,59.72
ID02186,Female,20,Engineering,63.7,2.8,3.33,6.0,9,3.13,5,62.62
ID02187,Female,24,Mathematics,90.5,4.0,3.17,8.2,11,3.57,5,71.52
ID02188,Female,24,Engineering,88.7,6.1,3.29,7.0,4,3.56,5,76.08
ID02189,Female,24,Psychology,76.0,6.7,2.95,7.5,6,3.33,6,73.9
ID02190,Female,22,Business,93.6,2.5,4.0,5.1,9,3.98,6,79.8
ID02191,Male,24,Engineering,60.0,1.5,2.65,8.0,9,2.38,5,45.01
ID02192,Female,23,Economics,99.9,5.1,3.59,5.4,13,3.9,6,81.41
ID02193,Female,19,Business,71.8,1.2,2.58,9.6,7,2.46,5,54.41
ID02194,Female,19,Mathematics,70.2,4.1,3.35,6.6,11,3.35,5,70.0
ID02195,Male,20,Business,83.3,1.7,3.39,6.4,9,3.67,7,75.4
ID02196,Male,19,Engineering,91.5,6.5,3.13,8.3,5,3.64,8,77.07
ID02197,Male,18,Engineering,87.5,3.2,2.85,6.9,6,3.28,5,70.11
ID02198,Female,20,Economics,73.9,3.5,3.17,8.1,9,3.25,8,69.01
ID02199,Male,19,Computer Science,77.4,1.5,3.23,6.6,6,3.02,6,66.64
ID02200,Male,18,Economics,68.0,7.5,3.99,8.1,17,3.7,4,84.36
ID02201,Female,22,Engineering,81.6,4.7,2.66,6.9,6,3.08,5,66.2
ID02202,Male,19,Business,100.0,4.8,2.82,8.3,10,3.2,4,71.08
ID02203,Male,18,Economics,84.9,1.8,3.24,8.7,9,3.22,4,69.89
ID02204,Male,21,Economics,97.9,1.1,2.97,4.6,7,2.95,5,66.8
ID02205,Female,23,Computer Science,100.0,2.5,3.05,7.5,6,3.49,6,69.1
ID02206,Female,21,Engineering,76.2,3.2,3.64,9.7,12,3.36,7,78.48
ID02207,Male,18,Engineering,82.2,2.4,1.69,7.9,7,1.92,4,49.87
ID02208,Female,20,Mathematics,100.0,10.7,2.8,10.0,4,3.27,8,83.56
ID02209,Male,24,Computer Science,100.0,7.6,2.23,5.6,16,2.47,5,71.3
ID02210,Female,24,Mathematics,59.9,4.1,2.5,7.4,8,2.4,4,57.3
ID02211,Female,24,Mathematics,90.8,2.6,4.0,7.7,7,4.0,7,80.3
ID02212,Female,20,Mathematics,85.0,2.0,3.4,6.2,5,3.69,7,72.21
ID02213,Male,19,Psychology,97.4,4.0,3.58,5.1,7,3.97,7,79.71
ID02214,Female,24,Mathematics,73.8,4.9,3.06,10.0,13,3.09,4,67.49
ID02215,Female,21,Economics,72.4,3.1,3.48,8.7,11,3.43,4,67.28
ID02216,Male,20,Business,74.9,5.4,2.22,7.8,11,2.31,5,58.97
ID02217,Female,20,Economics,76.4,2.9,3.62,7.1,10,3.68,6,76.38
ID02218,Male,24,Economics,97.2,2.0,2.69,7.2,7,3.12,8,63.2
ID02219,Female,21,Engineering,67.3,5.4,2.83,7.9,5,2.87,5,74.1
ID02220,Male,22,Psychology,75.7,1.1,3.35,9.2,8,3.04,4,69.84
ID02221,Female,20,Mathematics,58.2,1.5,3.26,5.9,10,2.97,8,66.29
ID02222,Male,24,Engineering,100.0,2.2,3.14,7.2,7,3.22,4,74.96
ID02223,Male,23,Computer Science,100.0,2.8,2.42,6.4,8,2.85,4,69.43
ID02224,Male,18,Computer Science,80.1,6.1,3.15,5.4,9,3.67,6,73.18
ID02225,Male,19,Engineering,80.5,1.5,3.58,6.1,3,3.69,6,64.67
ID02226,Male,20,Business,91.8,3.5,2.83,7.3,14,3.13,7,67.52
ID02227,Male,23,Engineering,100.0,5.0,3.76,6.6,9,4.0,8,88.37
ID02228,Female,23,Engineering,91.1,4.7,2.66,7.0,8,2.99,8,69.2
ID02229,Male,20,Psychology,74.5,6.1,3.1,8.1,4,3.14,5,74.28
ID02230,Male,22,Computer Science,60.7,3.6,3.87,8.7,11,3.8,8,79.55
ID02231,Female,18,Computer Science,68.3,2.7,2.76,10.0,6,2.49,7,61.57
ID02232,Male,19,Mathematics,86.1,8.3,3.63,8.2,9,4.0,4,90.43
ID02233,Female,20,Economics,75.2,2.7,4.0,6.1,12,4.0,8,76.38
ID02234,Female,19,Engineering,87.9,2.4,3.19,8.7,6,3.36,4,67.35
ID02235,Female,21,Engineering,76.7,2.3,2.84,6.5,7,2.94,6,67.67
ID02236,Female,23,Business,69.1,2.3,2.71,6.0,9,2.86,7,59.44
ID02237,Female,23,Computer Science,67.3,9.3,3.75,7.9,9,4.0,5,85.12
ID02238,Male,20,Business,100.0,10.2,3.74,9.1,12,4.0,5,94.96
ID02239,Male,20,Psychology,98.3,6.5,3.82,6.1,12,4.0,6,88.15
ID02240,Male,21,Mathematics,100.0,5.5,3.08,7.5,8,3.34,8,76.22
ID02241,Female,22,Business,93.1,2.4,3.62,7.7,8,3.86,5,74.0
ID02242,Male,20,Computer Science,78.6,3.1,3.08,5.6,4,3.07,7,63.7
ID02243,Female,23,Psychology,100.0,1.3,2.66,4.9,13,2.59,6,63.59
ID02244,Female,19,Engineering,84.5,3.5,3.66,4.9,13,3.79,4,76.67
ID02245,Female,18,Psychology,88.3,1.7,3.92,8.9,7,3.89,7,82.7
ID02246,Male,24,Economics,84.4,4.5,2.59,6.3,11,2.93,8,66.59
ID02247,Male,19,Business,40.8,2.6,2.58,6.1,8,2.43,6,51.67
ID02248,Female,22,Computer Science,100.0,4.8,3.12,7.5,8,3.48,4,75.27
ID02249,Female,18,Business,92.4,2.3,3.58,9.0,7,3.8,4,76.56
ID02250,Male,19,Engineering,89.9,1.2,2.53,5.3,5,2.59,6,60.75
ID02251,Male,19,Engineering,84.1,2.0,3.21,4.2,8,3.45,6,71.31
ID02252,Female,21,Computer Science,87.5,5.0,2.8,9.2,7,3.2,6,70.09
ID02253,Female,24,Economics,76.0,5.2,3.45,7.8,6,3.42,5,80.07
ID02254,Female,22,Mathematics,94.2,4.9,2.7,5.4,10,3.06,6,70.5
ID02255,Female,23,Psychology,65.4,4.5,3.49,6.3,5,3.52,5,75.72
ID02256,Female,21,Psychology,87.8,4.1,3.02,5.5,6,3.42,7,70.21
ID02257,Male,18,Engineering,93.4,5.9,2.63,8.0,6,2.94,7,65.87
ID02258,Male,24,Business,82.0,0.6,3.13,8.5,12,3.37,7,65.54
ID02259,Male,23,Business,90.6,9.1,2.13,8.0,12,2.74,4,72.31
ID02260,Male,21,Economics,70.1,3.5,2.82,7.2,11,2.75,8,65.03
ID02261,Female,24,Mathematics,70.5,5.9,3.27,7.6,5,3.35,4,75.65
ID02262,Female,22,Business,88.6,3.9,2.21,5.9,4,2.26,8,59.29
ID02263,Female,20,Psychology,95.2,2.5,1.81,6.3,12,2.26,4,51.27
ID02264,Male,20,Business,56.9,3.3,1.93,7.0,9,1.53,6,49.02
ID02265,Female,18,Mathematics,92.8,2.0,3.76,6.6,3,4.0,4,80.18
ID02266,Female,20,Psychology,76.9,2.2,3.06,7.0,8,3.16,4,64.02
ID02267,Female,21,Business,82.1,5.3,2.83,4.6,6,3.08,7,73.37
ID02268,Female,18,Psychology,64.9,4.5,3.57,8.3,8,3.43,7,71.66
ID02269,Male,23,Engineering,72.2,1.1,2.9,5.4,8,2.68,4,58.37
ID02270,Male,22,Engineering,99.5,2.3,3.23,4.0,7,3.57,8,78.8
ID02271,Male,18,Economics,85.5,3.5,3.11,5.9,7,3.48,5,73.74
ID02272,Male,23,Engineering,79.3,3.9,2.86,6.7,5,2.9,5,65.88
ID02273,Male,18,Business,83.3,11.1,3.25,10.0,12,3.87,5,88.57
ID02274,Female,19,Mathematics,92.3,4.5,3.49,6.3,4,3.83,6,80.53
ID02275,Female,19,Psychology,91.6,0.9,3.01,7.3,9,3.38,4,57.85
ID02276,Female,18,Computer Science,83.9,4.1,2.87,7.5,6,3.42,6,65.92
ID02277,Female,24,Engineering,100.0,1.7,2.93,4.7,11,2.98,5,68.53
ID02278,Male,20,Engineering,99.6,3.6,1.95,6.8,5,2.46,4,57.84
ID02279,Female,19,Computer Science,91.2,11.6,3.24,6.6,11,4.0,5,91.29
ID02280,Male,24,Computer Science,85.8,2.9,2.5,7.1,7,2.78,7,65.01
ID02281,Male,24,Business,94.9,6.7,3.41,7.6,8,3.86,7,83.05
ID02282,Male,22,Psychology,89.7,4.0,3.05,8.3,2,3.45,5,69.19
ID02283,Male,23,Engineering,100.0,8.9,3.15,5.7,6,3.82,5,87.09
ID02284,Male,21,Mathematics,98.5,5.5,3.45,7.7,8,3.84,7,82.08
ID02285,Male,19,Business,69.7,7.2,2.64,5.9,8,2.75,7,67.66
ID02286,Male,18,Business,68.7,5.0,3.28,5.6,9,3.21,8,71.4
ID02287,Female,20,Mathematics,74.5,2.9,3.23,9.6,7,3.01,8,75.56
ID02288,Male,21,Mathematics,99.6,8.3,3.01,4.3,4,3.67,8,76.17
ID02289,Male,23,Economics,61.4,4.6,2.64,6.2,8,2.6,8,59.68
ID02290,Male,24,Mathematics,90.9,3.0,3.4,7.3,3,3.83,6,75.46
ID02291,Female,23,Computer Science,90.4,2.5,3.45,6.1,9,3.69,5,72.69
ID02292,Male,19,Engineering,100.0,4.7,3.16,7.2,6,3.38,5,80.55
ID02293,Male,23,Economics,87.7,7.5,2.56,5.0,6,2.91,5,74.56
ID02294,Male,23,Computer Science,64.9,5.2,2.84,4.2,4,2.68,7,65.53
ID02295,Male,20,Economics,70.6,3.2,3.07,5.7,6,3.17,7,65.45
ID02296,Male,24,Engineering,67.3,5.1,3.44,7.2,8,3.45,8,73.99
ID02297,Male,20,Economics,76.9,6.3,2.31,6.7,8,2.57,4,63.27
ID02298,Male,20,Computer Science,82.3,1.3,2.82,8.0,11,3.01,6,61.71
ID02299,Male,18,Psychology,67.5,1.7,2.9,4.9,11,2.81,5,59.59
ID02300,Male,23,Engineering,100.0,6.0,3.06,6.1,7,3.41,8,79.83
ID02301,Female,23,Business,65.1,1.6,2.45,6.9,11,2.22,5,55.42
ID02302,Female,23,Engineering,100.0,3.6,2.99,5.5,8,3.34,4,69.62
ID02303,Male,22,Engineering,100.0,4.3,2.94,7.2,4,3.39,6,70.87
ID02304,Male,20,Engineering,98.5,2.1,2.58,6.6,8,2.68,8,59.05
ID02305,Female,21,Psychology,74.6,3.6,3.04,7.7,8,3.16,8,70.25
ID02306,Male,19,Computer Science,90.1,4.3,2.83,7.4,5,3.23,4,70.79
ID02307,Male,24,Business,65.8,7.7,3.35,4.2,9,3.35,5,79.43
ID02308,Female,21,Computer Science,98.7,7.2,2.66,9.2,7,3.2,4,71.36
ID02309,Male,24,Economics,83.9,4.7,3.14,4.0,11,3.5,5,78.9
ID02310,Male,18,Economics,78.9,2.7,2.7,4.7,15,2.59,6,60.42
ID02311,Male,18,Economics,66.6,7.3,2.8,6.9,11,2.89,5,70.25
ID02312,Female,24,Computer Science,47.8,7.5,3.25,7.4,12,3.19,4,74.2
ID02313,Male,23,Mathematics,69.4,2.5,3.22,6.6,14,3.06,6,63.66
ID02314,Female,21,Psychology,100.0,4.5,2.89,6.2,11,3.14,4,72.1
ID02315,Female,23,Mathematics,79.0,3.0,2.97,6.9,8,2.87,5,67.13
ID02316,Male,22,Economics,82.5,4.8,2.37,7.8,5,2.82,4,71.38
ID02317,Male,18,Psychology,94.8,2.4,3.8,5.3,9,4.0,4,81.65
ID02318,Male,18,Computer Science,100.0,6.2,3.44,5.3,10,3.63,6,89.52
ID02319,Male,21,Economics,100.0,4.8,3.43,5.7,6,3.78,8,85.38
ID02320,Male,18,Computer Science,70.4,2.4,2.3,9.0,11,1.98,7,55.13
ID02321,Female,22,Psychology,55.9,5.9,2.8,7.6,11,2.81,4,61.31
ID02322,Female,22,Computer Science,100.0,2.7,2.93,7.9,7,3.33,4,73.87
ID02323,Female,22,Computer Science,100.0,1.1,2.13,9.4,8,2.32,5,51.99
ID02324,Male,19,Business,87.8,2.0,3.54,8.2,7,3.59,7,79.43
ID02325,Female,22,Mathematics,65.9,6.6,3.83,7.2,3,4.0,7,82.94
ID02326,Female,22,Mathematics,99.4,9.4,4.0,9.3,7,4.0,8,90.7
ID02327,Female,19,Mathematics,83.4,9.6,2.58,5.5,8,3.11,5,74.5
ID02328,Male,23,Engineering,83.3,2.8,3.16,6.6,10,3.26,4,71.84
ID02329,Female,20,Business,98.4,3.6,3.76,8.7,9,3.99,4,82.79
ID02330,Male,18,Economics,90.0,3.1,2.97,4.0,8,3.04,4,71.68
ID02331,Male,22,Economics,67.2,4.0,2.82,5.8,4,2.81,4,61.02
ID02332,Male,18,Economics,80.1,1.6,2.17,8.2,10,2.49,8,49.14
ID02333,Female,21,Mathematics,94.9,2.9,3.67,7.2,4,4.0,5,79.77
ID02334,Female,18,Mathematics,92.7,4.5,3.09,7.8,12,3.39,8,74.76
ID02335,Male,24,Business,88.9,6.7,2.74,4.1,7,3.08,6,72.25
ID02336,Male,23,Computer Science,99.0,4.7,3.24,5.7,10,3.7,6,82.38
ID02337,Male,19,Mathematics,79.6,3.5,3.18,8.0,5,3.05,6,68.07
ID02338,Male,18,Economics,87.7,2.1,3.18,5.6,9,3.49,8,70.79
ID02339,Male,18,Computer Science,34.4,6.9,2.99,8.2,7,2.61,4,63.72
ID02340,Male,18,Mathematics,78.3,1.5,3.91,7.4,13,3.8,4,71.67
ID02341,Female,20,Psychology,96.5,1.7,3.03,5.2,7,3.26,6,65.23
ID02342,Male,20,Engineering,79.1,5.6,3.91,7.5,6,4.0,5,84.77
ID02343,Male,21,Mathematics,78.0,6.0,3.38,8.1,13,3.46,6,83.92
ID02344,Male,19,Psychology,69.4,0.6,3.28,7.5,8,3.16,7,65.39
ID02345,Female,18,Business,100.0,3.5,3.04,7.8,8,3.41,6,68.62
ID02346,Female,18,Psychology,93.2,1.0,3.59,4.4,8,3.56,5,65.33
ID02347,Female,18,Business,97.4,3.6,3.16,10.0,11,3.42,5,77.2
ID02348,Male,18,Mathematics,59.1,3.2,2.63,10.0,8,2.43,7,57.05
ID02349,Female,20,Business,82.6,8.3,2.62,9.1,8,2.96,5,76.7
ID02350,Male,23,Psychology,80.8,5.1,3.31,7.2,5,3.54,6,73.27
ID02351,Female,23,Engineering,80.8,5.2,2.65,6.4,10,3.02,6,68.09
ID02352,Female,21,Computer Science,75.8,7.6,3.07,6.4,11,3.25,7,78.9
ID02353,Female,24,Computer Science,79.8,7.7,3.63,8.2,9,3.62,7,83.92
ID02354,Female,22,Engineering,97.7,4.3,3.25,8.6,3,3.54,6,76.43
ID02355,Female,19,Economics,56.3,2.7,2.74,6.0,7,2.4,5,57.23
ID02356,Male,23,Computer Science,100.0,6.5,3.8,7.0,10,4.0,5,91.88
ID02357,Female,24,Mathematics,92.3,6.3,3.37,8.9,8,3.7,6,81.97
ID02358,Male,18,Economics,84.4,5.6,3.61,6.8,9,4.0,5,84.86
ID02359,Male,23,Mathematics,98.6,4.3,1.97,7.2,6,2.45,7,58.95
ID02360,Male,21,Psychology,63.2,3.6,3.27,9.1,7,3.19,5,63.98
ID02361,Male,22,Psychology,75.0,7.8,3.52,8.8,7,3.68,7,88.68
ID02362,Male,23,Economics,83.2,3.2,3.95,8.2,12,4.0,7,79.7
ID02363,Male,21,Economics,100.0,2.6,2.37,5.4,13,2.66,8,61.08
ID02364,Male,20,Economics,84.3,3.4,3.7,5.4,8,3.98,4,78.55
ID02365,Female,22,Economics,91.8,2.3,3.92,5.9,7,3.99,7,81.65
ID02366,Male,21,Business,76.2,6.3,2.09,6.2,8,2.22,4,59.23
ID02367,Male,24,Economics,92.3,4.3,3.34,7.3,8,3.82,5,77.55
ID02368,Female,23,Economics,100.0,1.0,3.41,6.9,8,3.66,4,73.77
ID02369,Male,20,Psychology,99.9,5.1,2.94,6.8,6,3.53,4,76.12
ID02370,Female,24,Mathematics,83.8,3.5,2.85,6.6,8,3.32,4,60.07
ID02371,Female,21,Psychology,95.1,4.0,3.43,5.7,11,3.65,4,84.58
ID02372,Female,21,Computer Science,93.7,4.6,2.79,6.3,7,3.09,8,70.55
ID02373,Female,24,Business,92.6,2.9,2.99,10.0,4,3.03,4,71.8
ID02374,Male,23,Business,100.0,2.6,3.51,8.0,10,3.75,5,74.33
ID02375,Female,22,Mathematics,100.0,5.6,3.98,7.0,7,4.0,7,89.51
ID02376,Male,20,Economics,83.1,1.8,3.37,4.7,7,3.32,8,68.7
ID02377,Male,18,Psychology,94.6,2.2,3.17,5.5,8,3.19,8,76.05
ID02378,Female,19,Computer Science,79.3,2.5,2.84,6.9,10,2.8,4,62.12
ID02379,Male,22,Psychology,71.2,6.8,2.59,9.0,9,2.84,8,69.29
ID02380,Female,20,Economics,81.0,7.9,3.65,7.3,9,4.0,7,84.29
ID02381,Female,24,Economics,83.9,2.5,3.02,7.3,11,3.27,4,66.14
ID02382,Female,21,Engineering,60.1,2.2,3.68,8.7,3,3.49,6,69.29
ID02383,Female,24,Psychology,97.9,4.3,2.94,5.5,9,3.15,8,77.35
ID02384,Male,20,Mathematics,43.5,3.5,2.78,9.1,7,2.49,5,50.43
ID02385,Male,24,Psychology,100.0,6.4,3.31,6.4,9,3.78,4,79.37
ID02386,Female,24,Business,100.0,5.3,3.06,8.7,9,3.34,8,71.83
ID02387,Male,19,Computer Science,81.1,9.9,2.5,9.5,8,3.22,8,71.19
ID02388,Female,23,Mathematics,85.1,2.3,4.0,5.6,11,4.0,8,78.44
ID02389,Female,19,Engineering,89.5,6.3,2.79,7.0,12,3.39,8,68.49
ID02390,Female,18,Computer Science,76.2,3.2,3.56,8.2,11,3.48,8,72.2
ID02391,Male,18,Computer Science,87.9,2.1,3.52,6.6,8,3.75,6,68.53
ID02392,Male,19,Business,82.8,3.1,2.47,6.6,10,2.6,4,57.81
ID02393,Male,22,Business,83.6,3.3,2.6,6.4,10,3.06,7,66.85
ID02394,Male,22,Business,87.7,7.5,2.95,4.2,8,3.28,5,78.7
ID02395,Female,24,Mathematics,65.3,1.4,2.67,8.6,10,2.56,6,56.4
ID02396,Male,24,Psychology,85.6,2.5,3.96,5.5,11,4.0,7,77.84
ID02397,Male,21,Computer Science,87.5,4.2,3.0,4.0,4,3.27,8,66.92
ID02398,Male,18,Psychology,86.9,2.0,3.54,8.6,5,3.75,5,70.98
ID02399,Female,21,Psychology,81.8,9.3,3.36,7.7,8,3.91,5,85.12
ID02400,Female,18,Business,100.0,10.2,3.23,5.0,14,3.88,7,92.42
ID02401,Male,19,Psychology,79.7,4.0,3.12,8.6,6,3.13,4,73.53
ID02402,Male,22,Computer Science,88.4,5.6,3.72,8.0,10,4.0,6,86.34
ID02403,Male,24,Computer Science,100.0,8.5,2.69,7.0,5,3.32,7,76.77
ID02404,Male,22,Economics,83.8,3.7,3.96,6.5,8,4.0,6,82.87
ID02405,Female,19,Engineering,88.2,5.4,2.46,6.8,5,2.94,5,65.71
ID02406,Female,21,Mathematics,83.6,1.9,3.49,7.3,4,3.8,8,72.08
ID02407,Male,21,Psychology,100.0,1.0,2.4,5.8,7,2.48,5,66.11
ID02408,Male,20,Mathematics,81.1,6.7,2.94,8.7,9,3.22,7,68.81
ID02409,Female,24,Mathematics,100.0,3.8,3.15,7.8,4,3.61,6,75.21
ID02410,Male,24,Mathematics,83.4,10.0,2.86,6.8,10,3.61,4,83.81
ID02411,Female,24,Economics,72.1,2.8,3.01,9.6,4,2.72,6,60.61
ID02412,Male,18,Mathematics,95.2,1.7,2.41,6.5,8,2.64,4,58.41
ID02413,Male,21,Economics,80.4,6.4,2.61,9.3,5,2.82,8,67.2
ID02414,Male,19,Computer Science,94.3,9.5,3.35,7.4,8,3.9,7,87.97
ID02415,Male,21,Psychology,44.1,1.9,3.11,8.1,5,2.62,5,52.8
ID02416,Female,22,Economics,85.1,2.2,2.75,6.4,7,2.88,6,65.27
ID02417,Male,18,Engineering,78.1,8.3,3.76,4.2,13,3.91,7,89.82
ID02418,Male,24,Mathematics,69.1,11.7,2.49,7.7,4,3.01,5,76.44
ID02419,Male,23,Engineering,76.7,5.4,2.92,5.2,6,2.91,5,67.51
ID02420,Male,20,Computer Science,76.4,2.6,2.85,6.1,5,2.72,6,63.75
ID02421,Male,18,Computer Science,84.3,7.9,3.41,7.1,10,3.92,5,81.06
ID02422,Male,22,Business,64.5,3.4,3.12,6.0,7,3.18,7,64.83
ID02423,Female,24,Mathematics,89.7,2.7,3.05,7.0,6,3.51,4,76.22
ID02424,Male,22,Business,100.0,2.9,2.18,7.3,8,2.47,8,61.06
ID02425,Male,22,Engineering,89.2,5.9,3.53,4.8,12,4.0,5,79.07
ID02426,Female,24,Psychology,97.1,4.1,2.99,7.4,5,3.54,6,74.13
ID02427,Male,22,Business,100.0,5.2,3.16,6.1,4,3.59,4,74.79
ID02428,Female,19,Computer Science,100.0,6.5,2.73,5.4,7,2.96,5,71.94
ID02429,Male,20,Mathematics,100.0,3.5,2.65,4.0,10,3.03,7,65.31
ID02430,Female,23,Engineering,77.5,6.9,3.85,4.7,12,4.0,5,84.78
ID02431,Female,22,Economics,74.2,4.0,2.21,7.0,7,2.41,4,59.75
ID02432,Female,22,Computer Science,96.8,2.9,2.57,7.1,10,3.05,6,67.07
ID02433,Female,21,Economics,95.6,1.5,3.84,7.8,10,3.98,4,81.27
ID02434,Male,20,Psychology,96.6,3.4,3.42,9.6,6,3.57,5,74.68
ID02435,Female,18,Mathematics,100.0,8.8,2.94,9.0,7,3.5,6,81.4
ID02436,Male,20,Psychology,85.2,6.3,3.72,8.5,13,4.0,6,85.87
ID02437,Male,20,Psychology,91.4,5.2,3.32,8.8,6,3.78,7,77.02
ID02438,Male,24,Mathematics,70.3,2.0,3.22,7.3,6,3.07,7,65.01
ID02439,Male,24,Mathematics,100.0,2.9,3.21,7.2,10,3.57,8,76.26
ID02440,Male,24,Economics,80.0,5.8,3.33,9.3,4,3.85,4,76.34
ID02441,Female,23,Psychology,80.4,6.6,3.35,7.3,10,3.72,5,80.04
ID02442,Male,20,Engineering,79.8,6.3,4.0,7.4,10,4.0,4,92.33
ID02443,Female,23,Economics,75.3,4.7,3.0,8.7,6,2.95,4,68.96
ID02444,Female,22,Mathematics,74.1,2.4,3.02,6.6,7,2.82,5,68.39
ID02445,Male,24,Computer Science,77.1,6.6,2.48,6.8,5,2.53,6,68.25
ID02446,Male,22,Economics,64.5,2.9,3.07,5.0,4,2.92,8,59.74
ID02447,Male,24,Business,73.2,6.7,4.0,6.3,5,4.0,7,83.39
ID02448,Male,19,Engineering,100.0,3.4,3.59,6.5,13,3.86,7,78.66
ID02449,Male,23,Economics,96.0,9.7,2.83,6.6,10,3.36,7,79.75
ID02450,Male,23,Mathematics,98.9,3.2,3.12,8.2,8,3.48,4,73.75
ID02451,Male,18,Mathematics,100.0,3.1,2.45,5.5,8,2.7,8,66.73
ID02452,Female,21,Engineering,100.0,3.8,2.62,9.2,7,3.02,8,72.39
ID02453,Female,20,Business,58.4,2.5,3.17,4.0,8,2.63,4,64.11
ID02454,Male,18,Economics,66.6,2.2,2.85,7.9,9,2.64,6,58.9
ID02455,Female,23,Economics,72.9,2.4,2.58,8.2,9,2.39,8,52.25
ID02456,Male,18,Psychology,78.0,8.1,3.34,8.0,7,3.42,6,81.84
ID02457,Male,19,Computer Science,80.5,2.3,3.06,8.6,13,3.38,8,66.88
ID02458,Female,21,Mathematics,78.3,3.2,2.32,6.7,8,2.21,8,58.42
ID02459,Male,23,Economics,88.3,12.3,2.06,8.9,6,2.58,6,81.32
ID02460,Male,23,Economics,85.5,6.8,2.81,6.0,2,3.42,4,77.33
ID02461,Female,20,Economics,74.2,6.7,2.31,6.1,10,2.58,5,66.07
ID02462,Female,24,Business,52.4,11.3,2.17,10.0,9,2.01,5,62.65
ID02463,Female,21,Computer Science,70.1,3.8,3.66,7.3,10,3.7,6,73.91
ID02464,Female,19,Economics,76.8,1.1,3.05,8.4,9,2.83,6,63.05
ID02465,Female,22,Engineering,81.3,6.4,2.97,7.7,8,3.39,6,71.64
ID02466,Male,18,Mathematics,68.1,3.5,3.01,8.1,10,2.79,4,66.91
ID02467,Male,20,Psychology,77.6,12.4,2.53,4.0,11,3.01,5,80.06
ID02468,Male,23,Engineering,68.0,1.0,3.31,7.6,10,3.11,7,61.25
ID02469,Male,22,Mathematics,83.1,2.2,3.03,7.0,11,3.27,4,70.43
ID02470,Male,19,Business,68.9,2.8,2.72,8.5,8,2.76,5,60.53
ID02471,Male,21,Computer Science,72.3,3.8,2.8,5.8,11,2.67,8,58.99
ID02472,Female,18,Computer Science,65.4,1.6,2.49,8.8,7,2.13,4,53.63
ID02473,Female,20,Mathematics,82.7,4.9,2.9,5.2,6,3.35,6,71.19
ID02474,Female,23,Engineering,72.0,2.7,2.98,6.3,7,2.96,5,67.29
ID02475,Male,23,Psychology,98.6,7.0,2.88,4.6,11,3.28,4,77.24
ID02476,Female,22,Business,91.1,8.5,3.13,5.4,7,3.63,6,85.3
ID02477,Male,22,Mathematics,84.0,3.3,3.06,7.0,7,3.25,6,70.24
ID02478,Female,18,Business,73.0,5.4,3.22,9.1,8,3.33,4,69.38
ID02479,Male,21,Computer Science,90.7,4.0,3.57,7.1,12,3.81,4,75.52
ID02480,Female,19,Economics,95.4,3.8,3.4,5.1,10,3.56,4,81.57
ID02481,Male,24,Economics,87.1,1.6,3.58,4.0,8,3.76,7,77.79
ID02482,Female,21,Psychology,100.0,3.7,2.68,8.0,6,3.11,8,70.22
ID02483,Female,21,Business,91.9,6.6,2.85,6.0,5,3.42,4,79.85
ID02484,Male,21,Mathematics,98.7,5.0,3.43,6.2,5,3.66,5,85.01
ID02485,Male,24,Psychology,87.0,2.2,3.44,8.6,14,3.7,5,75.5
ID02486,Female,18,Engineering,95.1,1.6,2.76,6.8,11,3.06,5,62.19
ID02487,Male,24,Economics,73.0,3.6,3.41,6.6,5,3.48,5,77.53
ID02488,Female,18,Mathematics,78.1,2.5,2.63,7.2,7,2.79,4,62.3
ID02489,Female,24,Business,90.2,2.7,3.34,9.2,3,3.46,6,72.72
ID02490,Male,19,Psychology,90.1,2.5,3.09,7.4,11,3.44,5,68.01
ID02491,Male,21,Mathematics,92.6,4.0,2.41,4.0,4,2.69,5,65.06
ID02492,Male,18,Psychology,100.0,5.6,2.88,5.8,16,2.87,5,70.79
ID02493,Female,24,Psychology,63.6,2.4,4.0,6.6,12,4.0,8,77.8
ID02494,Male,19,Psychology,70.4,2.4,3.2,8.3,4,3.03,7,63.54
ID02495,Male,24,Business,88.4,1.7,4.0,5.1,5,4.0,6,81.61
ID02496,Male,23,Mathematics,74.1,4.4,2.38,7.2,9,2.47,5,58.49
ID02497,Female,19,Computer Science,100.0,6.6,3.48,6.9,7,3.96,8,85.26
ID02498,Female,21,Computer Science,92.7,3.7,1.83,8.5,7,2.05,8,53.47
ID02499,Female,20,Business,83.8,5.7,3.1,5.5,6,3.3,4,74.49
ID02500,Male,21,Business,77.3,7.6,3.42,7.3,6,3.55,8,87.22
ID02501,Female,20,Economics,77.8,4.6,3.52,9.3,8,3.35,7,81.21
ID02502,Female,19,Psychology,85.5,2.2,2.7,8.3,8,2.95,4,63.96
ID02503,Female,23,Mathematics,86.7,2.1,3.62,7.9,10,3.97,7,75.57
ID02504,Female,23,Mathematics,78.1,2.3,2.83,6.5,12,2.85,4,65.57
ID02505,Male,18,Engineering,80.9,10.4,3.02,7.2,8,3.86,4,85.94
ID02506,Male,23,Engineering,100.0,12.0,2.88,6.8,11,3.54,4,86.11
ID02507,Female,22,Computer Science,100.0,3.2,2.53,8.3,11,2.87,6,65.96
ID02508,Male,19,Engineering,88.8,7.4,3.88,7.8,8,4.0,7,84.88
ID02509,Female,18,Engineering,64.9,8.1,3.12,6.1,10,3.2,6,78.69
ID02510,Female,23,Computer Science,93.1,1.6,3.64,9.6,10,3.57,4,82.72
ID02511,Male,19,Economics,100.0,10.0,3.62,8.8,9,4.0,4,95.02
ID02512,Female,21,Computer Science,100.0,3.4,2.62,5.7,7,2.95,8,61.45
ID02513,Male,23,Engineering,96.0,3.3,3.71,6.5,4,4.0,8,83.44
ID02514,Male,24,Mathematics,100.0,1.8,3.35,6.8,7,3.58,7,71.95
ID02515,Female,20,Engineering,85.8,10.4,2.58,8.2,7,2.97,4,75.73
ID02516,Female,19,Psychology,94.4,4.2,3.32,5.8,8,3.39,8,79.53
ID02517,Male,18,Psychology,74.8,9.8,2.59,6.0,6,3.1,7,74.68
ID02518,Male,21,Psychology,89.4,7.8,3.9,8.3,9,4.0,6,90.11
ID02519,Female,22,Economics,100.0,3.2,3.51,7.8,8,3.93,4,77.71
ID02520,Female,21,Business,76.2,4.3,3.06,4.1,6,2.85,8,70.1
ID02521,Female,23,Psychology,72.1,2.6,3.73,8.0,9,3.58,6,73.28
ID02522,Male,20,Mathematics,86.5,2.8,2.31,4.8,9,2.37,4,55.66
ID02523,Male,21,Economics,81.6,5.2,2.73,6.0,5,3.05,5,67.34
ID02524,Male,22,Business,94.7,6.2,2.97,6.5,12,3.39,6,77.93
ID02525,Female,24,Business,78.2,1.1,4.0,6.3,10,3.75,4,76.22
ID02526,Male,18,Psychology,100.0,1.1,2.56,6.0,5,2.95,5,58.16
ID02527,Male,19,Engineering,65.7,2.9,2.25,5.4,6,1.95,6,56.13
ID02528,Female,20,Computer Science,100.0,4.7,2.38,7.8,14,2.87,8,58.91
ID02529,Male,22,Engineering,73.5,8.2,3.55,4.6,8,3.72,4,82.25
ID02530,Female,23,Engineering,58.1,4.1,2.8,6.2,5,2.39,6,59.36
ID02531,Female,23,Business,88.6,3.4,3.02,8.2,12,3.09,8,70.92
ID02532,Female,23,Business,81.2,5.6,3.48,7.6,10,3.95,8,81.03
ID02533,Male,20,Economics,68.4,2.2,3.02,4.9,4,2.81,8,66.41
ID02534,Male,21,Economics,59.8,4.2,3.2,4.1,7,2.84,4,65.21
ID02535,Female,20,Business,84.9,3.7,3.37,5.4,10,3.62,8,76.72
ID02536,Female,23,Mathematics,99.6,4.4,2.88,4.0,9,3.18,8,73.89
ID02537,Female,24,Mathematics,93.8,7.6,3.02,7.1,14,3.58,5,75.04
ID02538,Male,22,Computer Science,85.9,1.2,3.22,6.3,7,3.26,6,73.85
ID02539,Female,19,Business,92.2,3.8,3.53,6.4,8,3.97,6,74.87
ID02540,Female,19,Psychology,84.6,6.1,2.7,7.8,5,3.07,6,71.73
ID02541,Female,20,Economics,63.6,5.4,1.59,8.3,5,1.46,5,49.73
ID02542,Female,23,Business,63.7,1.3,3.44,7.4,7,3.2,8,66.65
ID02543,Female,18,Mathematics,82.0,1.1,3.56,6.7,9,3.66,8,70.17
ID02544,Female,24,Business,82.6,5.9,3.2,5.9,5,3.6,5,78.93
ID02545,Male,20,Mathematics,97.8,1.3,3.23,6.5,6,3.43,8,66.78
ID02546,Male,23,Business,96.4,4.3,2.82,7.3,7,3.03,5,71.28
ID02547,Male,21,Psychology,94.1,7.3,3.35,8.4,5,3.58,7,82.5
ID02548,Male,19,Computer Science,80.8,1.5,3.53,4.9,5,3.46,6,69.71
ID02549,Male,19,Psychology,64.3,9.9,3.13,5.3,5,3.34,6,80.2
ID02550,Male,24,Mathematics,91.2,5.8,4.0,7.0,10,4.0,4,92.63
ID02551,Male,19,Economics,92.9,14.0,2.32,4.0,9,3.1,7,82.1
ID02552,Male,18,Economics,49.2,3.0,3.18,7.4,9,3.0,5,64.37
ID02553,Female,23,Engineering,72.5,8.4,2.51,8.6,6,2.61,5,69.59
ID02554,Female,23,Psychology,74.6,3.2,3.54,10.0,7,3.31,4,71.05
ID02555,Male,24,Business,86.8,4.1,2.31,7.1,11,2.79,8,60.89
ID02556,Female,23,Computer Science,72.9,2.6,2.43,8.3,6,2.4,4,55.94
ID02557,Male,24,Business,84.4,4.0,2.78,7.0,4,3.17,7,65.24
ID02558,Male,23,Business,81.8,6.8,3.23,9.4,10,3.78,8,79.75
ID02559,Male,18,Psychology,82.6,10.0,2.8,6.4,10,3.5,4,79.85
ID02560,Male,22,Computer Science,74.3,2.3,2.81,7.5,14,2.79,6,57.04
ID02561,Female,20,Engineering,75.4,4.5,3.01,7.9,11,3.09,6,64.28
ID02562,Female,20,Business,68.8,2.8,2.98,7.6,6,3.02,5,65.05
ID02563,Male,23,Computer Science,90.7,4.6,3.84,5.8,10,4.0,7,82.23
ID02564,Male,21,Engineering,93.6,7.4,3.44,4.9,8,3.77,6,86.41
ID02565,Male,19,Business,73.4,3.0,2.94,8.5,9,3.02,6,67.12
ID02566,Male,18,Computer Science,100.0,5.2,4.0,7.4,7,4.0,6,86.59
ID02567,Male,21,Psychology,80.3,2.2,3.35,7.1,12,3.48,8,66.3
ID02568,Male,21,Economics,100.0,7.7,2.62,8.3,13,3.07,7,81.45
ID02569,Female,23,Economics,75.4,6.3,3.23,8.3,8,3.41,5,76.92
ID02570,Female,18,Business,54.6,2.4,3.37,7.5,12,2.86,8,63.53
ID02571,Male,20,Business,91.0,2.4,2.76,8.0,7,2.88,8,62.7
ID02572,Female,19,Computer Science,88.7,8.7,2.57,6.2,10,3.17,8,73.38
ID02573,Male,20,Economics,85.5,11.7,3.14,7.8,9,3.69,7,84.38
ID02574,Male,21,Business,75.4,2.5,2.92,4.6,4,2.93,5,66.65
ID02575,Male,19,Engineering,84.5,6.8,3.84,7.0,5,4.0,7,85.19
ID02576,Female,22,Business,77.3,3.2,3.47,8.1,8,3.47,5,76.72
ID02577,Female,21,Economics,80.5,8.7,2.78,5.9,6,3.39,5,74.55
ID02578,Female,20,Mathematics,97.6,3.4,3.31,7.2,7,3.7,6,73.58
ID02579,Male,20,Economics,87.8,6.0,3.73,7.5,5,4.0,8,83.96
ID02580,Female,23,Engineering,94.1,4.4,2.4,5.7,1,2.48,6,57.45
ID02581,Male,20,Computer Science,81.5,0.8,2.59,8.7,4,2.82,5,57.23
ID02582,Female,18,Engineering,79.9,2.3,3.09,7.5,8,3.14,6,66.55
ID02583,Male,21,Mathematics,67.7,5.9,3.12,4.5,4,3.12,5,74.1
ID02584,Male,24,Mathematics,79.4,5.5,3.07,7.1,7,3.31,7,67.4
ID02585,Female,24,Business,35.2,4.7,2.94,9.2,2,2.45,5,62.11
ID02586,Female,19,Business,76.1,10.2,2.94,7.0,5,3.23,6,82.31
ID02587,Male,20,Economics,83.8,6.5,3.29,6.0,11,3.7,5,82.94
ID02588,Female,23,Psychology,93.5,6.1,3.67,6.2,9,3.97,5,85.88
ID02589,Male,23,Engineering,81.0,0.8,2.86,6.8,9,3.15,8,64.22
ID02590,Female,20,Economics,90.2,6.7,4.0,5.2,3,4.0,5,86.54
ID02591,Female,18,Psychology,52.3,1.4,4.0,9.1,12,3.55,4,73.01
ID02592,Female,23,Economics,84.1,4.0,3.76,8.4,7,3.98,5,78.41
ID02593,Female,24,Mathematics,59.8,1.4,3.41,8.6,9,2.97,6,59.68
ID02594,Male,19,Business,66.9,5.3,4.0,4.7,7,4.0,4,78.95
ID02595,Male,21,Business,82.2,7.5,2.95,7.2,13,3.42,5,76.13
ID02596,Female,22,Economics,100.0,3.8,2.68,8.6,10,2.85,4,66.98
ID02597,Male,18,Business,90.6,3.9,2.84,5.6,8,3.13,6,70.63
ID02598,Male,23,Computer Science,85.3,2.1,2.6,6.9,9,2.93,7,55.85
ID02599,Male,21,Economics,84.7,7.5,3.16,5.4,8,3.57,8,73.24
ID02600,Male,22,Mathematics,74.3,1.5,3.25,8.3,9,3.22,5,70.38
ID02601,Female,20,Economics,76.8,4.4,3.2,6.7,10,3.21,8,74.71
ID02602,Male,20,Economics,91.4,3.8,3.09,6.9,6,3.49,5,69.79
ID02603,Female,19,Business,64.2,5.0,3.17,5.3,12,3.24,7,69.63
ID02604,Male,22,Mathematics,93.9,6.4,3.97,9.3,8,4.0,6,93.92
ID02605,Male,20,Economics,79.2,3.6,3.41,7.1,5,3.25,7,75.15
ID02606,Male,20,Business,97.4,6.8,3.56,8.2,12,4.0,7,87.34
ID02607,Male,24,Engineering,99.4,3.9,3.2,7.6,11,3.54,6,79.94
ID02608,Male,23,Mathematics,59.9,4.9,2.29,5.6,9,1.82,5,54.07
ID02609,Female,19,Psychology,76.3,1.9,2.19,4.5,6,2.22,6,53.08
ID02610,Male,21,Computer Science,72.2,3.1,4.0,6.7,5,3.92,8,79.2
ID02611,Female,20,Psychology,57.8,1.3,2.83,8.7,12,2.33,8,55.14
ID02612,Male,24,Mathematics,69.5,4.2,2.79,4.0,7,2.74,8,62.97
ID02613,Male,18,Economics,100.0,6.2,3.22,9.9,10,3.53,4,81.89
ID02614,Female,18,Business,94.1,3.5,3.38,8.3,8,3.47,6,77.1
ID02615,Male,21,Mathematics,100.0,3.8,3.44,7.3,5,3.86,4,76.75
ID02616,Male,22,Computer Science,97.4,5.1,3.99,6.8,9,4.0,7,91.82
ID02617,Male,19,Mathematics,73.9,5.4,3.85,8.3,12,3.94,8,79.28
ID02618,Male,24,Business,79.3,1.2,2.69,5.2,7,2.62,4,58.56
ID02619,Female,23,Psychology,93.8,2.7,3.58,7.7,9,3.67,7,77.19
ID02620,Male,24,Engineering,91.6,1.4,2.91,7.5,10,3.22,8,66.79
ID02621,Female,18,Psychology,76.3,3.1,3.03,9.7,13,2.99,8,60.58
ID02622,Female,18,Business,62.4,9.2,2.55,6.5,8,2.74,5,71.74
ID02623,Male,21,Business,100.0,6.2,2.25,7.1,7,2.76,4,66.31
ID02624,Female,22,Computer Science,82.9,4.0,3.08,6.9,9,3.4,8,74.73
ID02625,Male,22,Mathematics,80.1,10.7,2.62,6.2,6,3.14,8,76.02
ID02626,Female,21,Mathematics,86.7,4.8,3.56,9.2,3,3.86,6,80.08
ID02627,Male,24,Psychology,81.4,13.9,2.96,5.5,5,3.89,8,94.59
ID02628,Female,18,Engineering,86.8,4.3,3.25,4.7,7,3.57,4,74.16
ID02629,Male,24,Engineering,100.0,2.7,3.78,7.4,7,4.0,7,86.09
ID02630,Male,24,Computer Science,83.1,1.8,2.36,5.9,10,2.53,4,56.94
ID02631,Female,19,Business,67.6,5.8,2.74,7.4,6,2.98,8,67.42
ID02632,Female,18,Computer Science,82.6,3.1,3.19,8.0,9,3.36,7,70.92
ID02633,Male,22,Mathematics,78.0,4.3,3.26,7.2,9,3.34,8,75.47
ID02634,Male,23,Economics,100.0,5.3,3.65,7.0,8,4.0,6,83.73
ID02635,Female,24,Economics,100.0,2.3,3.53,4.0,4,3.65,4,75.19
ID02636,Female,18,Economics,86.6,4.7,3.15,7.8,8,3.63,4,72.45
ID02637,Female,24,Business,65.8,3.6,3.25,7.3,7,3.31,5,68.64
ID02638,Female,19,Computer Science,66.6,1.4,3.27,9.8,8,3.17,7,63.75
ID02639,Female,20,Psychology,85.2,5.5,2.37,8.7,10,2.73,4,67.02
ID02640,Female,18,Mathematics,90.0,5.9,3.02,4.8,7,3.48,8,79.74
ID02641,Male,21,Economics,79.4,8.2,3.22,8.6,11,3.43,5,77.6
ID02642,Male,20,Engineering,77.8,1.8,3.33,5.1,9,3.24,6,66.64
ID02643,Female,24,Computer Science,76.1,11.8,2.64,8.3,7,2.87,5,74.62
ID02644,Female,21,Mathematics,84.6,2.4,2.47,9.2,4,2.78,6,66.0
ID02645,Male,21,Mathematics,49.3,0.9,2.98,9.8,7,2.34,6,56.01
ID02646,Male,21,Engineering,68.5,4.1,4.0,6.4,7,3.99,4,81.76
ID02647,Female,18,Engineering,75.6,5.0,2.69,8.1,8,2.85,6,61.87
ID02648,Male,22,Engineering,100.0,3.6,3.69,8.5,9,3.76,7,82.93
ID02649,Male,24,Economics,72.8,1.8,3.89,7.7,6,3.98,8,76.82
ID02650,Male,20,Economics,87.7,3.0,3.12,4.5,15,3.31,5,70.07
ID02651,Male,19,Computer Science,88.4,4.8,2.76,7.2,7,3.02,8,72.88
ID02652,Male,22,Engineering,100.0,12.8,3.36,7.9,6,4.0,8,100.0
ID02653,Male,24,Psychology,100.0,1.9,3.2,7.0,12,3.36,8,69.96
ID02654,Male,18,Mathematics,84.1,2.7,2.67,5.7,8,2.93,5,60.07
ID02655,Female,21,Engineering,77.9,1.6,2.77,6.7,10,2.82,8,58.13
ID02656,Male,19,Mathematics,75.0,3.1,3.33,8.4,11,3.26,6,75.56
ID02657,Female,24,Business,81.4,3.8,3.57,7.6,11,4.0,4,80.16
ID02658,Female,20,Business,78.5,7.0,2.94,7.7,7,3.31,5,73.64
ID02659,Male,24,Engineering,93.3,4.9,3.07,6.6,11,3.49,7,75.45
ID02660,Female,22,Mathematics,91.3,9.0,3.43,7.6,8,3.89,4,85.54
ID02661,Male,23,Business,93.9,3.9,3.01,4.0,13,3.34,6,75.33
ID02662,Female,22,Engineering,100.0,0.3,2.95,6.9,8,3.08,7,65.02
ID02663,Male,24,Mathematics,100.0,5.0,2.72,6.4,8,3.13,4,71.62
ID02664,Female,19,Engineering,86.9,1.1,2.71,7.0,14,2.97,6,63.01
ID02665,Female,24,Economics,100.0,6.9,4.0,5.2,13,4.0,5,93.24
ID02666,Male,24,Mathematics,79.7,3.9,3.0,7.6,8,3.1,6,68.27
ID02667,Male,18,Business,100.0,2.6,3.78,9.9,10,3.85,5,82.21
ID02668,Female,20,Engineering,100.0,1.7,3.94,7.1,6,4.0,8,84.96
ID02669,Female,19,Business,100.0,2.9,3.01,7.1,8,3.43,4,77.13
ID02670,Male,24,Engineering,86.4,3.8,3.28,10.0,8,3.34,8,76.06
ID02671,Female,21,Computer Science,75.0,10.9,3.15,5.6,9,3.37,7,86.27
ID02672,Male,20,Business,64.1,3.6,2.29,7.7,5,2.51,8,54.11
ID02673,Female,22,Business,84.4,4.6,2.32,9.4,6,2.47,8,60.08
ID02674,Male,19,Psychology,100.0,3.7,3.12,6.4,7,3.33,4,77.26
ID02675,Female,22,Economics,80.4,4.6,2.89,8.3,9,3.21,8,69.55
ID02676,Male,24,Business,96.8,4.4,4.0,7.3,8,4.0,6,83.73
ID02677,Male,22,Mathematics,97.7,4.0,2.98,5.4,10,3.29,8,72.42
ID02678,Male,22,Engineering,80.7,2.6,4.0,6.8,9,4.0,8,80.13
ID02679,Male,18,Computer Science,100.0,6.0,2.86,7.0,13,3.28,6,74.79
ID02680,Male,22,Mathematics,41.4,1.9,4.0,6.0,8,3.84,5,73.6
ID02681,Male,21,Mathematics,66.7,5.3,3.35,4.6,8,3.31,4,74.78
ID02682,Female,21,Mathematics,71.3,6.0,3.38,6.4,9,3.36,4,80.42
ID02683,Male,20,Mathematics,72.7,1.0,2.84,4.8,9,2.74,5,60.02
ID02684,Male,24,Computer Science,90.0,1.8,3.39,7.8,6,3.67,8,72.96
ID02685,Male,23,Psychology,89.4,1.1,3.95,7.8,5,4.0,6,76.05
ID02686,Male,22,Economics,90.9,8.0,3.03,5.1,5,3.64,6,80.42
ID02687,Male,22,Business,93.9,2.8,2.93,7.1,7,3.08,5,69.4
ID02688,Male,19,Mathematics,70.7,7.8,2.98,5.0,7,3.12,6,70.15
ID02689,Male,18,Business,66.7,3.2,3.91,6.5,9,3.8,7,75.22
ID02690,Male,23,Business,90.9,2.0,3.53,6.0,5,3.61,8,74.29
ID02691,Male,20,Mathematics,75.5,2.5,3.82,7.7,10,3.77,7,77.64
ID02692,Female,23,Psychology,61.4,4.4,3.26,4.6,5,3.41,7,70.36
ID02693,Male,22,Business,99.6,6.0,3.12,8.5,7,3.56,8,78.06
ID02694,Male,19,Engineering,100.0,4.0,3.31,8.8,7,3.45,6,79.92
ID02695,Female,24,Business,100.0,6.8,3.64,6.8,8,4.0,8,88.1
ID02696,Male,18,Economics,87.8,3.6,2.98,5.0,4,3.33,5,61.52
ID02697,Female,24,Mathematics,94.4,3.8,3.78,4.0,7,3.9,4,81.72
ID02698,Male,20,Computer Science,100.0,2.4,3.28,8.6,13,3.33,6,78.14
ID02699,Female,23,Business,75.4,2.2,1.9,10.0,8,1.63,4,44.33
ID02700,Female,20,Psychology,100.0,6.2,3.54,7.1,9,4.0,4,86.41
ID02701,Male,22,Engineering,89.1,1.9,2.46,5.3,7,2.42,8,64.66
ID02702,Female,20,Engineering,98.7,3.2,3.53,5.4,4,3.78,7,77.33
ID02703,Male,24,Computer Science,87.8,6.4,3.55,8.8,11,4.0,5,83.57
ID02704,Male,19,Economics,100.0,1.2,3.26,7.3,8,3.58,8,68.31
ID02705,Female,20,Computer Science,88.4,8.2,3.37,5.5,10,3.9,4,89.72
ID02706,Female,21,Economics,62.7,2.0,3.65,10.0,8,3.39,5,69.61
ID02707,Male,19,Business,100.0,8.2,2.85,8.6,8,3.44,7,80.73
ID02708,Male,23,Mathematics,70.8,1.9,3.5,7.8,7,3.63,5,73.69
ID02709,Male,18,Psychology,100.0,6.2,3.68,6.2,6,4.0,7,89.98
ID02710,Male,18,Engineering,83.6,2.8,3.98,8.9,8,4.0,8,78.6
ID02711,Female,22,Computer Science,100.0,11.1,2.55,8.3,14,3.3,4,80.32
ID02712,Male,22,Psychology,100.0,3.4,3.3,6.8,7,3.81,4,78.66
ID02713,Male,21,Economics,91.5,1.7,2.62,8.6,10,2.68,8,60.43
ID02714,Male,23,Mathematics,92.6,5.3,2.6,8.6,9,3.09,6,63.15
ID02715,Male,24,Engineering,91.3,3.0,3.28,7.4,5,3.45,6,73.77
ID02716,Male,18,Engineering,54.8,5.7,3.14,5.3,9,2.75,6,63.83
ID02717,Female,18,Economics,86.8,8.1,3.67,5.5,8,3.97,6,93.21
ID02718,Female,18,Mathematics,68.3,6.3,2.93,4.6,2,2.97,7,70.49
ID02719,Female,24,Engineering,87.6,1.2,3.03,9.0,6,2.94,6,63.25
ID02720,Male,18,Mathematics,67.9,1.9,3.21,4.8,11,3.01,4,62.82
ID02721,Female,20,Engineering,67.2,4.6,2.67,7.1,4,2.8,7,57.04
ID02722,Female,23,Business,100.0,4.9,2.74,4.6,9,2.87,7,69.18
ID02723,Female,19,Economics,100.0,0.5,3.66,9.5,1,3.86,4,79.37
ID02724,Male,19,Mathematics,84.9,1.6,2.83,5.3,7,2.88,5,70.03
ID02725,Male,21,Psychology,87.8,2.0,3.69,7.5,12,3.76,7,78.87
ID02726,Male,20,Business,81.3,8.4,3.4,4.6,8,3.82,7,83.6
ID02727,Male,18,Psychology,93.5,2.5,2.33,8.3,9,2.36,4,59.12
ID02728,Male,18,Economics,74.9,6.0,3.37,8.6,5,3.54,4,74.19
ID02729,Male,22,Engineering,99.9,7.4,3.36,7.0,4,3.81,6,92.15
ID02730,Male,22,Psychology,81.2,2.5,3.31,6.9,3,3.43,6,70.25
ID02731,Female,21,Business,78.7,3.7,3.03,8.2,5,2.95,8,75.08
ID02732,Male,18,Mathematics,85.3,6.0,2.63,6.1,6,3.06,6,73.67
ID02733,Male,21,Computer Science,76.1,1.2,3.77,8.6,6,3.49,8,68.04
ID02734,Female,20,Psychology,89.9,3.3,3.05,7.4,4,3.3,5,69.01
ID02735,Female,19,Computer Science,76.9,7.9,2.66,4.6,8,2.91,6,69.59
ID02736,Female,18,Economics,92.0,4.9,3.33,9.8,8,3.68,4,78.35
ID02737,Female,23,Psychology,100.0,4.9,2.73,7.3,6,3.01,6,72.16
ID02738,Male,24,Psychology,74.2,6.8,2.63,6.5,9,3.0,4,77.3
ID02739,Female,20,Mathematics,83.0,2.7,2.91,7.2,7,3.12,6,62.93
ID02740,Male,18,Engineering,91.9,1.9,2.77,5.9,9,2.93,5,65.55
ID02741,Male,24,Business,78.5,4.7,2.64,6.8,9,2.75,4,67.17
ID02742,Male,23,Business,92.0,2.9,3.5,8.2,6,3.58,4,76.92
ID02743,Male,22,Business,93.3,2.7,3.04,8.0,8,3.24,6,70.86
ID02744,Male,21,Economics,100.0,1.9,3.73,7.9,8,3.97,8,76.95
ID02745,Female,22,Engineering,75.9,5.3,2.67,6.1,7,2.69,4,66.61
ID02746,Female,19,Computer Science,70.9,3.5,2.24,5.7,8,2.09,6,57.06
ID02747,Female,22,Business,80.4,1.9,3.17,7.6,7,3.46,5,68.47
ID02748,Male,18,Computer Science,70.5,7.0,4.0,8.2,7,4.0,8,88.34
ID02749,Female,23,Engineering,93.5,3.2,3.37,5.9,7,3.7,6,80.35
ID02750,Female,22,Economics,67.6,5.4,4.0,6.7,8,3.97,8,85.51
ID02751,Male,18,Engineering,100.0,9.6,3.27,7.6,7,3.99,5,89.38
ID02752,Female,19,Mathematics,100.0,6.9,3.22,6.9,12,3.89,4,79.56
ID02753,Male,24,Business,85.2,9.0,2.02,8.7,9,2.55,6,65.27
ID02754,Male,23,Economics,98.0,6.9,3.31,5.0,7,3.75,7,83.15
ID02755,Female,22,Mathematics,60.4,3.3,3.18,4.8,8,3.28,8,66.18
ID02756,Male,21,Business,100.0,2.3,2.9,8.6,7,3.21,8,68.04
ID02757,Male,21,Engineering,76.1,3.2,3.03,7.9,9,3.06,8,64.28
ID02758,Female,23,Engineering,83.2,3.3,3.07,7.1,7,3.49,7,66.05
ID02759,Female,21,Psychology,57.2,8.1,3.01,6.5,11,2.84,5,66.93
ID02760,Male,22,Psychology,92.3,2.9,4.0,7.7,5,4.0,6,83.17
ID02761,Male,22,Engineering,68.4,1.6,2.91,7.3,9,2.93,4,55.9
ID02762,Male,23,Engineering,86.5,4.5,3.18,7.4,6,3.47,6,71.35
ID02763,Female,22,Computer Science,76.8,4.1,2.9,6.9,8,2.94,5,66.09
ID02764,Male,24,Computer Science,68.8,2.4,3.49,7.8,8,3.33,4,65.98
ID02765,Male,18,Mathematics,72.9,3.1,3.19,8.4,7,3.25,5,69.43
ID02766,Female,19,Psychology,88.4,9.2,2.96,8.4,7,3.63,6,83.42
ID02767,Male,24,Psychology,65.8,5.3,2.14,7.7,5,2.25,5,54.83
ID02768,Male,24,Engineering,73.8,3.2,3.22,7.0,8,3.11,8,67.81
ID02769,Male,21,Engineering,94.9,2.3,2.95,7.7,4,3.29,6,70.5
ID02770,Female,18,Mathematics,100.0,11.9,3.07,8.8,13,3.6,8,88.87
ID02771,Male,23,Economics,92.2,10.3,2.51,6.8,8,3.07,7,75.81
ID02772,Male,21,Economics,71.2,6.6,3.82,6.6,14,4.0,4,87.11
ID02773,Female,18,Economics,79.5,3.4,3.53,7.7,7,3.39,5,77.87
ID02774,Male,22,Psychology,85.5,2.3,3.82,8.1,11,3.94,7,80.3
ID02775,Male,23,Computer Science,79.8,2.3,3.67,6.8,6,3.66,6,77.79
ID02776,Male,23,Economics,98.5,3.4,3.4,7.7,6,3.56,5,72.24
ID02777,Male,21,Business,88.3,2.9,2.53,5.7,5,2.54,6,66.72
ID02778,Male,22,Mathematics,98.6,3.9,4.0,7.0,8,4.0,8,88.63
ID02779,Male,21,Economics,80.3,3.8,2.64,9.3,8,2.73,5,67.01
ID02780,Male,20,Business,100.0,2.0,2.97,7.9,9,3.12,4,71.0
ID02781,Male,18,Economics,82.5,2.1,3.45,6.0,6,3.7,5,72.41
ID02782,Female,20,Computer Science,70.4,3.2,3.48,6.2,9,3.43,8,71.02
ID02783,Female,18,Computer Science,100.0,3.7,3.39,5.1,5,3.71,7,80.11
ID02784,Female,19,Economics,57.6,8.7,2.9,9.4,8,2.97,8,70.74
ID02785,Female,24,Business,73.9,4.7,2.8,5.5,9,2.89,8,68.98
ID02786,Male,23,Mathematics,75.6,4.6,4.0,4.0,9,4.0,4,78.34
ID02787,Female,21,Business,100.0,4.8,3.08,4.9,6,3.33,5,75.33
ID02788,Male,19,Mathematics,100.0,7.6,3.02,7.1,11,3.47,4,87.86
ID02789,Female,19,Economics,100.0,14.0,2.74,5.9,7,3.38,4,88.8
ID02790,Female,23,Mathematics,80.0,2.8,3.22,7.2,9,3.66,8,69.16
ID02791,Female,23,Engineering,100.0,11.4,3.2,7.5,8,3.88,8,89.15
ID02792,Female,18,Psychology,90.5,1.4,3.09,6.1,10,3.39,4,68.92
ID02793,Female,20,Psychology,99.7,3.3,3.29,5.6,7,3.57,7,74.55
ID02794,Male,22,Computer Science,87.7,1.9,3.98,8.4,2,3.95,6,79.89
ID02795,Male,18,Engineering,84.3,5.9,2.8,7.4,11,3.4,4,73.92
ID02796,Female,22,Psychology,81.2,6.8,3.12,4.0,11,3.5,8,74.7
ID02797,Male,19,Economics,81.9,1.6,2.78,4.7,4,2.8,8,64.27
ID02798,Female,22,Mathematics,94.1,7.3,3.25,4.3,9,3.86,6,85.28
ID02799,Female,20,Mathematics,90.5,4.9,2.82,6.8,9,3.32,7,74.36
ID02800,Male,18,Business,84.5,6.4,2.84,7.3,6,3.36,5,73.4
ID02801,Female,23,Business,100.0,8.0,2.37,6.7,10,3.12,7,83.31
ID02802,Female,20,Mathematics,40.5,6.0,3.15,6.1,6,3.1,6,68.6
ID02803,Female,24,Economics,92.6,1.4,3.31,8.5,8,3.28,8,72.44
ID02804,Female,20,Mathematics,95.8,3.1,4.0,7.5,8,4.0,4,82.52
ID02805,Male,24,Business,100.0,1.5,3.33,5.6,5,3.49,4,73.5
ID02806,Female,18,Psychology,84.0,0.9,2.88,5.7,4,2.89,8,66.68
ID02807,Female,23,Computer Science,88.1,1.8,2.42,5.9,6,2.69,5,64.03
ID02808,Male,20,Business,99.8,3.2,2.49,6.5,13,2.62,5,70.02
ID02809,Male,24,Economics,100.0,10.9,2.45,7.1,9,3.21,7,82.84
ID02810,Female,23,Psychology,80.5,3.9,4.0,7.6,4,4.0,4,79.16
ID02811,Male,21,Psychology,89.0,4.9,3.24,5.8,11,3.37,6,78.06
ID02812,Female,21,Psychology,100.0,2.8,2.81,5.0,18,2.64,5,65.51
ID02813,Female,21,Engineering,53.1,3.5,2.62,7.6,9,2.29,4,51.84
ID02814,Male,22,Engineering,74.6,4.1,2.67,8.2,8,2.67,8,64.28
ID02815,Female,20,Psychology,100.0,3.3,2.8,9.6,7,3.04,4,71.67
ID02816,Female,18,Economics,100.0,5.5,3.76,7.6,13,4.0,4,90.41
ID02817,Male,18,Mathematics,92.8,2.6,3.09,5.9,7,3.14,7,72.38
ID02818,Male,22,Economics,78.3,1.5,2.38,7.9,7,2.45,8,56.89
ID02819,Male,18,Engineering,71.8,1.2,4.0,6.8,6,4.0,4,72.4
ID02820,Male,24,Business,76.1,6.5,2.53,5.0,4,2.49,7,66.5
ID02821,Female,21,Engineering,100.0,0.5,2.8,6.9,10,2.96,6,59.98
ID02822,Male,20,Mathematics,75.6,3.4,3.76,7.4,11,3.78,8,71.39
ID02823,Female,18,Computer Science,86.5,1.9,3.31,9.2,9,3.62,4,73.16
ID02824,Male,18,Engineering,73.7,5.6,2.87,7.1,6,3.16,8,66.83
ID02825,Male,19,Economics,97.6,4.0,2.48,5.8,7,2.56,7,69.12
ID02826,Female,19,Economics,76.9,4.0,2.62,4.2,11,2.75,8,66.58
ID02827,Female,19,Psychology,83.5,4.2,2.65,5.2,6,2.74,5,63.85
ID02828,Male,20,Psychology,59.7,4.1,3.1,5.5,8,2.77,8,67.52
ID02829,Male,21,Psychology,60.8,1.5,3.2,9.5,7,2.95,7,60.22
ID02830,Male,23,Computer Science,85.1,2.9,3.03,6.7,8,3.28,4,63.2
ID02831,Male,21,Mathematics,65.1,2.2,3.08,6.9,5,3.09,8,63.39
ID02832,Female,21,Business,100.0,2.5,2.57,8.7,9,2.78,7,63.92
ID02833,Male,20,Economics,54.1,4.2,3.25,7.9,4,2.88,5,65.29
ID02834,Male,24,Economics,73.0,6.6,3.74,6.6,11,4.0,6,88.8
ID02835,Male,24,Mathematics,85.3,6.4,3.02,8.7,11,3.2,5,71.07
ID02836,Female,20,Computer Science,79.5,4.6,3.01,6.0,11,3.03,6,71.61
ID02837,Female,19,Psychology,68.4,3.0,3.14,7.4,5,3.26,8,63.29
ID02838,Male,18,Mathematics,70.6,4.0,3.66,5.1,9,3.75,8,78.7
ID02839,Female,22,Business,70.1,6.0,2.65,7.4,6,2.92,5,66.86
ID02840,Male,22,Psychology,80.7,2.5,3.83,8.5,9,3.95,8,78.98
ID02841,Male,23,Business,100.0,3.9,3.31,8.3,9,3.62,6,75.48
ID02842,Female,18,Engineering,86.2,2.8,3.11,8.4,12,3.41,7,67.62
ID02843,Female,23,Business,100.0,2.4,3.71,10.0,10,3.91,7,83.59
ID02844,Female,19,Psychology,92.6,3.8,2.51,6.6,17,2.62,6,70.57
ID02845,Female,23,Engineering,100.0,3.0,3.36,5.6,8,3.58,6,78.64
ID02846,Male,18,Psychology,43.0,4.7,3.32,7.7,12,2.93,6,63.11
ID02847,Female,18,Economics,80.4,3.1,2.63,5.7,8,2.74,8,63.48
ID02848,Male,22,Psychology,100.0,3.6,3.33,5.3,9,3.64,5,85.27
ID02849,Female,24,Engineering,76.4,1.5,3.24,6.6,3,3.06,5,66.96
ID02850,Male,19,Business,100.0,6.1,3.01,10.0,10,3.35,5,82.97
ID02851,Female,20,Economics,100.0,6.2,3.53,8.0,7,4.0,4,83.72
ID02852,Male,23,Computer Science,78.0,2.2,2.81,7.6,3,2.84,5,62.41
ID02853,Male,22,Computer Science,77.5,2.3,3.24,4.5,6,3.01,4,70.38
ID02854,Female,23,Computer Science,69.8,4.3,3.03,6.1,6,3.13,4,68.9
ID02855,Male,23,Computer Science,75.6,2.9,2.79,9.1,8,2.72,7,60.76
ID02856,Male,20,Mathematics,66.5,4.6,3.35,6.6,8,3.57,4,69.46
ID02857,Male,19,Computer Science,91.4,8.3,3.0,10.0,5,3.49,6,83.66
ID02858,Male,18,Engineering,63.2,2.3,2.36,7.7,11,2.24,7,56.42
ID02859,Male,21,Computer Science,94.1,6.4,2.2,6.8,4,2.68,7,71.11
ID02860,Male,23,Psychology,94.4,2.0,3.49,6.5,5,3.58,6,81.0
ID02861,Female,21,Computer Science,60.1,2.5,2.49,6.9,8,2.51,4,54.67
ID02862,Male,19,Business,100.0,4.3,3.24,4.8,12,3.67,8,77.22
ID02863,Female,21,Engineering,92.7,5.5,3.13,8.5,6,3.47,8,81.27
ID02864,Female,23,Engineering,96.2,8.2,2.92,7.7,8,3.4,7,82.74
ID02865,Male,20,Economics,73.6,9.8,4.0,6.6,10,4.0,4,90.05
ID02866,Female,21,Mathematics,94.3,3.2,3.19,6.8,11,3.66,4,70.74
ID02867,Male,19,Psychology,100.0,3.9,3.48,8.2,6,3.85,5,82.13
ID02868,Female,19,Engineering,83.5,4.7,3.24,10.0,4,3.65,4,74.29
ID02869,Male,24,Business,100.0,3.8,2.98,9.3,9,3.25,8,73.5
ID02870,Male,24,Computer Science,85.7,3.2,3.09,7.3,4,3.36,5,73.53
ID02871,Female,20,Engineering,100.0,2.7,3.83,5.8,7,3.87,5,85.34
ID02872,Female,21,Business,89.4,5.5,3.64,4.7,9,4.0,8,87.39
ID02873,Female,21,Computer Science,93.8,8.2,4.0,7.2,8,4.0,8,89.06
ID02874,Male,24,Mathematics,59.9,1.3,3.21,5.8,19,2.33,5,62.47
ID02875,Female,18,Engineering,90.6,3.4,2.66,7.2,7,3.09,5,68.11
ID02876,Male,22,Engineering,74.0,1.4,2.88,7.4,10,2.74,6,56.32
ID02877,Male,19,Business,72.3,5.3,2.51,8.1,2,2.56,7,61.22
ID02878,Male,18,Economics,100.0,2.4,3.48,5.2,11,3.75,8,75.13
ID02879,Female,19,Psychology,81.8,7.6,2.81,5.7,14,3.26,8,74.35
ID02880,Male,18,Mathematics,70.0,3.6,1.57,6.5,6,1.6,8,51.17
ID02881,Male,24,Psychology,79.6,5.4,4.0,7.4,13,3.94,4,91.77
ID02882,Female,24,Engineering,65.5,2.2,2.81,7.3,7,2.77,5,56.97
ID02883,Male,22,Psychology,100.0,4.2,2.81,10.0,7,3.05,6,73.62
ID02884,Male,18,Computer Science,74.6,4.2,3.94,4.0,8,4.0,4,82.9
ID02885,Male,19,Mathematics,92.9,4.9,2.5,8.7,7,2.77,5,68.56
ID02886,Female,21,Psychology,100.0,2.6,3.67,8.6,10,3.9,4,81.86
ID02887,Male,19,Computer Science,77.5,7.2,2.81,5.6,12,3.03,8,73.32
ID02888,Male,23,Business,93.0,4.7,2.44,6.3,12,2.81,4,71.26
ID02889,Female,24,Psychology,69.5,8.0,3.95,9.6,9,4.0,4,90.99
ID02890,Female,20,Mathematics,100.0,1.5,3.56,6.1,8,3.94,4,73.77
ID02891,Male,20,Computer Science,99.0,4.2,3.56,6.1,7,4.0,4,84.49
ID02892,Female,24,Psychology,82.1,3.5,3.28,7.2,9,3.76,6,75.3
ID02893,Female,23,Business,73.4,9.9,3.4,7.8,10,3.65,5,85.84
ID02894,Female,20,Psychology,83.3,5.6,2.48,8.5,13,2.74,8,69.52
ID02895,Male,24,Computer Science,79.9,3.8,3.16,8.6,6,3.27,5,71.59
ID02896,Female,20,Psychology,100.0,5.4,2.64,8.2,9,2.81,6,72.7
ID02897,Male,24,Mathematics,66.6,3.0,2.41,4.1,5,2.37,7,56.15
ID02898,Male,22,Engineering,87.0,5.0,3.31,6.9,7,3.63,7,71.21
ID02899,Male,21,Computer Science,84.7,13.0,3.68,8.0,7,4.0,7,97.53
ID02900,Male,21,Computer Science,83.2,2.7,2.91,8.0,5,3.33,5,64.21
ID02901,Male,19,Computer Science,83.4,4.2,2.99,5.9,4,3.21,6,66.8
ID02902,Female,23,Computer Science,83.3,2.4,2.53,5.5,9,2.56,8,64.71
ID02903,Male,24,Psychology,98.1,2.1,3.1,5.4,12,3.35,8,72.86
ID02904,Male,18,Mathematics,94.1,6.4,3.48,7.7,10,3.77,7,84.09
ID02905,Male,19,Business,91.3,1.8,3.5,8.5,9,3.45,7,72.86
ID02906,Male,19,Mathematics,39.5,5.0,3.37,7.2,5,3.32,8,67.1
ID02907,Female,24,Computer Science,89.5,6.2,2.79,5.4,4,3.28,7,76.11
ID02908,Male,24,Economics,60.2,3.0,2.77,7.3,6,2.8,8,56.66
ID02909,Male,19,Psychology,94.7,7.8,3.5,5.6,7,4.0,4,87.39
ID02910,Male,19,Economics,100.0,7.4,3.51,5.9,9,4.0,5,90.67
ID02911,Male,21,Psychology,71.1,3.0,3.01,6.4,10,2.84,4,59.35
ID02912,Male,18,Computer Science,81.1,1.6,2.89,5.8,8,2.91,4,63.04
ID02913,Female,19,Psychology,76.0,5.2,3.68,5.3,4,3.78,6,78.71
ID02914,Female,21,Computer Science,100.0,3.7,2.92,9.3,7,3.06,5,72.15
ID02915,Male,19,Mathematics,86.4,4.4,3.47,4.2,10,3.62,6,76.61
ID02916,Female,20,Engineering,100.0,5.2,3.03,6.1,9,3.42,6,77.48
ID02917,Female,19,Psychology,91.2,1.4,2.58,6.7,7,2.89,7,66.85
ID02918,Female,24,Computer Science,88.6,2.9,3.91,8.8,8,3.99,8,80.74
ID02919,Male,23,Economics,86.0,9.3,3.16,7.4,5,3.75,8,84.43
ID02920,Male,23,Computer Science,97.3,4.4,2.74,6.6,4,3.12,5,76.78
ID02921,Male,19,Economics,58.9,5.4,2.4,5.9,14,1.99,5,56.87
ID02922,Female,22,Psychology,86.3,4.2,2.45,8.7,8,2.7,7,69.11
ID02923,Female,20,Business,83.9,5.3,2.91,5.8,10,3.37,4,71.6
ID02924,Male,18,Economics,95.9,7.4,4.0,7.3,8,4.0,6,99.12
ID02925,Male,19,Computer Science,82.2,0.9,2.81,6.7,6,3.01,6,63.24
ID02926,Female,18,Psychology,69.4,6.0,3.82,7.7,11,3.82,4,82.8
ID02927,Female,20,Computer Science,85.1,3.8,3.03,9.4,5,3.08,7,70.34
ID02928,Female,19,Business,68.8,6.6,2.51,8.1,10,2.42,5,63.04
ID02929,Female,22,Engineering,56.1,3.1,2.86,6.8,9,2.67,4,59.78
ID02930,Male,21,Business,95.9,3.0,2.46,9.5,8,2.74,7,66.49
ID02931,Female,22,Mathematics,93.7,1.7,2.67,9.4,11,2.9,4,63.5
ID02932,Female,24,Psychology,92.0,3.8,2.66,8.7,7,2.82,7,66.23
ID02933,Male,22,Business,100.0,1.7,2.15,7.4,10,2.22,4,57.21
ID02934,Male,21,Engineering,75.0,3.6,3.86,5.8,11,3.88,6,82.0
ID02935,Female,24,Computer Science,63.5,4.4,3.21,4.0,9,3.35,8,72.49
ID02936,Male,21,Psychology,83.9,2.5,2.76,7.3,10,3.02,5,61.92
ID02937,Female,23,Economics,79.8,1.3,3.21,8.2,15,3.13,7,64.68
ID02938,Female,21,Business,72.4,1.1,2.68,5.0,8,2.58,7,58.29
ID02939,Female,19,Engineering,83.8,2.1,1.76,7.6,5,2.16,8,53.93
ID02940,Male,18,Business,75.8,1.0,4.0,6.3,12,3.71,4,79.39
ID02941,Male,23,Mathematics,57.5,4.3,3.19,7.8,6,3.14,7,63.08
ID02942,Female,23,Psychology,78.4,13.2,2.81,6.1,7,3.47,8,83.85
ID02943,Male,18,Computer Science,68.0,1.7,2.13,5.9,11,2.12,7,46.9
ID02944,Female,23,Engineering,88.5,14.0,2.35,6.9,8,3.4,4,81.63
ID02945,Female,21,Business,75.2,4.2,3.93,5.2,9,3.95,8,86.05
ID02946,Male,22,Psychology,100.0,4.7,3.85,8.4,9,3.97,4,83.07
ID02947,Male,20,Business,100.0,1.4,3.48,7.0,10,3.83,6,70.79
ID02948,Male,21,Psychology,95.2,4.4,2.54,5.3,9,2.66,6,65.04
ID02949,Male,24,Mathematics,61.7,2.8,3.85,6.1,10,3.94,6,74.82
ID02950,Female,24,Business,100.0,9.0,3.32,7.9,9,3.89,6,90.51
ID02951,Female,22,Mathematics,100.0,1.1,3.43,6.5,9,3.44,4,75.67
ID02952,Female,22,Economics,85.3,2.9,3.32,8.1,7,3.49,6,76.3
ID02953,Female,23,Economics,100.0,2.3,2.35,5.5,7,2.63,8,56.62
ID02954,Male,19,Engineering,76.7,4.8,2.5,6.6,4,2.42,6,66.72
ID02955,Female,19,Mathematics,57.0,0.6,2.84,6.9,3,2.22,5,53.56
ID02956,Female,23,Psychology,73.6,8.8,3.42,10.0,9,3.59,8,85.22
ID02957,Female,23,Engineering,100.0,4.7,2.41,5.9,10,2.5,4,63.57
ID02958,Female,18,Business,62.6,4.5,3.01,7.9,4,3.26,6,66.05
ID02959,Male,18,Business,85.0,1.8,3.01,7.7,4,3.38,6,66.95
ID02960,Female,20,Psychology,85.5,6.2,3.5,9.6,11,3.91,6,85.37
ID02961,Male,20,Computer Science,77.3,5.8,3.44,9.0,7,3.29,8,73.47
ID02962,Male,20,Computer Science,78.3,7.7,2.59,6.3,9,2.85,6,70.68
ID02963,Male,20,Business,86.1,3.3,3.82,5.4,6,4.0,8,77.39
ID02964,Female,22,Psychology,76.6,1.3,2.52,4.9,9,2.37,4,57.92
ID02965,Female,22,Computer Science,63.7,2.6,3.65,7.4,12,3.81,7,73.64
ID02966,Female,18,Mathematics,88.2,6.7,2.82,8.5,8,3.34,6,78.09
ID02967,Female,19,Business,100.0,2.9,3.18,8.7,8,3.32,5,72.92
ID02968,Female,23,Economics,98.0,11.1,3.21,6.6,6,3.99,5,93.62
ID02969,Female,24,Mathematics,72.9,6.3,3.2,7.1,5,3.35,7,78.91
ID02970,Male,19,Psychology,66.2,10.2,3.44,9.1,8,3.87,7,79.32
ID02971,Male,21,Economics,80.7,3.0,3.3,5.9,12,3.55,7,73.39
ID02972,Male,22,Mathematics,100.0,5.1,3.49,4.0,7,3.83,4,86.06
ID02973,Female,20,Computer Science,94.7,2.1,3.33,8.7,9,3.49,6,72.89
ID02974,Female,20,Computer Science,95.6,6.4,2.47,5.3,5,2.79,8,67.03
ID02975,Male,21,Economics,98.3,5.3,3.23,6.6,7,3.5,4,82.42
ID02976,Male,19,Engineering,91.3,6.0,2.82,7.7,8,3.18,6,70.0
ID02977,Female,20,Business,86.8,3.1,2.55,6.3,8,2.79,6,62.43
ID02978,Male,19,Economics,94.9,4.3,2.96,8.6,11,3.09,8,72.9
ID02979,Female,23,Psychology,76.8,4.2,3.19,10.0,13,3.28,5,73.61
ID02980,Female,21,Business,63.8,3.1,3.22,5.8,2,2.93,6,64.55
ID02981,Male,24,Mathematics,95.8,4.4,3.63,7.2,5,4.0,7,80.61
ID02982,Male,19,Psychology,100.0,4.9,3.75,7.0,5,4.0,4,86.66
ID02983,Female,23,Psychology,68.2,5.4,3.27,7.5,10,3.21,8,75.83
ID02984,Female,19,Computer Science,97.3,3.1,3.36,6.1,9,3.86,8,83.59
ID02985,Male,19,Mathematics,100.0,6.2,3.15,6.0,7,3.81,7,76.19
ID02986,Female,20,Computer Science,85.0,6.0,3.48,6.1,7,3.81,7,82.05
ID02987,Male,18,Computer Science,72.7,5.5,3.34,6.3,9,3.32,7,71.84
ID02988,Male,22,Engineering,86.8,6.5,3.07,6.3,10,3.42,7,79.97
ID02989,Female,19,Computer Science,76.7,3.6,4.0,4.0,10,3.93,8,78.56
ID02990,Female,19,Business,75.7,1.9,2.83,7.1,5,2.7,6,59.61
ID02991,Male,19,Psychology,91.5,6.0,3.83,6.5,11,4.0,6,85.77
ID02992,Female,18,Computer Science,60.9,2.8,2.42,5.9,8,2.43,7,53.87
ID02993,Female,23,Economics,63.3,1.3,3.51,7.1,5,3.58,4,67.66
ID02994,Male,24,Business,85.3,2.8,3.82,7.0,8,4.0,8,80.9
ID02995,Male,24,Mathematics,84.7,4.4,2.15,6.4,8,2.53,7,59.52
ID02996,Female,21,Psychology,90.2,8.4,3.17,7.0,6,3.64,7,78.95
ID02997,Male,20,Economics,100.0,4.9,3.46,6.1,10,3.88,5,84.56
ID02998,Male,18,Economics,86.6,6.5,3.23,5.2,8,3.75,5,78.9
ID02999,Male,23,Mathematics,94.0,6.0,3.29,9.9,10,3.45,6,84.22
ID03000,Female,19,Economics,70.4,4.8,3.17,6.3,9,3.42,7,68.66
ID03001,Female,23,Business,96.5,3.4,2.55,7.4,4,2.76,7,61.18
ID03002,Female,18,Mathematics,77.1,2.1,4.0,10.0,5,3.78,7,78.37
ID03003,Male,18,Economics,86.1,11.8,2.85,6.4,7,3.54,8,88.2
ID03004,Female,18,Mathematics,83.4,2.9,3.32,7.7,6,3.78,8,72.78
ID03005,Female,21,Mathematics,100.0,3.4,2.78,10.0,14,2.87,7,69.43
ID03006,Female,22,Computer Science,65.4,3.7,1.96,4.5,7,1.78,5,48.09
ID03007,Female,20,Computer Science,50.8,2.8,2.64,9.0,4,2.32,6,59.87
ID03008,Male,21,Computer Science,81.8,5.4,2.38,7.3,7,2.97,6,60.89
ID03009,Female,21,Economics,92.0,2.9,3.65,6.2,10,3.79,7,76.81
ID03010,Male,22,Psychology,87.3,3.3,2.8,7.1,13,3.12,8,68.64
ID03011,Male,21,Business,100.0,2.7,2.84,6.5,8,3.29,5,63.88
ID03012,Male,18,Economics,91.6,3.3,2.57,9.4,8,2.94,6,68.66
ID03013,Male,18,Computer Science,76.5,1.8,3.15,7.0,6,3.27,4,67.91
ID03014,Male,23,Mathematics,50.1,1.5,2.74,8.0,9,2.53,7,55.9
ID03015,Female,19,Economics,81.4,9.5,3.6,6.2,5,4.0,6,90.52
ID03016,Male,21,Mathematics,100.0,6.5,3.25,7.4,12,3.61,6,82.2
ID03017,Female,19,Mathematics,79.1,8.6,2.81,6.4,9,3.25,6,72.42
ID03018,Male,20,Mathematics,85.4,9.1,3.53,4.9,8,4.0,5,87.67
ID03019,Male,24,Engineering,91.3,2.2,3.1,9.0,6,3.21,6,66.92
ID03020,Female,18,Psychology,69.8,8.4,3.11,7.5,8,3.47,7,78.47
ID03021,Male,23,Business,94.3,7.2,2.37,8.2,4,2.7,5,72.98
ID03022,Male,20,Business,100.0,3.2,3.06,5.9,8,3.3,4,77.91
ID03023,Female,23,Computer Science,82.4,4.9,3.26,8.8,5,3.45,5,76.34
ID03024,Male,24,Engineering,68.1,6.4,3.77,7.7,6,3.96,4,84.44
ID03025,Male,24,Economics,84.0,5.6,2.72,7.2,12,3.32,5,68.71
ID03026,Male,22,Economics,51.6,3.7,4.0,8.5,4,3.74,7,73.87
ID03027,Female,18,Business,90.1,4.4,3.38,6.5,5,3.81,4,79.22
ID03028,Female,20,Psychology,91.8,5.2,2.34,8.9,16,2.25,7,64.37
ID03029,Female,22,Mathematics,100.0,3.2,2.68,6.0,10,2.82,5,69.06
ID03030,Female,24,Computer Science,82.1,5.6,3.81,7.0,9,4.0,8,80.93
ID03031,Male,20,Psychology,91.1,2.6,3.72,5.6,10,3.93,7,76.48
ID03032,Male,23,Business,72.1,8.6,3.11,5.3,7,3.18,5,79.89
ID03033,Female,22,Engineering,79.7,7.0,3.17,6.3,15,3.54,6,80.17
ID03034,Male,22,Computer Science,62.1,6.5,2.52,6.8,9,2.72,4,60.22
ID03035,Male,18,Business,82.1,5.0,3.76,7.8,8,4.0,4,84.24
ID03036,Male,19,Economics,80.4,4.6,2.61,6.0,8,2.91,8,63.59
ID03037,Male,23,Computer Science,89.5,7.1,3.52,7.9,10,4.0,8,85.02
ID03038,Female,23,Business,75.6,1.9,3.78,6.5,5,3.88,4,78.93
ID03039,Male,22,Economics,86.3,2.4,3.12,6.3,9,3.48,5,71.7
ID03040,Male,22,Economics,80.0,5.7,3.58,7.9,14,3.85,4,83.01
ID03041,Male,18,Mathematics,80.0,3.9,4.0,6.2,8,4.0,5,88.53
ID03042,Female,19,Engineering,86.2,2.8,3.23,9.7,8,3.41,5,69.45
ID03043,Male,23,Mathematics,85.6,7.4,3.01,7.6,8,3.39,5,74.63
ID03044,Male,24,Business,96.4,4.4,3.07,4.9,10,3.27,6,72.95
ID03045,Female,21,Psychology,83.2,4.9,2.73,6.8,9,2.99,4,67.37
ID03046,Female,21,Mathematics,79.8,7.5,2.72,6.0,6,2.87,8,65.29
ID03047,Male,19,Psychology,82.3,3.7,3.32,4.5,8,3.73,7,73.0
ID03048,Male,20,Economics,74.3,11.2,3.02,8.6,4,3.43,7,80.87
ID03049,Male,18,Business,79.6,2.1,3.26,8.6,10,2.97,4,71.28
ID03050,Male,19,Engineering,100.0,7.4,2.36,5.9,8,2.85,7,73.31
ID03051,Male,21,Psychology,71.3,2.9,3.05,8.1,6,2.76,8,63.76
ID03052,Male,22,Business,80.8,6.8,3.62,8.3,15,4.0,4,85.34
ID03053,Male,21,Psychology,79.2,2.6,2.54,7.0,6,2.53,7,62.09
ID03054,Male,22,Mathematics,81.3,1.5,3.11,8.4,8,3.24,5,63.78
ID03055,Female,18,Business,80.0,6.8,2.17,7.4,3,2.56,7,61.96
ID03056,Female,22,Mathematics,89.2,3.3,2.45,8.7,4,2.65,6,55.91
ID03057,Female,19,Computer Science,59.3,1.6,3.5,5.2,12,3.04,8,62.88
ID03058,Male,22,Business,100.0,7.0,2.95,7.2,11,3.51,4,77.34
ID03059,Male,20,Psychology,94.5,4.6,4.0,7.3,10,4.0,5,88.05
ID03060,Female,19,Computer Science,66.4,3.3,3.32,5.3,14,3.17,5,66.01
ID03061,Male,18,Mathematics,51.0,5.0,3.37,5.4,6,3.02,5,67.55
ID03062,Male,19,Mathematics,70.3,3.7,2.56,4.6,5,2.35,5,56.5
ID03063,Female,20,Psychology,81.4,3.4,2.91,7.1,9,3.13,5,67.68
ID03064,Female,18,Computer Science,100.0,6.4,2.73,6.3,8,3.09,4,76.61
ID03065,Female,21,Economics,93.1,4.6,2.57,5.1,8,2.97,7,69.02
ID03066,Male,20,Engineering,57.9,2.5,3.43,8.8,10,3.08,6,66.67
ID03067,Male,18,Psychology,74.7,4.0,3.53,7.6,6,3.75,8,70.59
ID03068,Female,24,Mathematics,84.2,6.3,3.3,5.9,5,3.59,7,77.17
ID03069,Male,22,Business,88.8,2.0,2.69,7.3,4,3.09,4,61.97
ID03070,Female,19,Computer Science,65.3,7.8,3.27,6.6,12,3.66,4,75.68
ID03071,Female,18,Economics,83.0,4.5,2.14,4.7,7,2.39,6,59.4
ID03072,Female,19,Engineering,74.2,4.3,3.76,7.4,12,3.88,6,83.13
ID03073,Male,22,Business,68.4,4.5,2.45,9.5,5,2.46,5,62.22
ID03074,Male,18,Computer Science,88.9,9.7,2.54,9.1,7,3.0,7,73.59
ID03075,Female,21,Economics,96.6,4.0,3.16,7.2,10,3.41,6,77.64
ID03076,Female,24,Psychology,97.6,3.3,3.2,6.3,11,3.38,7,76.92
ID03077,Female,24,Economics,93.6,3.7,3.06,7.8,7,3.53,4,70.46
ID03078,Male,20,Psychology,77.5,6.8,2.54,7.4,6,2.74,8,70.45
ID03079,Male,18,Computer Science,95.7,5.8,3.67,6.8,10,4.0,5,85.51
ID03080,Female,22,Economics,89.6,4.1,2.26,9.8,2,2.52,6,57.45
ID03081,Female,18,Engineering,87.0,12.4,2.36,6.4,7,2.96,6,80.37
ID03082,Female,19,Economics,75.8,5.5,3.05,8.4,8,2.92,8,72.54
ID03083,Male,23,Computer Science,77.5,2.3,2.47,7.2,6,2.54,5,57.25
ID03084,Female,18,Business,86.1,1.0,3.71,7.2,11,4.0,5,74.43
ID03085,Female,24,Business,100.0,5.8,2.51,4.5,6,2.78,5,68.96
ID03086,Female,24,Economics,89.5,3.4,3.88,8.7,6,4.0,5,84.36
ID03087,Male,24,Economics,75.8,1.5,3.62,8.3,5,3.39,4,71.59
ID03088,Male,21,Psychology,72.5,3.8,3.72,7.3,10,3.75,4,77.37
ID03089,Female,18,Computer Science,77.6,6.1,4.0,8.6,15,4.0,5,87.67
ID03090,Male,20,Psychology,100.0,3.6,3.14,7.6,9,3.42,6,71.91
ID03091,Male,18,Engineering,79.0,4.0,2.59,5.1,6,2.6,5,60.68
ID03092,Female,23,Business,98.6,0.9,3.05,5.5,10,3.05,5,61.76
ID03093,Male,24,Mathematics,79.4,5.8,2.82,6.9,13,3.14,7,71.92
ID03094,Female,19,Mathematics,88.9,1.3,2.75,4.5,8,2.79,5,59.0
ID03095,Male,24,Computer Science,96.9,2.8,3.18,8.7,6,3.26,8,73.95
ID03096,Female,18,Computer Science,76.4,4.8,2.94,6.7,12,3.22,7,70.24
ID03097,Female,21,Mathematics,75.4,2.5,2.72,7.2,6,2.59,4,63.06
ID03098,Male,22,Computer Science,100.0,2.8,2.98,5.5,6,3.18,5,67.96
ID03099,Male,18,Business,99.8,4.6,3.37,8.0,10,3.68,4,80.29
ID03100,Male,18,Engineering,96.9,4.9,3.58,6.8,3,3.81,5,88.26
ID03101,Male,20,Engineering,96.8,4.1,2.3,6.5,5,2.84,5,69.17
ID03102,Female,21,Psychology,91.9,0.8,2.95,9.1,9,2.99,4,68.1
ID03103,Female,23,Business,100.0,1.1,3.03,9.0,10,3.19,4,69.87
ID03104,Male,22,Computer Science,85.7,6.8,2.51,8.1,8,3.04,6,66.52
ID03105,Male,24,Computer Science,93.7,3.2,3.04,7.3,6,3.37,7,73.78
ID03106,Male,19,Psychology,63.2,13.6,3.17,6.2,6,3.79,5,86.11
ID03107,Female,18,Psychology,72.6,4.7,3.36,6.6,7,3.56,8,75.43
ID03108,Male,23,Computer Science,67.0,11.0,3.14,6.5,9,3.49,5,80.03
ID03109,Female,22,Computer Science,100.0,3.6,2.66,7.6,7,3.04,8,68.26
ID03110,Female,19,Business,46.7,3.0,4.0,7.0,7,3.58,5,73.17
ID03111,Female,23,Psychology,79.0,5.9,3.51,7.0,12,3.48,6,80.55
ID03112,Male,21,Business,40.1,7.6,3.38,9.3,6,3.4,7,73.18
ID03113,Female,21,Economics,72.5,3.6,3.6,8.7,9,3.37,4,73.09
ID03114,Male,22,Computer Science,77.6,5.8,3.22,5.8,3,3.23,8,71.25
ID03115,Male,24,Mathematics,100.0,1.3,3.74,7.4,8,3.78,5,83.9
ID03116,Female,19,Mathematics,90.9,2.3,3.13,5.8,7,3.46,6,77.83
ID03117,Female,21,Economics,72.5,5.1,3.1,7.9,8,3.05,7,72.29
ID03118,Male,22,Computer Science,100.0,3.2,3.42,9.9,9,3.74,7,74.45
ID03119,Male,21,Psychology,85.3,4.8,3.89,6.5,6,4.0,4,82.09
ID03120,Male,21,Mathematics,85.6,5.2,3.86,8.2,8,3.99,8,86.4
ID03121,Male,23,Psychology,67.0,5.7,3.4,9.4,5,3.52,7,78.92
ID03122,Male,23,Mathematics,70.1,6.7,3.36,6.8,8,3.73,8,73.49
ID03123,Male,21,Psychology,72.6,6.8,3.45,7.7,3,3.65,6,78.81
ID03124,Male,20,Mathematics,85.7,2.0,3.59,9.6,8,3.66,7,75.38
ID03125,Female,23,Psychology,86.2,3.7,3.75,5.6,10,4.0,6,83.11
ID03126,Female,19,Economics,100.0,3.6,2.98,5.4,12,3.06,8,72.14
ID03127,Female,22,Business,90.8,3.9,3.76,5.1,6,4.0,8,77.51
ID03128,Male,22,Psychology,44.4,3.4,3.27,8.1,8,2.84,8,64.73
ID03129,Female,24,Business,88.9,4.1,3.43,5.5,5,3.67,6,80.96
ID03130,Female,19,Business,63.2,2.7,3.79,7.8,5,3.74,7,73.06
ID03131,Female,19,Computer Science,70.5,6.5,3.47,9.0,7,3.36,5,79.55
ID03132,Female,19,Economics,72.8,5.2,3.56,6.0,6,3.48,6,76.13
ID03133,Female,24,Business,75.0,2.7,2.91,5.9,10,2.82,7,61.63
ID03134,Male,19,Engineering,64.4,4.1,3.85,8.0,10,3.91,4,80.32
ID03135,Male,18,Business,88.1,10.4,3.45,7.1,10,4.0,7,91.42
ID03136,Female,24,Psychology,63.8,2.0,3.16,4.0,10,2.92,4,64.87
ID03137,Female,22,Business,90.4,2.3,3.65,9.3,13,3.76,6,81.89
ID03138,Female,18,Psychology,100.0,6.6,4.0,7.8,7,4.0,6,90.04
ID03139,Male,24,Psychology,65.1,9.2,2.52,6.4,7,2.65,6,67.67
ID03140,Male,21,Engineering,80.7,4.9,2.7,6.4,7,3.15,6,67.57
ID03141,Male,21,Business,47.1,4.3,4.0,8.1,11,3.51,6,73.68
ID03142,Female,22,Business,80.5,1.8,3.31,6.9,10,3.73,6,71.59
ID03143,Female,21,Mathematics,94.6,3.1,3.2,7.1,10,3.42,6,73.29
ID03144,Male,19,Mathematics,95.8,3.0,3.04,7.2,14,3.47,6,68.77
ID03145,Male,24,Computer Science,86.2,3.1,3.7,5.8,6,4.0,7,78.82
ID03146,Male,18,Psychology,98.3,2.5,4.0,6.5,6,4.0,6,85.09
ID03147,Female,19,Engineering,100.0,1.7,2.77,6.7,3,3.03,7,69.29
ID03148,Female,21,Mathematics,100.0,5.9,3.05,5.9,8,3.58,8,79.92
ID03149,Female,23,Business,77.2,5.0,2.92,7.4,7,3.09,8,70.83
ID03150,Male,18,Computer Science,63.2,1.7,3.47,7.7,3,3.52,4,67.87
ID03151,Female,19,Engineering,78.9,4.1,3.71,9.5,6,3.56,7,78.37
ID03152,Male,24,Economics,70.8,3.3,3.91,5.9,6,3.79,5,75.91
ID03153,Female,22,Business,91.8,9.8,3.48,8.3,5,4.0,4,91.27
ID03154,Male,19,Business,67.3,8.0,4.0,9.1,8,4.0,7,86.83
ID03155,Male,23,Economics,83.9,9.8,2.81,8.4,5,3.54,4,84.28
ID03156,Female,21,Psychology,97.6,3.0,2.68,6.3,3,2.82,8,71.28
ID03157,Female,18,Psychology,83.5,1.2,3.83,6.5,4,4.0,7,77.84
ID03158,Male,22,Mathematics,70.8,1.9,3.16,9.3,4,2.83,8,66.09
ID03159,Female,18,Mathematics,100.0,3.1,2.41,6.7,6,2.56,7,64.07
ID03160,Male,22,Business,56.8,3.5,2.94,7.0,10,2.71,8,57.84
ID03161,Male,24,Business,80.1,9.9,3.23,6.3,6,3.86,4,83.59
ID03162,Male,18,Mathematics,84.4,6.5,2.78,8.2,11,2.96,8,72.63
ID03163,Male,21,Economics,85.2,5.1,2.59,4.0,7,2.85,4,67.8
ID03164,Male,24,Mathematics,87.7,8.0,3.0,5.8,10,3.35,5,80.58
ID03165,Male,24,Business,94.2,5.6,2.57,5.5,10,3.05,4,72.85
ID03166,Male,22,Engineering,84.5,6.2,3.42,9.4,9,3.86,6,78.47
ID03167,Female,20,Business,79.5,3.3,2.13,7.3,6,2.24,7,53.71
ID03168,Male,18,Engineering,78.9,1.5,3.15,6.7,9,3.26,5,70.39
ID03169,Female,18,Engineering,75.8,1.3,3.36,6.7,7,3.36,8,70.06
ID03170,Male,19,Business,96.8,1.3,3.05,4.9,7,3.03,7,67.57
ID03171,Female,22,Computer Science,75.3,5.9,3.65,9.0,8,3.87,7,80.49
ID03172,Male,23,Mathematics,97.7,2.4,2.41,6.5,8,2.53,8,62.05
ID03173,Male,20,Psychology,85.3,3.3,2.75,7.9,10,2.94,6,65.83
ID03174,Male,21,Business,77.2,1.6,2.93,6.0,7,2.77,5,64.21
ID03175,Male,19,Engineering,94.3,7.5,3.46,6.9,5,3.86,8,93.75
ID03176,Male,20,Business,74.1,4.0,3.21,5.6,11,2.97,6,71.23
ID03177,Female,22,Mathematics,94.6,4.6,4.0,6.6,5,4.0,7,89.84
ID03178,Female,20,Economics,88.2,4.9,2.7,8.6,4,3.07,5,63.92
ID03179,Female,24,Engineering,76.1,5.3,2.4,7.2,5,2.48,5,61.17
ID03180,Female,18,Psychology,92.9,7.7,3.99,7.6,13,4.0,4,97.17
ID03181,Male,24,Psychology,93.2,6.0,2.38,7.1,9,2.98,5,69.23
ID03182,Male,18,Psychology,100.0,2.1,3.44,9.4,6,3.55,4,63.33
ID03183,Male,19,Economics,99.5,2.3,2.61,5.8,10,2.91,7,67.38
ID03184,Male,22,Computer Science,92.4,14.0,2.07,6.8,9,2.79,4,85.32
ID03185,Male,22,Engineering,68.1,6.9,2.91,7.3,12,3.04,7,64.85
ID03186,Male,20,Economics,100.0,12.6,3.55,5.5,8,4.0,8,100.0
ID03187,Male,19,Engineering,63.9,3.5,2.49,7.2,9,2.33,7,48.9
ID03188,Male,22,Economics,99.2,9.2,3.39,7.0,9,4.0,6,92.63
ID03189,Female,23,Economics,91.5,5.4,3.48,7.2,10,3.86,4,81.5
ID03190,Female,23,Computer Science,67.4,4.8,2.46,7.2,5,2.74,8,53.23
ID03191,Male,24,Engineering,83.1,4.1,2.99,6.0,11,3.43,4,71.43
ID03192,Female,18,Economics,83.8,6.4,3.89,4.6,9,4.0,7,90.69
ID03193,Female,20,Computer Science,100.0,5.5,3.43,7.3,7,3.68,7,84.25
ID03194,Male,21,Business,74.3,3.6,2.97,5.7,11,2.99,4,68.37
ID03195,Male,18,Mathematics,81.1,2.8,3.31,6.9,5,3.75,7,70.15
ID03196,Male,19,Economics,50.0,3.7,2.76,5.9,5,2.59,4,52.27
ID03197,Female,22,Psychology,100.0,4.0,3.66,4.8,9,3.72,5,85.4
ID03198,Female,18,Computer Science,68.9,3.2,3.66,7.5,9,3.5,8,79.2
ID03199,Male,21,Computer Science,89.9,2.3,3.16,8.1,3,3.42,8,73.91
ID03200,Male,21,Economics,83.5,4.2,3.22,8.7,5,3.3,5,67.59
ID03201,Female,23,Computer Science,83.5,5.1,2.6,6.3,9,2.81,8,62.28
ID03202,Male,19,Business,97.1,4.7,2.42,7.1,13,2.82,8,64.41
ID03203,Male,18,Computer Science,100.0,1.9,2.91,7.5,5,3.17,7,64.03
ID03204,Female,20,Mathematics,88.8,9.8,3.06,8.5,7,3.65,4,84.01
ID03205,Female,18,Mathematics,94.8,11.1,3.63,4.4,11,4.0,5,96.99
ID03206,Female,23,Psychology,89.9,5.8,3.56,4.8,5,3.9,7,78.73
ID03207,Female,24,Business,100.0,6.5,3.19,9.1,6,3.48,8,84.19
ID03208,Female,21,Mathematics,78.1,4.6,3.7,4.5,8,3.78,8,81.4
ID03209,Male,19,Economics,100.0,5.0,2.63,8.4,7,2.87,6,69.52
ID03210,Female,19,Engineering,100.0,1.2,3.64,9.0,6,3.69,5,76.93
ID03211,Male,20,Engineering,100.0,3.8,2.7,8.2,9,3.0,8,63.88
ID03212,Female,19,Engineering,75.1,3.9,3.72,5.5,5,3.73,5,76.73
ID03213,Male,23,Economics,82.5,10.9,3.09,5.7,3,3.51,5,84.93
ID03214,Female,23,Computer Science,88.6,3.4,2.1,6.9,10,2.47,8,58.33
ID03215,Male,23,Economics,64.4,9.7,3.47,9.6,9,3.77,6,84.35
ID03216,Male,19,Computer Science,100.0,4.1,3.5,9.6,9,3.74,5,82.06
ID03217,Male,19,Engineering,84.8,3.1,2.87,7.4,9,3.31,4,66.07
ID03218,Male,23,Psychology,89.3,1.3,2.91,4.6,14,2.83,6,65.8
ID03219,Female,19,Psychology,76.3,4.9,3.02,7.2,7,3.3,8,73.41
ID03220,Female,19,Computer Science,65.1,2.5,2.14,6.7,4,2.07,6,50.41
ID03221,Male,21,Engineering,75.9,1.4,1.92,7.0,5,1.88,7,49.13
ID03222,Male,18,Economics,88.3,5.8,3.75,4.5,10,3.9,5,84.68
ID03223,Male,22,Psychology,95.1,5.0,2.69,7.4,7,3.17,7,68.82
ID03224,Male,19,Computer Science,87.4,5.3,4.0,4.7,10,4.0,7,89.02
ID03225,Male,22,Economics,90.2,4.1,3.79,4.0,6,4.0,7,81.2
ID03226,Female,24,Engineering,79.9,2.6,3.88,7.3,12,3.83,7,79.68
ID03227,Male,22,Business,92.4,2.1,2.77,9.9,6,3.01,6,65.47
ID03228,Male,21,Engineering,100.0,9.0,2.3,5.7,13,2.63,5,73.71
ID03229,Male,19,Engineering,95.6,6.1,2.56,6.3,7,2.84,7,70.32
ID03230,Male,23,Economics,97.1,7.0,2.88,8.3,8,3.46,8,76.35
ID03231,Male,22,Economics,89.4,3.7,1.91,8.7,8,2.05,8,51.08
ID03232,Female,19,Mathematics,62.5,2.4,2.86,7.2,13,2.99,5,60.9
ID03233,Male,20,Mathematics,69.3,2.3,3.0,5.9,9,2.7,7,63.87
ID03234,Male,24,Economics,91.8,4.3,2.45,9.0,7,2.77,4,67.79
ID03235,Male,23,Economics,84.8,2.5,2.58,5.2,5,2.78,6,60.08
ID03236,Male,20,Business,91.6,1.1,2.99,6.2,9,3.38,6,71.9
ID03237,Male,20,Business,100.0,5.6,3.28,7.9,8,3.67,5,80.16
ID03238,Female,22,Engineering,95.9,7.0,2.65,4.6,8,2.87,8,71.79
ID03239,Female,20,Psychology,100.0,2.9,3.25,7.6,8,3.53,8,72.51
ID03240,Female,21,Business,86.4,1.4,3.17,8.7,7,3.42,4,62.79
ID03241,Male,21,Engineering,72.9,4.5,3.12,9.5,3,2.92,5,74.72
ID03242,Male,22,Computer Science,84.1,3.7,2.77,6.4,6,2.92,5,70.63
ID03243,Male,19,Mathematics,72.9,3.2,2.43,6.3,9,2.57,8,59.84
ID03244,Female,18,Psychology,100.0,5.2,3.95,8.1,6,4.0,6,87.02
ID03245,Female,19,Engineering,96.9,4.4,3.42,6.1,6,3.67,7,85.48
ID03246,Male,19,Economics,92.8,5.1,3.6,6.5,5,4.0,8,81.84
ID03247,Male,19,Computer Science,100.0,4.2,3.06,7.5,12,3.25,7,74.67
ID03248,Male,19,Mathematics,54.7,2.5,3.02,7.6,7,2.8,4,64.51
ID03249,Female,23,Computer Science,93.8,2.4,3.35,4.1,7,3.44,4,76.29
ID03250,Female,18,Engineering,65.3,4.1,2.18,5.3,10,2.03,5,61.1
ID03251,Male,23,Business,84.9,6.7,2.54,4.3,10,3.0,5,70.3
ID03252,Male,20,Mathematics,80.3,4.3,2.7,4.5,10,3.13,7,64.61
ID03253,Female,24,Computer Science,94.9,2.7,2.87,5.3,11,2.87,4,66.75
ID03254,Male,19,Business,88.4,4.5,2.66,6.7,12,2.89,5,62.13
ID03255,Male,24,Psychology,100.0,4.6,3.27,6.8,9,3.55,5,78.33
ID03256,Male,21,Engineering,76.0,2.5,3.14,4.0,8,3.19,4,70.61
ID03257,Female,22,Engineering,95.6,11.0,3.8,5.6,13,4.0,4,99.95
ID03258,Male,22,Mathematics,87.4,6.5,4.0,4.7,9,4.0,4,89.91
ID03259,Male,23,Computer Science,60.5,3.7,2.47,6.7,7,2.46,6,53.5
ID03260,Female,23,Psychology,71.2,10.6,3.17,6.0,8,3.44,6,83.27
ID03261,Male,21,Economics,82.8,4.9,3.17,8.9,10,3.34,6,77.13
ID03262,Male,19,Mathematics,100.0,4.7,3.09,6.8,5,3.63,6,78.18
ID03263,Male,24,Economics,92.0,8.5,2.56,6.1,13,3.03,7,75.7
ID03264,Male,24,Mathematics,67.5,6.5,2.64,6.6,14,2.83,8,63.78
ID03265,Female,18,Computer Science,82.9,5.3,3.22,6.0,7,3.57,6,78.2
ID03266,Male,20,Psychology,100.0,3.2,2.63,9.0,11,2.84,7,58.17
ID03267,Male,22,Computer Science,86.7,4.1,3.18,6.5,6,3.47,7,74.75
ID03268,Female,20,Engineering,80.1,3.7,2.98,7.7,4,3.23,7,76.11
ID03269,Female,18,Economics,92.4,2.7,3.17,8.2,6,3.33,4,67.56
ID03270,Female,23,Business,96.5,13.0,2.62,6.0,4,3.35,8,85.43
ID03271,Male,24,Engineering,78.2,6.6,3.18,4.3,13,3.4,4,76.45
ID03272,Male,22,Engineering,92.5,3.6,2.66,6.3,3,3.02,6,65.51
ID03273,Female,20,Economics,80.1,5.0,3.18,8.0,11,3.45,7,76.86
ID03274,Male,23,Mathematics,95.8,3.7,3.77,4.5,8,3.9,6,84.6
ID03275,Female,18,Engineering,87.5,2.5,3.23,7.4,7,3.33,5,71.74
ID03276,Female,20,Psychology,92.2,1.1,3.26,8.3,2,3.28,8,72.47
ID03277,Female,24,Engineering,73.6,5.3,3.51,9.1,4,3.59,4,77.31
ID03278,Male,19,Psychology,72.7,4.1,2.4,8.0,11,2.33,5,68.91
ID03279,Male,23,Computer Science,99.2,7.6,3.96,7.4,6,4.0,8,94.9
ID03280,Female,18,Mathematics,83.8,2.9,2.57,7.3,12,2.79,7,62.67
ID03281,Male,20,Psychology,89.3,7.6,3.54,5.2,9,4.0,4,81.07
ID03282,Male,24,Engineering,80.4,8.1,3.47,5.6,11,3.91,7,82.38
ID03283,Female,19,Mathematics,98.5,1.5,2.65,4.4,9,2.71,8,67.5
ID03284,Female,19,Mathematics,75.9,7.0,3.6,7.1,8,3.95,4,78.47
ID03285,Male,18,Psychology,83.0,6.4,3.35,7.7,10,3.81,6,73.14
ID03286,Male,21,Psychology,96.8,3.9,4.0,7.2,4,4.0,6,87.1
ID03287,Male,24,Business,100.0,7.5,3.2,7.4,6,3.54,4,88.11
ID03288,Female,24,Business,77.1,6.8,3.05,8.1,12,3.2,5,74.94
ID03289,Female,22,Mathematics,100.0,4.4,2.84,5.0,6,3.09,4,71.84
ID03290,Male,18,Economics,89.7,1.4,2.23,7.1,6,2.31,4,50.31
ID03291,Male,19,Economics,69.4,3.5,2.94,7.4,12,2.86,6,66.13
ID03292,Female,19,Business,90.5,7.1,2.96,6.3,6,3.35,6,79.51
ID03293,Male,18,Engineering,79.3,4.9,3.23,4.0,11,3.07,5,68.69
ID03294,Male,21,Computer Science,91.5,3.1,2.39,5.5,8,2.57,5,65.34
ID03295,Female,22,Mathematics,84.4,4.2,2.98,6.2,10,3.29,4,72.77
ID03296,Male,20,Computer Science,86.1,4.4,3.39,7.2,3,3.7,7,80.33
ID03297,Female,18,Business,71.3,2.4,3.44,7.1,11,3.31,5,71.68
ID03298,Male,22,Psychology,99.9,3.0,2.17,9.9,10,2.34,8,62.77
ID03299,Male,24,Mathematics,67.7,12.5,3.45,8.4,7,3.84,6,90.92
ID03300,Female,22,Business,68.4,0.6,2.98,7.0,11,2.9,8,61.88
ID03301,Male,23,Engineering,90.5,4.2,3.01,7.2,8,3.26,7,66.96
ID03302,Female,19,Mathematics,100.0,7.1,1.92,8.9,5,2.42,5,61.1
ID03303,Female,20,Mathematics,79.7,4.1,3.85,9.0,4,3.62,7,78.85
ID03304,Male,18,Economics,95.5,2.8,3.19,7.5,6,3.58,5,72.95
ID03305,Male,19,Psychology,100.0,3.3,2.33,9.6,13,2.46,4,64.8
ID03306,Male,23,Mathematics,97.2,10.7,3.29,5.7,9,3.82,5,91.91
ID03307,Male,23,Psychology,80.3,6.0,3.27,7.0,14,3.75,5,80.39
ID03308,Male,19,Business,68.6,5.7,3.71,10.0,10,3.79,4,83.01
ID03309,Male,21,Engineering,51.9,3.9,2.95,8.1,6,2.56,4,58.72
ID03310,Male,22,Engineering,81.1,4.7,3.11,6.8,8,3.67,8,73.15
ID03311,Female,18,Mathematics,100.0,2.1,2.78,7.2,7,3.18,6,64.88
ID03312,Female,18,Mathematics,68.1,11.1,3.4,7.3,8,3.7,6,85.41
ID03313,Female,18,Business,95.5,6.2,2.71,9.5,8,3.11,8,74.5
ID03314,Male,19,Economics,70.7,4.2,2.65,8.2,10,2.7,5,52.29
ID03315,Male,24,Economics,86.6,4.5,3.07,6.9,9,3.33,6,80.1
ID03316,Female,21,Economics,95.6,5.5,2.49,4.5,5,2.62,8,70.84
ID03317,Male,20,Psychology,75.1,2.1,3.9,5.9,8,3.95,7,74.81
ID03318,Male,23,Economics,87.6,3.4,4.0,7.1,6,4.0,5,89.48
ID03319,Female,19,Engineering,78.8,2.2,2.87,6.8,13,2.76,5,62.52
ID03320,Female,24,Psychology,95.6,6.2,2.41,8.6,4,2.67,4,69.84
ID03321,Male,20,Business,88.5,1.7,3.27,6.7,9,3.37,4,69.03
ID03322,Male,23,Engineering,85.8,2.3,2.86,8.3,10,3.1,4,70.33
ID03323,Female,23,Engineering,100.0,6.6,3.69,4.8,4,4.0,7,88.62
ID03324,Female,21,Computer Science,94.9,4.7,2.71,6.2,6,3.06,7,70.84
ID03325,Female,22,Business,74.6,10.1,3.37,8.0,8,3.62,6,88.8
ID03326,Female,18,Business,83.7,3.4,3.16,10.0,4,3.36,7,72.93
ID03327,Female,20,Computer Science,83.9,3.8,2.76,6.8,11,3.11,4,66.36
ID03328,Male,19,Psychology,86.2,8.9,3.22,8.2,16,3.43,5,86.96
ID03329,Male,20,Economics,100.0,7.6,3.54,9.0,8,3.95,5,96.49
ID03330,Female,22,Economics,90.6,6.7,3.14,8.4,9,3.33,8,80.18
ID03331,Female,18,Economics,54.5,2.6,3.15,8.1,3,2.72,7,62.49
ID03332,Female,20,Economics,76.9,2.7,2.66,6.5,6,2.58,8,61.71
ID03333,Male,22,Economics,56.0,4.0,3.67,9.3,7,3.34,5,76.39
ID03334,Male,19,Computer Science,80.1,3.9,3.62,5.0,5,3.69,8,75.8
ID03335,Female,21,Business,55.2,2.6,2.89,5.1,9,2.62,4,57.9
ID03336,Female,24,Psychology,71.9,3.3,3.04,9.8,9,3.11,5,61.76
ID03337,Female,23,Engineering,62.2,4.0,3.81,7.5,9,3.89,6,72.39
ID03338,Female,19,Economics,90.8,7.4,2.53,5.1,7,3.04,4,70.73
ID03339,Female,18,Computer Science,85.0,8.5,3.4,4.8,5,3.85,8,84.83
ID03340,Female,23,Psychology,89.5,6.0,2.82,4.8,9,3.21,8,78.46
ID03341,Female,24,Psychology,83.4,1.5,3.99,10.0,7,4.0,6,80.32
ID03342,Female,19,Psychology,64.1,7.9,3.13,6.9,9,3.32,5,72.13
ID03343,Female,19,Computer Science,92.7,6.0,3.73,6.2,6,4.0,4,84.28
ID03344,Male,19,Engineering,100.0,6.8,2.72,9.4,4,3.15,7,80.12
ID03345,Male,19,Economics,91.1,2.7,2.48,7.4,9,2.96,6,65.65
ID03346,Female,23,Psychology,78.6,9.1,2.98,6.5,8,3.26,7,78.91
ID03347,Male,18,Computer Science,63.6,3.7,3.23,8.6,7,2.98,7,66.38
ID03348,Male,24,Business,71.4,2.6,2.84,7.9,9,2.74,4,65.47
ID03349,Male,22,Computer Science,91.8,6.3,3.48,7.9,9,4.0,4,80.42
ID03350,Male,20,Computer Science,100.0,4.0,3.0,6.6,7,3.51,7,75.43
ID03351,Male,21,Computer Science,88.9,5.9,2.06,5.7,7,2.45,4,69.17
ID03352,Male,24,Psychology,97.0,3.3,3.38,5.5,9,3.58,8,77.94
ID03353,Female,20,Computer Science,95.6,2.0,2.66,7.2,4,2.74,4,62.15
ID03354,Male,20,Business,92.6,3.3,2.92,7.0,6,3.09,7,71.13
ID03355,Male,21,Psychology,75.1,1.7,3.88,7.7,8,3.64,8,74.11
ID03356,Male,24,Business,87.6,6.1,3.99,6.4,17,4.0,6,84.78
ID03357,Female,23,Mathematics,72.3,0.7,2.81,8.9,10,2.73,4,60.22
ID03358,Male,18,Computer Science,85.3,7.7,3.39,5.0,6,3.69,8,86.69
ID03359,Female,21,Economics,90.0,1.8,2.82,7.6,11,2.99,4,63.94
ID03360,Female,18,Economics,100.0,7.1,2.96,5.6,8,3.36,6,78.77
ID03361,Female,23,Psychology,65.4,5.6,2.8,6.6,7,2.79,8,63.17
ID03362,Male,20,Economics,92.2,1.0,2.24,5.6,14,2.31,7,55.4
ID03363,Female,18,Psychology,100.0,4.6,3.15,6.4,5,3.72,4,75.83
ID03364,Male,23,Computer Science,96.4,1.7,3.24,5.4,8,3.46,8,69.02
ID03365,Female,23,Engineering,97.5,4.7,2.76,5.5,10,2.91,4,77.4
ID03366,Female,22,Engineering,93.8,2.8,3.64,8.4,8,3.67,7,80.5
ID03367,Male,21,Business,100.0,1.0,2.88,4.9,10,2.96,7,68.32
ID03368,Male,22,Computer Science,68.7,5.5,2.78,8.0,14,3.1,5,69.05
ID03369,Male,20,Economics,64.2,3.9,3.36,8.3,5,3.42,6,72.36
ID03370,Female,21,Computer Science,84.9,4.2,2.33,8.1,6,2.51,4,60.42
ID03371,Male,20,Mathematics,52.6,1.1,3.55,7.0,10,2.97,8,64.98
ID03372,Female,22,Engineering,100.0,1.0,2.9,5.4,8,2.96,5,66.07
ID03373,Male,24,Economics,100.0,3.5,3.59,4.7,7,3.68,5,82.68
ID03374,Female,23,Engineering,78.5,7.0,3.74,5.2,10,3.71,6,86.08
ID03375,Female,20,Computer Science,79.4,6.1,3.42,5.2,10,3.34,7,77.93
ID03376,Female,21,Economics,83.9,5.4,2.69,7.4,9,3.2,6,64.77
ID03377,Female,21,Business,85.8,8.3,2.47,4.9,6,2.75,6,72.45
ID03378,Male,20,Computer Science,86.9,2.8,2.38,6.7,2,2.7,6,59.44
ID03379,Male,21,Business,93.4,5.6,3.65,7.1,6,4.0,8,79.07
ID03380,Female,23,Economics,82.4,1.3,3.03,6.5,10,3.11,5,66.39
ID03381,Male,24,Engineering,99.1,12.9,2.8,6.6,6,3.75,8,91.97
ID03382,Male,23,Mathematics,91.7,2.5,3.03,8.9,8,3.04,7,77.17
ID03383,Male,21,Psychology,75.9,5.3,3.64,7.7,6,3.83,8,78.45
ID03384,Male,20,Engineering,100.0,10.0,3.49,8.1,7,3.91,8,91.37
ID03385,Male,22,Business,64.6,3.3,3.32,6.4,9,3.46,7,65.07
ID03386,Female,21,Computer Science,83.6,5.3,3.42,8.2,9,3.76,5,79.15
ID03387,Male,21,Economics,99.5,4.6,3.19,7.5,11,3.61,7,78.54
ID03388,Female,21,Engineering,74.2,3.2,3.25,7.3,10,3.2,7,67.2
ID03389,Male,21,Mathematics,89.6,2.7,3.21,6.4,6,3.41,5,71.41
ID03390,Female,20,Economics,93.2,1.8,3.1,7.4,8,3.33,7,63.59
ID03391,Male,22,Business,72.1,0.4,3.48,10.0,7,3.35,5,69.45
ID03392,Female,22,Economics,83.9,3.7,3.28,7.9,5,3.48,6,71.16
ID03393,Female,18,Economics,82.7,2.6,2.66,9.6,8,2.97,7,62.35
ID03394,Male,21,Computer Science,76.7,2.5,3.36,4.2,8,3.23,4,66.09
ID03395,Female,21,Psychology,100.0,5.8,3.22,7.1,10,3.64,5,79.13
ID03396,Female,18,Business,73.6,4.4,3.41,8.2,11,3.19,7,73.25
ID03397,Female,22,Computer Science,100.0,7.3,3.05,7.6,8,3.41,6,81.5
ID03398,Female,19,Psychology,79.1,3.1,3.51,7.8,5,3.49,8,75.68
ID03399,Male,23,Computer Science,68.7,1.9,3.07,6.4,12,3.21,4,67.5
ID03400,Female,19,Psychology,86.5,5.8,3.46,8.8,8,3.7,7,83.0
ID03401,Male,22,Psychology,94.7,6.0,2.87,4.6,5,3.02,8,78.02
ID03402,Male,24,Psychology,98.8,4.9,2.91,6.8,7,3.28,8,78.85
ID03403,Female,21,Computer Science,100.0,2.4,3.4,7.2,12,3.48,4,78.26
ID03404,Male,19,Economics,100.0,4.2,2.93,6.1,7,3.22,8,73.58
ID03405,Female,20,Psychology,88.8,1.9,4.0,7.0,8,4.0,5,84.03
ID03406,Female,20,Economics,75.1,2.6,3.38,4.1,10,3.06,5,73.67
ID03407,Female,18,Business,91.8,7.8,3.11,5.1,12,3.66,5,83.26
ID03408,Female,22,Mathematics,81.0,3.0,3.51,8.9,6,3.88,7,70.15
ID03409,Male,22,Economics,98.9,6.8,2.86,7.4,9,3.55,7,75.13
ID03410,Male,19,Mathematics,65.5,5.0,3.56,6.4,12,3.66,6,74.5
ID03411,Male,21,Psychology,100.0,9.8,3.55,8.5,4,4.0,4,95.75
ID03412,Male,22,Mathematics,97.8,4.9,3.73,9.1,9,4.0,8,85.47
ID03413,Male,19,Mathematics,59.7,4.7,2.88,9.7,9,2.66,5,67.34
ID03414,Male,19,Psychology,74.4,1.3,2.49,4.2,5,2.26,4,59.38
ID03415,Female,23,Economics,97.2,2.6,2.79,9.1,11,3.0,6,71.46
ID03416,Female,23,Psychology,100.0,3.5,2.96,5.3,4,3.31,6,76.32
ID03417,Male,22,Business,65.9,12.0,3.93,7.5,6,4.0,7,91.4
ID03418,Female,19,Engineering,95.7,2.7,4.0,7.9,8,4.0,8,85.77
ID03419,Male,18,Computer Science,55.8,1.9,3.27,9.4,12,2.83,4,60.89
ID03420,Male,18,Psychology,83.7,1.5,3.1,7.7,4,3.39,5,61.6
ID03421,Female,23,Psychology,100.0,1.3,2.93,7.4,6,3.17,6,67.03
ID03422,Female,22,Mathematics,76.7,12.2,3.51,5.7,2,3.91,7,95.81
ID03423,Female,21,Business,62.4,4.5,4.0,4.5,10,3.93,7,80.98
ID03424,Male,24,Mathematics,87.2,2.1,3.99,5.7,11,4.0,5,86.92
ID03425,Female,18,Economics,75.9,8.4,3.67,9.1,7,3.66,7,86.77
ID03426,Female,18,Psychology,94.4,10.6,3.66,7.0,7,4.0,8,100.0
ID03427,Female,23,Psychology,71.7,2.2,3.52,9.5,8,3.36,6,71.26
ID03428,Female,23,Mathematics,73.4,3.1,3.08,5.9,8,3.16,8,66.97
ID03429,Female,22,Psychology,54.7,7.7,2.73,8.2,9,2.62,7,62.77
ID03430,Female,23,Economics,87.5,6.1,3.09,7.3,10,3.49,5,79.89
ID03431,Female,20,Engineering,82.6,3.7,3.31,8.9,7,3.53,5,72.06
ID03432,Female,24,Computer Science,67.2,7.8,2.37,6.7,6,2.75,7,63.05
ID03433,Female,19,Computer Science,87.9,1.3,3.02,6.8,13,3.25,5,69.94
ID03434,Male,18,Computer Science,100.0,1.9,2.69,8.8,10,2.65,5,69.26
ID03435,Female,20,Engineering,81.8,2.5,3.61,4.0,8,3.75,5,78.48
ID03436,Male,21,Psychology,89.0,2.3,2.83,6.8,9,3.05,7,64.68
ID03437,Male,20,Mathematics,89.1,0.8,3.26,4.5,9,3.51,5,68.55
ID03438,Female,22,Business,66.9,3.2,2.75,7.0,7,2.68,7,60.76
ID03439,Female,21,Psychology,100.0,5.6,3.9,6.4,9,4.0,8,92.17
ID03440,Female,21,Engineering,77.9,6.6,2.25,7.9,10,2.37,8,68.27
ID03441,Male,23,Economics,94.8,6.3,3.34,7.7,11,3.62,8,83.33
ID03442,Male,20,Engineering,96.5,7.4,2.46,6.6,7,3.11,4,78.67
ID03443,Male,22,Computer Science,82.9,5.2,2.85,5.6,4,3.2,6,73.0
ID03444,Female,18,Psychology,94.1,2.8,3.2,7.1,6,3.48,5,72.42
ID03445,Female,24,Computer Science,88.7,1.1,3.23,9.0,9,3.28,8,71.27
ID03446,Female,23,Business,63.7,1.1,3.21,5.5,7,2.98,7,67.38
ID03447,Female,20,Economics,80.0,4.3,3.18,4.7,10,3.56,5,78.32
ID03448,Female,18,Computer Science,75.8,2.2,2.78,4.2,12,2.51,6,65.14
ID03449,Female,20,Business,78.1,4.2,3.02,4.7,8,2.81,7,69.53
ID03450,Male,23,Engineering,65.4,1.8,3.12,7.0,9,3.08,6,62.2
ID03451,Male,18,Computer Science,100.0,8.2,3.2,4.9,8,3.8,6,87.13
ID03452,Female,23,Computer Science,100.0,3.3,3.07,6.4,12,3.41,4,78.83
ID03453,Female,20,Mathematics,99.7,3.4,3.46,7.7,16,3.6,6,80.6
ID03454,Male,21,Economics,100.0,3.6,3.15,4.0,3,3.54,5,76.88
ID03455,Female,24,Economics,79.8,0.3,3.2,8.5,17,2.5,8,64.7
ID03456,Male,19,Engineering,75.5,7.7,2.91,9.1,3,3.08,8,73.3
ID03457,Male,24,Mathematics,73.3,1.9,2.57,9.8,3,2.55,7,56.98
ID03458,Female,21,Business,94.7,3.7,3.18,9.2,12,3.47,4,75.21
ID03459,Female,23,Business,88.4,4.1,3.7,10.0,7,3.99,8,86.33
ID03460,Female,24,Engineering,83.8,2.4,3.32,7.3,9,3.71,5,70.68
ID03461,Male,23,Economics,100.0,5.7,2.69,8.2,6,3.11,6,73.55
ID03462,Male,23,Business,91.1,7.2,3.51,6.6,7,4.0,8,82.84
ID03463,Female,18,Engineering,72.4,1.1,2.93,8.0,8,2.65,8,62.74
ID03464,Female,22,Business,74.8,6.0,3.46,7.2,12,3.66,4,82.38
ID03465,Male,23,Psychology,95.2,0.9,2.92,4.5,9,2.9,5,70.62
ID03466,Female,24,Computer Science,100.0,2.4,3.28,4.7,9,3.35,7,75.51
ID03467,Male,24,Economics,93.3,2.8,2.84,9.7,9,3.1,6,69.7
ID03468,Female,24,Psychology,100.0,2.9,2.85,7.2,6,3.13,5,69.53
ID03469,Female,21,Engineering,100.0,7.9,2.32,9.1,5,2.85,6,74.28
ID03470,Male,19,Engineering,91.6,3.0,3.36,6.1,8,3.62,8,76.04
ID03471,Male,23,Psychology,72.4,3.0,3.29,5.7,7,3.34,5,69.51
ID03472,Female,23,Computer Science,65.4,1.6,3.31,6.9,10,3.21,7,65.48
ID03473,Female,23,Computer Science,79.2,4.8,3.24,8.2,8,3.23,7,75.31
ID03474,Female,18,Mathematics,96.3,3.5,2.72,9.1,6,2.8,8,67.59
ID03475,Female,23,Business,100.0,5.3,3.58,7.3,6,4.0,5,84.1
ID03476,Female,21,Mathematics,91.3,1.6,3.6,8.0,8,3.73,5,80.65
ID03477,Female,20,Computer Science,100.0,10.0,2.71,6.8,10,3.47,6,90.39
ID03478,Male,22,Psychology,81.3,6.2,3.37,9.2,10,3.82,6,75.45
ID03479,Male,24,Business,94.3,14.0,3.54,9.2,8,4.0,6,96.47
ID03480,Male,23,Psychology,97.4,4.1,2.86,5.8,7,3.11,7,69.0
ID03481,Male,18,Mathematics,55.3,7.0,2.95,7.6,16,2.37,7,68.08
ID03482,Female,21,Engineering,78.8,10.1,3.37,5.5,8,3.65,5,88.92
ID03483,Male,23,Psychology,99.2,4.8,2.34,8.2,9,2.79,7,68.35
ID03484,Female,18,Mathematics,89.1,3.6,2.56,6.4,12,3.04,5,65.19
ID03485,Female,20,Mathematics,67.1,2.9,2.61,5.8,9,2.4,6,60.05
ID03486,Female,19,Mathematics,48.5,3.3,2.2,4.0,7,1.67,4,46.9
ID03487,Male,23,Engineering,79.5,4.4,3.64,8.6,6,3.73,5,77.99
ID03488,Male,21,Engineering,83.9,3.5,2.11,7.3,5,2.45,8,56.93
ID03489,Male,18,Engineering,71.7,5.9,3.27,7.4,3,3.38,6,69.93
ID03490,Male,18,Business,87.1,8.7,3.51,8.2,8,4.0,7,83.95
ID03491,Male,23,Engineering,92.6,1.8,2.95,5.9,9,2.99,4,63.95
ID03492,Female,18,Engineering,95.1,1.8,2.77,5.6,6,2.8,7,67.75
ID03493,Female,19,Engineering,49.7,3.0,3.22,7.8,7,2.96,5,63.44
ID03494,Female,18,Psychology,65.3,1.1,3.1,8.7,5,2.81,7,62.98
ID03495,Female,24,Engineering,80.4,9.6,3.6,7.8,5,4.0,8,83.28
ID03496,Male,22,Business,93.6,7.4,1.79,9.4,6,2.19,6,58.36
ID03497,Female,24,Mathematics,92.3,3.5,2.64,7.8,7,2.85,4,68.36
ID03498,Female,22,Psychology,92.1,3.7,3.38,7.8,8,3.54,6,68.56
ID03499,Male,18,Computer Science,79.2,4.9,3.13,8.2,8,3.23,4,76.31
ID03500,Female,23,Engineering,80.1,2.4,3.48,6.7,9,3.86,6,67.21
ID03501,Male,22,Mathematics,74.1,3.2,3.23,5.1,4,3.18,4,71.87
ID03502,Female,21,Mathematics,96.5,2.5,3.03,7.0,3,3.16,7,68.12
ID03503,Female,22,Psychology,71.2,4.1,2.95,8.1,4,2.9,5,69.71
ID03504,Male,24,Computer Science,97.8,4.2,4.0,5.7,5,4.0,5,97.47
ID03505,Female,18,Economics,88.1,3.7,3.87,4.9,9,4.0,4,75.82
ID03506,Female,23,Business,84.3,7.0,3.35,5.9,13,3.83,8,83.22
ID03507,Female,20,Economics,75.1,3.7,3.14,9.0,10,2.89,8,63.93
ID03508,Male,23,Mathematics,64.7,3.9,3.37,7.7,16,2.92,8,71.59
ID03509,Female,23,Economics,75.3,1.4,3.51,6.8,11,3.62,4,69.27
ID03510,Male,23,Mathematics,80.0,5.8,3.31,5.5,6,3.47,5,77.5
ID03511,Male,21,Economics,49.5,4.4,2.72,7.4,5,2.64,8,55.84
ID03512,Male,19,Mathematics,82.0,6.2,3.99,7.3,8,4.0,6,90.1
ID03513,Female,24,Mathematics,98.9,2.2,3.22,7.7,6,3.4,4,69.05
ID03514,Female,18,Psychology,93.5,1.9,4.0,10.0,4,4.0,4,85.9
ID03515,Female,19,Computer Science,77.6,3.4,3.19,7.7,8,3.27,5,68.83
ID03516,Female,20,Mathematics,85.7,0.9,2.98,6.0,16,2.88,8,59.99
ID03517,Male,19,Business,76.7,9.9,3.79,4.9,12,3.92,4,95.87
ID03518,Male,18,Business,87.2,3.4,3.25,6.2,6,3.6,8,73.09
ID03519,Male,24,Engineering,100.0,0.6,3.17,6.3,6,3.25,7,75.51
ID03520,Male,24,Mathematics,99.5,2.9,2.5,8.2,7,2.56,8,68.71
ID03521,Male,18,Mathematics,92.8,3.6,3.43,6.1,4,3.76,8,75.17
ID03522,Male,20,Mathematics,77.6,8.7,2.85,5.5,6,2.98,5,75.73
ID03523,Male,18,Economics,96.2,4.1,2.88,7.8,10,3.05,8,72.21
ID03524,Male,20,Mathematics,59.7,1.5,2.85,6.1,17,2.35,4,61.69
ID03525,Male,20,Mathematics,81.2,4.9,3.32,7.9,4,3.53,5,77.06
ID03526,Male,18,Business,93.8,4.1,2.33,5.7,13,2.75,5,64.22
ID03527,Female,22,Computer Science,96.1,3.5,2.99,6.3,8,3.19,4,71.54
ID03528,Female,24,Computer Science,95.0,3.2,3.59,6.1,8,3.76,4,79.36
ID03529,Female,20,Engineering,89.4,6.7,2.48,7.6,9,2.79,4,73.76
ID03530,Male,18,Business,82.1,4.0,3.19,6.8,7,3.51,4,72.4
ID03531,Male,22,Mathematics,93.1,3.9,2.78,5.2,9,3.06,5,68.12
ID03532,Female,24,Computer Science,70.7,7.6,2.9,5.0,8,3.19,4,71.06
ID03533,Male,20,Psychology,72.3,6.3,3.93,6.5,10,4.0,4,83.05
ID03534,Male,24,Psychology,85.9,5.0,2.27,4.9,8,2.43,8,58.48
ID03535,Male,22,Psychology,87.6,2.5,3.48,6.4,9,3.62,4,72.5
ID03536,Male,24,Mathematics,57.6,3.3,2.86,7.4,5,2.38,4,64.82
ID03537,Male,21,Mathematics,91.8,3.8,2.84,5.2,10,3.16,4,68.98
ID03538,Male,23,Engineering,96.6,1.6,2.54,8.3,10,2.48,4,64.39
ID03539,Female,21,Engineering,83.8,2.9,3.48,9.1,7,3.53,6,67.16
ID03540,Male,22,Engineering,100.0,4.1,3.0,8.6,12,3.31,8,76.15
ID03541,Male,20,Economics,74.8,5.6,2.94,8.0,6,2.93,7,69.84
ID03542,Female,18,Psychology,79.6,5.4,3.15,7.6,10,3.13,6,72.57
ID03543,Male,19,Mathematics,79.1,1.2,3.01,7.4,9,2.81,4,64.11
ID03544,Male,18,Psychology,83.9,3.2,2.1,7.6,5,2.36,7,54.76
ID03545,Female,24,Engineering,80.1,2.3,2.85,6.1,8,2.92,4,57.44
ID03546,Male,19,Mathematics,63.9,1.0,3.55,7.0,11,3.55,7,69.55
ID03547,Male,19,Business,76.8,3.7,2.35,7.2,5,2.49,6,59.64
ID03548,Male,24,Computer Science,83.5,2.9,2.56,8.0,12,2.8,8,60.93
ID03549,Male,24,Computer Science,100.0,4.0,2.89,4.6,5,3.26,5,69.84
ID03550,Female,20,Engineering,100.0,5.5,2.74,7.3,8,3.08,7,69.27
ID03551,Female,22,Psychology,100.0,4.9,3.09,8.6,12,3.58,6,77.96
ID03552,Male,18,Business,73.4,10.7,2.55,6.1,2,2.89,6,79.65
ID03553,Female,22,Mathematics,74.6,4.4,2.91,6.8,7,3.05,8,68.07
ID03554,Male,21,Psychology,82.6,8.5,3.08,4.2,2,3.48,7,75.85
ID03555,Male,20,Engineering,100.0,1.9,3.42,7.1,6,3.65,6,76.5
ID03556,Female,20,Psychology,82.5,4.9,3.72,4.8,7,4.0,6,81.41
ID03557,Male,21,Engineering,65.1,2.5,2.97,6.2,9,2.88,7,64.7
ID03558,Male,18,Economics,77.5,3.4,4.0,6.9,11,4.0,5,83.0
ID03559,Male,23,Computer Science,96.4,6.4,3.01,6.1,8,3.34,4,69.33
ID03560,Male,21,Computer Science,95.3,3.4,3.51,6.8,7,3.82,6,80.52
ID03561,Male,18,Psychology,82.0,7.1,4.0,7.6,8,4.0,4,86.69
ID03562,Female,19,Business,95.3,2.6,3.17,6.9,8,3.62,4,68.35
ID03563,Male,24,Mathematics,50.9,1.9,2.41,7.2,10,2.18,6,49.1
ID03564,Male,20,Engineering,86.6,4.5,3.15,4.2,7,3.42,7,75.2
ID03565,Male,18,Mathematics,97.9,4.7,2.79,6.8,10,3.16,7,67.32
ID03566,Female,22,Computer Science,72.5,3.3,2.96,4.0,6,3.01,5,67.54
ID03567,Female,24,Business,72.5,5.7,4.0,6.4,6,4.0,6,86.82
ID03568,Female,22,Business,57.0,0.9,2.49,9.8,6,2.06,4,50.43
ID03569,Female,24,Mathematics,100.0,2.1,3.25,8.4,9,3.42,7,71.28
ID03570,Female,20,Computer Science,74.2,5.1,2.66,4.9,7,2.81,5,62.39
ID03571,Male,21,Mathematics,88.6,3.5,2.95,6.2,6,3.15,7,72.79
ID03572,Male,23,Psychology,94.1,2.6,3.47,6.7,8,3.89,8,71.9
ID03573,Female,21,Business,100.0,4.3,3.26,7.8,10,3.63,7,81.62
ID03574,Female,18,Business,82.7,6.8,2.99,8.3,8,3.43,5,74.89
ID03575,Female,21,Psychology,76.9,4.9,2.78,9.4,2,2.96,8,66.96
ID03576,Male,20,Computer Science,87.6,6.2,3.26,5.6,12,3.59,7,74.0
ID03577,Male,18,Business,100.0,5.0,3.95,7.3,13,4.0,7,88.87
ID03578,Male,19,Economics,82.4,7.8,2.65,4.4,12,3.1,8,74.48
ID03579,Female,21,Economics,70.7,2.9,4.0,7.6,6,4.0,8,74.47
ID03580,Male,21,Economics,61.9,7.0,3.7,7.7,10,3.9,4,81.85
ID03581,Male,23,Engineering,66.7,1.2,3.78,7.0,7,3.59,8,71.32
ID03582,Female,18,Engineering,98.0,1.8,3.25,8.0,3,3.48,7,70.86
ID03583,Male,22,Computer Science,80.2,5.6,3.69,5.7,10,4.0,5,84.55
ID03584,Female,21,Psychology,75.9,1.7,2.6,5.0,6,2.44,5,51.52
ID03585,Male,20,Mathematics,74.3,3.3,2.77,5.6,10,2.54,7,64.3
ID03586,Male,21,Computer Science,86.3,7.7,3.48,7.6,7,4.0,5,89.68
ID03587,Male,23,Mathematics,81.4,1.9,3.25,9.0,9,3.35,6,73.16
ID03588,Female,19,Computer Science,80.9,6.5,3.03,5.7,5,3.46,7,76.06
ID03589,Male,23,Engineering,100.0,3.2,1.85,6.0,9,2.06,7,55.93
ID03590,Male,21,Economics,100.0,1.8,2.88,7.2,4,3.05,8,66.29
ID03591,Female,22,Psychology,60.8,4.0,2.51,10.0,10,2.47,4,56.8
ID03592,Male,24,Engineering,89.9,7.4,3.35,6.3,3,3.72,5,84.97
ID03593,Female,21,Psychology,73.3,1.6,3.0,8.4,6,2.71,8,60.35
ID03594,Female,18,Mathematics,81.3,1.6,2.79,6.7,6,3.14,6,64.16
ID03595,Male,21,Computer Science,89.6,5.5,4.0,6.2,9,4.0,5,94.8
ID03596,Female,22,Business,81.8,2.8,3.62,5.0,7,4.0,5,75.64
ID03597,Male,18,Business,88.5,10.7,3.63,6.5,9,4.0,5,89.4
ID03598,Female,20,Psychology,95.1,4.7,4.0,8.3,9,4.0,6,84.14
ID03599,Male,18,Economics,89.4,6.8,3.5,5.7,11,4.0,5,86.4
ID03600,Female,23,Economics,75.3,4.6,2.71,7.1,3,2.88,7,65.11
ID03601,Male,19,Psychology,75.6,1.7,2.66,5.7,13,2.39,6,61.51
ID03602,Female,23,Engineering,63.4,2.2,3.58,6.4,11,3.52,7,67.87
ID03603,Male,24,Business,72.2,2.4,2.07,4.7,12,1.9,4,53.8
ID03604,Male,18,Engineering,100.0,5.2,3.06,10.0,2,3.46,7,77.0
ID03605,Male,20,Mathematics,73.1,3.9,2.01,7.5,12,2.05,8,51.51
ID03606,Male,21,Business,67.1,1.1,3.15,6.5,14,3.0,4,61.08
ID03607,Female,18,Mathematics,89.8,5.8,3.53,8.9,9,4.0,5,79.0
ID03608,Male,23,Computer Science,83.3,11.9,3.24,6.9,8,4.0,7,95.14
ID03609,Female,18,Engineering,82.1,1.9,3.57,7.7,10,3.76,7,73.12
ID03610,Female,18,Psychology,100.0,2.1,4.0,9.3,8,4.0,7,86.13
ID03611,Female,18,Business,93.2,2.6,3.03,9.2,5,3.37,6,68.55
ID03612,Male,20,Engineering,77.1,3.6,4.0,5.3,6,4.0,7,78.32
ID03613,Male,22,Psychology,78.6,2.0,3.21,7.0,8,3.24,7,67.09
ID03614,Female,22,Computer Science,77.5,7.6,3.57,8.9,12,3.78,4,86.97
ID03615,Male,18,Business,98.1,9.3,2.79,5.4,7,3.15,7,79.93
ID03616,Male,20,Mathematics,80.4,4.2,3.91,6.6,2,4.0,6,79.65
ID03617,Female,20,Computer Science,58.1,3.8,3.62,6.6,8,3.28,4,72.37
ID03618,Female,24,Economics,84.3,1.2,3.84,7.8,7,3.88,6,77.77
ID03619,Female,18,Psychology,61.9,1.8,3.13,8.2,7,3.06,6,67.04
ID03620,Male,23,Business,100.0,0.8,2.47,8.7,5,2.48,4,61.62
ID03621,Female,23,Business,70.5,2.7,3.33,7.1,8,3.24,8,70.74
ID03622,Male,19,Computer Science,82.6,3.0,2.25,5.4,15,2.51,5,59.75
ID03623,Male,18,Business,88.9,5.5,2.93,6.5,8,3.42,5,70.05
ID03624,Female,19,Psychology,80.7,4.2,3.2,5.4,7,3.45,6,69.69
ID03625,Male,23,Computer Science,80.6,2.3,4.0,6.0,5,4.0,8,76.5
ID03626,Male,23,Mathematics,91.3,5.7,3.26,8.1,9,3.73,7,75.05
ID03627,Male,18,Computer Science,100.0,12.9,3.17,4.8,3,3.71,7,96.77
ID03628,Female,19,Computer Science,96.5,5.8,3.07,6.2,5,3.34,5,78.81
ID03629,Female,19,Mathematics,100.0,2.8,2.43,8.3,9,2.68,8,64.25
ID03630,Female,18,Economics,69.3,4.5,3.14,8.0,8,3.26,8,61.72
ID03631,Female,24,Psychology,89.8,2.0,3.15,5.8,10,3.17,6,75.93
ID03632,Male,19,Economics,87.3,1.8,2.62,5.7,5,2.77,6,58.77
ID03633,Male,24,Economics,90.3,9.7,2.51,9.4,8,3.14,4,82.64
ID03634,Male,21,Economics,100.0,4.6,2.86,7.6,5,3.33,7,69.18
ID03635,Male,23,Engineering,81.7,6.9,3.13,5.8,13,3.56,8,74.83
ID03636,Male,22,Economics,78.9,3.3,2.87,6.9,6,2.74,6,59.18
ID03637,Female,24,Engineering,93.0,1.8,2.57,8.6,10,2.63,6,63.27
ID03638,Male,24,Mathematics,58.3,1.6,3.24,5.7,7,2.73,6,59.02
ID03639,Male,24,Psychology,81.4,2.2,3.37,5.6,7,3.65,4,67.87
ID03640,Male,20,Economics,83.0,4.9,3.16,7.3,9,3.57,7,69.88
ID03641,Male,19,Business,71.2,1.3,2.82,5.0,5,2.73,7,61.51
ID03642,Female,19,Mathematics,100.0,4.0,3.4,6.0,8,3.92,8,81.88
ID03643,Male,20,Engineering,69.1,5.3,3.0,6.3,7,3.16,8,74.56
ID03644,Male,19,Psychology,83.0,1.8,2.51,4.0,10,2.54,6,56.81
ID03645,Female,20,Computer Science,89.4,12.9,3.62,7.1,6,4.0,8,98.58
ID03646,Male,24,Psychology,100.0,6.4,3.28,7.9,9,3.55,6,79.03
ID03647,Male,18,Psychology,84.8,3.6,3.04,9.9,6,3.14,7,69.19
ID03648,Male,21,Economics,99.0,2.4,2.31,7.9,8,2.49,7,59.76
ID03649,Female,24,Economics,95.5,4.7,2.73,5.5,5,2.92,8,72.21
ID03650,Female,21,Engineering,86.9,4.6,4.0,6.3,11,4.0,7,88.98
ID03651,Female,23,Engineering,68.7,4.1,2.35,9.8,15,2.17,4,60.66
ID03652,Male,24,Economics,63.5,4.8,2.97,7.7,6,3.03,4,63.78
ID03653,Female,22,Economics,86.6,2.0,3.09,8.6,7,3.04,6,71.13
ID03654,Male,19,Business,76.9,5.8,3.26,6.1,11,3.3,6,75.52
ID03655,Male,22,Business,98.8,1.5,2.35,6.7,6,2.39,7,59.04
ID03656,Male,18,Mathematics,96.2,1.5,3.19,6.9,10,3.5,6,68.79
ID03657,Male,21,Economics,82.2,0.8,2.26,8.4,9,2.29,6,51.55
ID03658,Male,24,Computer Science,67.6,5.5,3.15,6.4,9,3.27,8,76.44
ID03659,Female,18,Business,92.7,4.8,2.77,7.9,10,3.26,5,71.78
ID03660,Female,18,Engineering,69.7,3.8,2.67,7.0,7,2.86,6,62.26
ID03661,Male,19,Psychology,73.6,2.6,3.52,5.2,7,3.41,6,71.21
ID03662,Male,18,Mathematics,70.3,2.9,2.98,7.0,13,3.03,6,71.69
ID03663,Male,24,Business,82.9,2.0,3.34,8.7,5,3.58,8,74.57
ID03664,Male,24,Psychology,100.0,4.5,3.35,7.0,8,3.64,8,77.9
ID03665,Female,21,Psychology,84.9,0.7,3.73,6.5,10,4.0,6,73.09
ID03666,Male,24,Business,78.4,1.0,2.5,9.1,8,2.36,6,55.33
ID03667,Female,22,Computer Science,62.1,2.0,3.56,7.6,7,3.49,6,68.91
ID03668,Male,21,Computer Science,93.3,4.2,3.11,4.9,7,3.31,4,72.38
ID03669,Male,19,Mathematics,73.3,3.7,2.91,6.6,10,3.13,6,67.05
ID03670,Male,21,Computer Science,86.8,8.0,2.53,7.4,7,3.27,5,76.84
ID03671,Male,20,Mathematics,79.7,3.3,3.4,7.4,13,3.49,4,69.33
ID03672,Male,22,Engineering,97.6,6.1,2.64,7.8,9,3.05,4,69.52
ID03673,Female,20,Business,82.6,4.1,3.36,6.8,9,3.82,6,73.6
ID03674,Male,20,Psychology,84.1,0.8,4.0,6.7,6,4.0,4,76.31
ID03675,Female,23,Mathematics,92.3,1.8,3.59,7.0,12,3.85,7,82.03
ID03676,Male,24,Computer Science,100.0,2.0,3.8,8.2,7,3.8,6,84.26
ID03677,Male,19,Mathematics,98.3,2.3,2.74,6.0,7,3.18,5,69.68
ID03678,Male,18,Economics,83.7,3.1,3.48,6.9,5,3.68,7,74.18
ID03679,Female,20,Mathematics,85.0,7.0,2.53,7.4,11,2.99,6,69.18
ID03680,Male,21,Computer Science,77.1,3.4,2.98,6.2,10,2.94,7,62.69
ID03681,Female,18,Economics,70.8,2.5,3.97,7.7,6,3.81,7,79.63
ID03682,Male,21,Economics,76.7,6.3,2.8,7.5,8,2.77,4,71.75
ID03683,Female,21,Computer Science,73.4,6.3,3.66,4.0,13,3.9,5,85.13
ID03684,Male,18,Economics,94.8,0.6,3.61,7.1,12,3.89,6,73.91
ID03685,Female,18,Business,68.9,3.6,3.64,9.1,5,3.38,8,74.05
ID03686,Female,24,Psychology,100.0,7.5,2.47,9.2,5,2.97,4,74.47
ID03687,Female,21,Business,96.3,3.3,3.36,8.0,8,3.53,4,79.55
ID03688,Male,19,Business,85.3,1.9,3.02,8.9,7,3.25,8,62.24
ID03689,Male,24,Computer Science,85.0,6.1,3.64,6.8,5,4.0,8,85.71
ID03690,Male,22,Computer Science,76.6,1.7,2.27,7.9,9,2.4,4,53.7
ID03691,Female,23,Psychology,89.1,4.1,3.28,7.2,7,3.61,6,72.4
ID03692,Male,22,Mathematics,100.0,3.3,3.21,8.0,2,3.62,7,69.48
ID03693,Female,19,Business,74.5,1.2,2.1,9.8,16,1.43,4,49.49
ID03694,Male,24,Economics,62.0,6.8,2.66,8.5,6,2.92,5,70.02
ID03695,Male,23,Psychology,95.5,4.7,2.18,6.5,6,2.59,5,68.27
ID03696,Male,24,Business,89.9,8.1,2.74,9.4,9,3.12,7,77.42
ID03697,Female,18,Mathematics,68.2,3.6,3.37,7.4,7,3.25,5,76.47
ID03698,Female,23,Economics,74.0,2.0,3.2,8.0,4,3.21,6,66.37
ID03699,Female,21,Business,72.1,1.2,3.18,6.6,5,3.19,5,67.01
ID03700,Male,22,Engineering,74.1,6.4,2.58,8.1,11,2.48,7,65.45
ID03701,Female,23,Psychology,80.1,1.8,3.66,7.6,8,3.77,4,72.41
ID03702,Female,21,Computer Science,81.0,12.9,3.09,8.7,7,3.74,5,86.5
ID03703,Male,24,Business,75.2,9.9,3.12,6.2,6,3.61,5,75.32
ID03704,Female,19,Economics,73.6,3.9,3.57,8.4,10,3.71,8,79.15
ID03705,Female,23,Economics,81.6,3.1,2.6,4.0,12,2.9,8,60.43
ID03706,Female,21,Psychology,87.5,2.3,3.21,6.1,7,3.28,6,68.21
ID03707,Female,24,Psychology,80.3,2.5,3.31,5.0,5,3.65,4,67.05
ID03708,Male,24,Economics,100.0,11.6,2.83,7.5,5,3.37,7,86.5
ID03709,Male,24,Economics,92.6,2.8,3.43,8.4,7,3.78,6,81.2
ID03710,Female,19,Economics,61.1,4.9,3.34,7.0,8,3.4,8,77.28
ID03711,Male,18,Business,92.9,5.1,3.05,9.0,13,3.45,5,70.38
ID03712,Female,19,Economics,94.1,6.6,3.03,5.8,5,3.24,8,77.32
ID03713,Female,19,Computer Science,78.5,4.7,3.36,4.9,7,3.21,8,72.12
ID03714,Female,22,Economics,62.6,3.7,3.49,8.1,13,3.41,5,74.0
ID03715,Female,24,Computer Science,85.1,2.2,3.13,8.8,4,3.11,7,69.57
ID03716,Male,21,Business,84.9,5.1,3.66,7.2,6,4.0,5,79.84
ID03717,Male,23,Psychology,68.2,4.5,3.43,9.7,11,3.51,5,73.43
ID03718,Male,22,Computer Science,63.2,2.8,2.21,7.8,11,2.26,5,50.36
ID03719,Male,24,Business,83.7,4.8,2.4,7.6,8,2.73,7,68.37
ID03720,Male,20,Economics,81.5,3.5,3.69,6.4,10,3.82,5,79.75
ID03721,Male,19,Business,78.7,4.5,2.98,5.0,7,2.86,7,71.66
ID03722,Female,20,Economics,83.7,5.6,3.18,6.6,14,3.72,6,67.85
ID03723,Female,24,Business,68.5,4.1,3.67,9.4,5,3.56,7,75.59
ID03724,Male,22,Psychology,78.5,6.0,3.1,7.3,4,3.2,8,80.5
ID03725,Male,21,Computer Science,93.0,4.0,3.12,6.4,11,3.3,4,78.13
ID03726,Female,22,Psychology,79.8,6.6,2.67,5.6,8,2.79,8,64.32
ID03727,Male,21,Engineering,59.9,3.0,3.28,7.8,8,3.03,4,65.13
ID03728,Male,21,Economics,77.9,1.9,3.39,5.3,5,3.21,6,66.28
ID03729,Male,24,Computer Science,68.9,4.3,2.81,7.5,7,2.98,5,69.6
ID03730,Female,18,Psychology,89.0,9.1,2.64,6.3,8,3.4,7,77.48
ID03731,Male,24,Computer Science,89.8,6.2,4.0,6.6,10,4.0,7,87.55
ID03732,Female,19,Engineering,60.1,9.1,3.05,8.0,6,3.37,8,75.26
ID03733,Male,22,Mathematics,96.4,2.8,2.76,5.6,11,3.12,6,59.83
ID03734,Male,21,Economics,68.3,3.7,3.45,7.0,7,3.44,8,68.66
ID03735,Male,24,Economics,100.0,1.9,3.07,4.7,5,3.28,5,71.12
ID03736,Male,24,Business,84.3,1.6,2.56,6.8,13,2.82,5,62.01
ID03737,Female,22,Economics,66.3,8.4,3.34,7.7,8,3.75,5,73.48
ID03738,Female,22,Economics,67.9,7.9,2.67,8.2,7,2.81,6,68.34
ID03739,Female,21,Psychology,90.2,5.4,3.89,8.7,12,4.0,7,89.87
ID03740,Female,23,Economics,79.1,2.8,3.35,8.0,14,3.32,8,67.08
ID03741,Female,20,Economics,83.6,5.7,2.96,6.4,6,3.25,5,73.69
ID03742,Female,19,Engineering,100.0,7.5,3.15,4.3,10,3.73,5,83.51
ID03743,Female,19,Engineering,74.5,9.7,3.55,8.5,4,3.93,8,91.98
ID03744,Male,23,Computer Science,85.9,1.3,3.19,6.2,8,3.49,6,67.25
ID03745,Male,18,Computer Science,100.0,3.1,4.0,4.8,5,4.0,5,85.69
ID03746,Male,23,Economics,89.1,2.9,3.67,9.8,6,3.81,8,81.1
ID03747,Female,18,Economics,60.9,3.4,3.34,6.9,9,3.17,6,63.97
ID03748,Male,18,Business,92.6,5.1,2.63,7.7,4,2.87,8,68.85
ID03749,Male,23,Computer Science,67.6,0.9,3.03,7.3,3,2.93,8,59.0
ID03750,Female,19,Psychology,100.0,2.8,3.34,7.0,6,3.45,8,76.11
ID03751,Female,20,Economics,72.7,2.9,2.69,6.4,4,2.52,6,63.51
ID03752,Female,19,Psychology,100.0,4.0,3.75,6.1,8,4.0,7,86.22
ID03753,Male,24,Economics,100.0,4.3,2.61,10.0,10,2.82,8,67.24
ID03754,Female,19,Psychology,73.1,3.3,2.78,4.8,8,2.69,5,63.51
ID03755,Male,19,Mathematics,85.3,10.8,2.82,6.4,12,3.44,4,86.17
ID03756,Male,23,Psychology,96.3,3.5,3.47,5.7,12,3.87,5,76.29
ID03757,Male,23,Computer Science,96.8,5.1,2.7,7.8,7,3.29,7,71.96
ID03758,Male,24,Economics,91.6,5.6,2.2,6.4,9,2.45,6,63.77
ID03759,Male,24,Computer Science,100.0,2.1,3.64,6.3,11,4.0,4,79.06
ID03760,Female,23,Psychology,83.2,2.2,2.88,8.0,14,3.01,6,59.91
ID03761,Male,19,Engineering,79.5,5.7,2.57,9.9,6,2.54,4,70.84
ID03762,Female,20,Engineering,79.8,7.9,2.72,5.8,5,3.0,6,70.83
ID03763,Male,18,Engineering,97.9,9.7,3.96,4.7,5,4.0,6,100.0
ID03764,Male,22,Economics,90.5,2.1,2.77,7.1,15,2.85,7,63.05
ID03765,Male,18,Business,89.4,6.8,3.04,8.3,7,3.54,6,75.87
ID03766,Male,24,Mathematics,96.9,3.8,2.88,6.7,5,3.29,6,75.06
ID03767,Female,24,Psychology,54.2,7.9,2.48,7.9,5,2.61,7,66.43
ID03768,Male,18,Business,89.7,4.8,2.73,6.2,7,3.28,7,70.19
ID03769,Male,22,Engineering,88.3,5.4,2.45,10.0,8,2.96,8,68.85
ID03770,Male,19,Psychology,100.0,8.7,3.58,7.9,6,4.0,5,90.76
ID03771,Male,20,Business,62.1,9.2,3.15,6.3,5,3.54,6,77.21
ID03772,Female,20,Computer Science,100.0,4.2,4.0,5.9,7,4.0,5,86.42
ID03773,Male,18,Engineering,86.1,1.2,2.75,7.4,11,2.76,6,64.45
ID03774,Female,22,Business,92.3,2.4,2.67,8.0,6,3.06,4,62.51
ID03775,Female,24,Economics,100.0,11.7,3.87,5.0,9,4.0,6,100.0
ID03776,Female,21,Computer Science,93.4,5.5,3.63,7.0,10,4.0,4,83.31
ID03777,Female,19,Engineering,91.0,2.1,3.29,8.1,4,3.25,6,72.25
ID03778,Female,18,Mathematics,88.6,2.7,2.54,7.5,9,2.85,8,64.75
ID03779,Female,20,Engineering,77.7,7.2,3.97,7.9,7,4.0,8,88.48
ID03780,Female,24,Economics,84.6,10.7,3.06,9.2,7,3.57,6,83.73
ID03781,Male,23,Mathematics,74.3,4.0,2.88,4.0,10,2.92,4,66.08
ID03782,Male,23,Mathematics,84.3,7.9,3.67,7.3,13,4.0,5,90.02
ID03783,Male,22,Mathematics,50.0,6.7,3.09,4.0,6,2.79,4,66.4
ID03784,Female,22,Psychology,91.4,4.8,2.52,6.9,11,2.78,7,66.72
ID03785,Female,18,Psychology,83.2,6.0,3.12,8.9,8,3.56,8,75.73
ID03786,Male,21,Mathematics,80.0,4.7,2.71,6.8,12,2.96,6,69.26
ID03787,Female,20,Computer Science,88.3,8.1,1.6,5.6,6,2.21,4,59.98
ID03788,Male,18,Mathematics,63.5,6.1,2.66,8.2,10,2.63,4,70.07
ID03789,Male,21,Business,100.0,1.3,2.84,7.2,11,3.06,8,66.18
ID03790,Female,24,Mathematics,83.5,3.5,2.52,7.3,9,2.84,5,61.81
ID03791,Male,22,Psychology,82.8,2.1,3.39,10.0,5,3.63,4,71.0
ID03792,Male,23,Psychology,70.5,4.3,2.71,4.7,12,2.57,4,59.54
ID03793,Female,19,Business,85.4,3.4,3.34,6.0,11,3.8,5,70.96
ID03794,Female,24,Business,100.0,2.6,2.48,7.6,8,2.86,7,62.71
ID03795,Male,23,Engineering,100.0,1.7,3.55,8.8,13,3.62,8,80.62
ID03796,Female,20,Computer Science,97.8,0.8,2.46,5.6,7,2.4,5,59.78
ID03797,Male,20,Computer Science,93.2,8.0,1.93,6.4,10,2.48,7,64.38
ID03798,Male,23,Computer Science,79.6,8.0,3.72,6.9,9,4.0,4,90.73
ID03799,Male,24,Economics,63.2,1.6,2.67,6.8,6,2.41,4,60.37
ID03800,Female,23,Psychology,82.0,4.8,3.98,8.0,7,4.0,4,88.59
ID03801,Male,21,Computer Science,81.5,1.1,3.38,6.9,6,3.66,8,66.49
ID03802,Female,18,Engineering,100.0,2.3,3.5,8.0,8,3.64,6,76.24
ID03803,Female,22,Engineering,89.6,3.2,3.62,5.2,14,3.82,8,84.02
ID03804,Female,21,Computer Science,100.0,2.5,3.16,7.2,13,3.49,4,74.17
ID03805,Male,19,Business,100.0,5.5,3.16,7.1,13,3.66,4,78.65
ID03806,Female,23,Engineering,78.2,0.4,3.74,8.3,8,3.68,8,73.93
ID03807,Male,19,Business,58.1,2.3,3.16,10.0,5,2.87,4,65.6
ID03808,Male,19,Psychology,100.0,6.4,2.74,8.4,8,3.04,4,73.76
ID03809,Male,21,Economics,100.0,1.0,3.39,5.9,8,3.34,6,74.27
ID03810,Male,22,Engineering,64.5,2.5,2.04,7.9,15,1.86,7,51.95
ID03811,Female,24,Business,100.0,7.0,3.76,6.9,4,4.0,5,87.22
ID03812,Male,20,Computer Science,90.7,11.4,3.77,6.5,8,4.0,6,97.35
ID03813,Male,18,Psychology,87.4,8.0,3.7,6.2,9,4.0,7,85.38
ID03814,Female,20,Mathematics,100.0,3.2,3.68,6.1,6,4.0,6,79.05
ID03815,Male,22,Mathematics,100.0,11.3,3.06,5.3,10,3.58,5,87.99
ID03816,Female,20,Computer Science,94.8,6.6,3.05,5.1,9,3.56,4,80.27
ID03817,Male,23,Psychology,92.1,1.7,2.49,8.0,9,2.73,6,59.7
ID03818,Female,23,Psychology,94.2,1.1,3.97,6.5,4,4.0,8,78.39
ID03819,Female,21,Psychology,79.0,6.2,2.86,7.3,4,3.06,7,71.63
ID03820,Male,19,Psychology,84.2,3.6,3.27,5.7,11,3.64,8,69.77
ID03821,Male,22,Mathematics,71.5,1.6,3.23,7.9,9,3.12,4,66.77
ID03822,Male,22,Business,80.0,3.5,2.43,5.9,7,2.85,4,63.81
ID03823,Female,20,Psychology,79.5,7.3,2.23,5.0,7,2.23,6,64.9
ID03824,Male,21,Business,75.5,2.5,3.1,9.4,10,3.04,4,65.89
ID03825,Male,20,Psychology,87.1,2.5,2.87,7.3,16,2.97,6,67.36
ID03826,Male,20,Engineering,80.1,3.4,3.06,6.5,9,3.41,8,62.81
ID03827,Male,22,Economics,92.5,3.7,3.63,6.7,10,3.88,5,82.05
ID03828,Male,20,Engineering,60.7,3.0,3.21,6.5,10,3.23,6,74.62
ID03829,Female,19,Economics,83.3,5.6,3.48,7.7,16,3.61,7,79.51
ID03830,Male,20,Engineering,87.0,5.9,3.32,4.7,8,3.54,4,78.84
ID03831,Male,19,Psychology,80.3,3.7,2.94,4.3,3,3.28,8,70.13
ID03832,Female,22,Business,82.4,2.4,2.6,7.2,3,2.78,5,66.09
ID03833,Female,21,Economics,61.2,2.8,3.23,4.4,7,3.25,8,68.24
ID03834,Male,23,Mathematics,90.3,8.4,3.14,4.1,11,3.5,7,76.08
ID03835,Male,19,Computer Science,94.7,11.2,3.56,8.4,15,4.0,4,96.72
ID03836,Male,21,Economics,92.4,1.4,3.02,7.3,9,3.32,7,75.14
ID03837,Female,21,Economics,100.0,1.7,2.95,7.3,8,3.38,4,70.83
ID03838,Male,19,Mathematics,88.0,2.7,2.99,5.3,7,3.08,6,65.05
ID03839,Female,22,Psychology,92.2,8.5,2.64,9.1,7,3.17,8,77.2
ID03840,Female,18,Engineering,87.3,3.0,3.82,8.5,7,3.88,8,76.51
ID03841,Male,21,Engineering,95.3,5.6,3.67,5.0,11,4.0,8,89.19
ID03842,Male,21,Business,61.3,3.5,2.49,6.8,10,2.66,6,53.69
ID03843,Male,22,Psychology,71.6,2.8,3.5,6.4,5,3.65,6,71.85
ID03844,Male,22,Mathematics,100.0,3.3,2.18,6.9,7,2.67,5,59.0
ID03845,Male,20,Psychology,48.1,1.6,3.59,8.6,8,3.06,8,62.95
ID03846,Female,22,Psychology,82.9,6.0,2.75,6.4,9,3.27,6,75.0
ID03847,Female,21,Engineering,100.0,2.4,3.28,8.5,8,3.38,7,75.21
ID03848,Female,19,Mathematics,83.6,2.6,2.14,4.4,6,2.44,5,53.85
ID03849,Female,18,Computer Science,78.9,2.2,2.5,6.1,12,2.43,7,55.06
ID03850,Male,24,Economics,86.9,9.2,3.33,6.4,7,3.96,5,80.3
ID03851,Male,20,Engineering,79.7,2.9,2.75,6.2,8,2.6,7,59.78
ID03852,Male,24,Mathematics,85.5,4.4,2.68,7.0,8,3.19,4,67.36
ID03853,Female,19,Business,74.7,0.7,3.8,7.2,5,3.68,4,75.27
ID03854,Female,18,Economics,100.0,0.4,4.0,7.3,6,4.0,5,79.12
ID03855,Female,18,Economics,100.0,1.7,3.57,8.3,11,3.77,6,82.2
ID03856,Male,18,Engineering,83.0,6.9,2.55,8.1,8,2.85,7,67.46
ID03857,Male,23,Business,64.2,4.3,3.98,4.7,3,4.0,5,78.66
ID03858,Female,19,Engineering,77.1,9.8,2.32,7.2,7,2.79,4,67.54
ID03859,Male,20,Psychology,82.2,7.6,2.95,6.1,8,3.49,5,79.28
ID03860,Female,20,Mathematics,92.6,2.2,3.13,8.2,7,3.45,6,76.88
ID03861,Female,18,Business,69.9,3.5,4.0,8.9,5,3.79,6,74.19
ID03862,Female,19,Economics,73.5,8.3,3.56,8.3,11,3.69,7,82.89
ID03863,Male,23,Engineering,92.7,3.2,2.87,9.9,10,2.9,5,72.83
ID03864,Male,18,Economics,99.1,5.8,2.63,8.1,6,2.93,7,68.2
ID03865,Male,22,Business,75.7,1.5,3.6,8.5,8,3.62,7,73.13
ID03866,Male,24,Economics,65.0,4.8,2.83,5.8,8,2.81,7,68.43
ID03867,Male,20,Engineering,100.0,3.8,3.21,7.0,4,3.52,6,76.97
ID03868,Female,24,Engineering,96.7,2.2,2.42,8.0,3,2.76,8,63.5
ID03869,Female,21,Computer Science,81.0,3.5,3.38,7.4,6,3.52,5,79.01
ID03870,Male,18,Economics,98.0,4.7,3.34,5.6,2,3.57,7,85.67
ID03871,Male,22,Computer Science,83.1,6.8,2.48,5.6,6,2.88,4,68.29
ID03872,Male,20,Computer Science,98.0,9.4,3.62,4.3,10,4.0,4,91.48
ID03873,Male,24,Economics,87.4,6.3,3.38,7.6,9,3.9,8,78.17
ID03874,Female,23,Business,86.4,7.8,3.47,5.5,8,3.77,6,87.84
ID03875,Male,19,Psychology,83.3,2.0,2.91,8.0,6,3.12,7,60.72
ID03876,Male,20,Engineering,63.3,1.8,3.19,8.1,8,3.08,7,62.53
ID03877,Male,24,Mathematics,100.0,5.4,3.13,7.3,9,3.47,7,79.15
ID03878,Female,19,Computer Science,70.9,1.5,3.03,7.6,10,3.0,5,60.88
ID03879,Female,24,Business,64.6,3.3,3.19,8.5,3,3.29,4,67.45
ID03880,Male,19,Economics,81.8,6.2,3.73,8.7,10,4.0,4,91.83
ID03881,Male,23,Business,70.6,8.6,3.64,4.0,7,3.91,8,84.54
ID03882,Female,23,Business,84.2,4.8,2.51,8.1,5,2.67,5,63.86
ID03883,Female,18,Economics,95.3,1.9,3.59,7.7,4,3.95,6,80.03
ID03884,Male,18,Mathematics,99.9,3.9,3.7,7.4,9,4.0,6,84.37
ID03885,Female,20,Economics,97.2,4.2,3.02,7.7,4,3.56,4,78.54
ID03886,Female,23,Mathematics,80.4,2.4,3.35,6.5,8,3.66,6,71.46
ID03887,Female,22,Economics,85.7,1.2,3.35,4.0,7,3.35,4,69.14
ID03888,Female,24,Computer Science,91.1,6.3,2.68,6.1,8,3.07,4,66.87
ID03889,Female,24,Mathematics,58.6,3.4,2.91,4.3,6,2.46,4,56.6
ID03890,Male,24,Computer Science,93.6,5.8,3.48,4.5,6,3.73,8,77.34
ID03891,Female,20,Mathematics,63.1,4.6,2.85,8.6,5,2.94,6,65.3
ID03892,Male,24,Mathematics,100.0,3.4,3.59,6.2,9,3.84,8,77.08
ID03893,Female,21,Economics,78.9,3.1,3.75,7.4,10,3.63,6,81.25
ID03894,Male,19,Mathematics,82.2,3.7,3.67,7.0,11,4.0,5,78.5
ID03895,Female,24,Computer Science,73.5,5.4,4.0,9.0,6,4.0,7,83.44
ID03896,Female,19,Economics,75.6,0.6,3.05,7.1,6,2.74,8,59.51
ID03897,Male,18,Engineering,100.0,5.3,3.19,6.1,5,3.52,6,81.33
ID03898,Female,24,Computer Science,99.1,5.1,3.26,9.2,6,3.38,4,77.39
ID03899,Male,22,Engineering,61.8,6.3,3.07,6.3,11,3.34,5,67.31
ID03900,Female,23,Business,100.0,8.8,3.37,7.6,7,4.0,8,92.5
ID03901,Male,23,Economics,100.0,2.5,2.24,7.7,6,2.52,6,61.86
ID03902,Male,18,Business,80.8,1.4,3.2,5.1,9,3.34,8,66.3
ID03903,Female,21,Economics,89.6,4.4,2.41,8.4,12,2.82,6,66.26
ID03904,Male,20,Economics,84.8,4.2,2.62,9.0,6,2.69,4,65.65
ID03905,Female,20,Computer Science,100.0,3.1,3.47,5.3,16,3.24,8,80.06
ID03906,Male,22,Engineering,73.1,5.1,3.0,7.0,3,3.17,7,67.27
ID03907,Male,18,Economics,87.2,2.6,3.45,9.0,6,3.73,7,80.65
ID03908,Male,18,Engineering,78.6,3.4,2.99,4.6,9,2.96,8,65.82
ID03909,Female,21,Economics,63.5,5.3,3.65,7.9,6,3.94,4,81.33
ID03910,Male,24,Engineering,100.0,3.2,2.98,5.1,5,3.15,8,71.81
ID03911,Male,20,Business,67.3,4.2,2.12,6.5,7,2.2,5,56.8
ID03912,Male,24,Computer Science,88.3,3.2,3.21,6.7,8,3.7,8,74.82
ID03913,Male,18,Economics,58.9,1.9,2.02,5.2,4,1.72,4,49.74
ID03914,Female,24,Psychology,79.0,6.2,2.37,5.6,7,2.24,6,62.22
ID03915,Female,23,Engineering,91.3,5.9,2.66,6.9,6,3.05,7,74.43
ID03916,Male,22,Engineering,72.6,5.8,2.6,9.1,10,2.74,4,71.04
ID03917,Female,20,Psychology,93.8,3.6,2.83,7.7,8,2.96,4,68.79
ID03918,Male,21,Computer Science,81.0,6.5,2.58,4.5,4,3.1,8,68.83
ID03919,Female,22,Engineering,100.0,6.6,2.4,7.7,9,2.88,4,69.63
ID03920,Female,19,Computer Science,100.0,8.2,3.87,7.1,9,4.0,7,93.57
ID03921,Female,23,Engineering,76.2,3.6,2.76,6.1,6,2.77,8,69.33
ID03922,Male,21,Mathematics,86.2,4.4,1.98,6.3,7,2.35,7,54.56
ID03923,Female,22,Engineering,87.8,1.9,2.92,7.7,6,3.11,6,63.07
ID03924,Male,18,Mathematics,94.3,8.8,2.54,4.6,6,3.01,6,80.93
ID03925,Female,19,Economics,85.2,3.2,2.66,6.0,7,3.13,7,66.15
ID03926,Male,21,Computer Science,87.9,1.6,3.46,5.3,6,3.52,6,79.11
ID03927,Female,18,Engineering,81.3,8.3,2.88,5.8,13,3.53,6,75.17
ID03928,Female,23,Business,86.7,3.5,2.52,7.5,15,2.92,4,63.7
ID03929,Female,19,Business,100.0,10.7,3.32,7.1,9,4.0,7,90.07
ID03930,Male,20,Psychology,94.7,4.0,3.67,8.0,15,3.9,7,82.57
ID03931,Female,18,Business,95.5,2.4,3.37,4.0,11,3.54,7,69.69
ID03932,Male,22,Mathematics,95.8,6.3,1.87,6.6,7,2.36,4,64.32
ID03933,Female,24,Business,82.7,3.4,2.54,6.8,5,2.69,7,63.37
ID03934,Male,21,Business,89.8,5.7,3.12,4.5,10,3.45,7,76.58
ID03935,Male,19,Business,68.7,2.5,2.98,6.0,8,3.1,4,61.98
ID03936,Male,18,Engineering,100.0,5.3,2.94,7.0,12,3.18,8,73.34
ID03937,Male,20,Psychology,43.3,3.1,2.61,7.5,4,2.37,6,55.1
ID03938,Male,24,Computer Science,83.7,6.1,2.4,7.5,9,3.05,6,62.61
ID03939,Male,21,Psychology,100.0,3.7,4.0,4.0,11,4.0,7,88.94
ID03940,Male,21,Mathematics,64.5,4.4,3.11,6.1,3,3.1,6,73.91
ID03941,Female,18,Engineering,91.0,3.4,3.42,4.7,8,3.67,6,81.03
ID03942,Female,20,Economics,74.8,3.8,3.1,7.0,8,3.16,5,64.41
ID03943,Male,23,Engineering,79.5,6.0,3.12,6.4,12,3.11,8,73.16
ID03944,Male,24,Business,99.2,1.9,3.07,6.1,11,3.2,8,72.08
ID03945,Male,23,Business,88.0,4.7,2.54,10.0,5,2.89,4,66.11
ID03946,Male,19,Mathematics,54.5,13.9,2.34,5.4,6,2.52,7,69.4
ID03947,Female,18,Economics,70.4,7.7,3.29,7.0,9,3.46,4,79.39
ID03948,Female,24,Engineering,99.6,3.6,3.19,7.7,6,3.71,5,75.93
ID03949,Male,19,Economics,91.7,4.2,3.57,7.5,13,3.99,8,86.16
ID03950,Male,23,Computer Science,100.0,2.9,3.47,7.9,8,3.66,4,77.75
ID03951,Male,24,Psychology,100.0,5.5,2.7,7.5,11,3.11,5,76.63
ID03952,Female,21,Engineering,79.9,1.6,3.67,6.5,5,3.68,5,69.84
ID03953,Female,19,Economics,100.0,3.1,3.48,7.0,8,3.85,7,75.97
ID03954,Male,20,Computer Science,85.4,2.4,3.45,6.0,3,3.62,6,75.75
ID03955,Male,22,Computer Science,70.6,3.0,4.0,5.9,11,3.96,6,81.9
ID03956,Female,23,Psychology,75.5,4.5,4.0,5.0,6,3.91,8,80.0
ID03957,Female,23,Computer Science,51.1,0.6,3.44,8.2,12,2.9,6,61.35
ID03958,Male,20,Mathematics,100.0,3.3,3.38,8.7,5,3.66,7,73.93
ID03959,Male,24,Computer Science,100.0,2.9,3.64,6.1,8,3.97,4,80.31
ID03960,Male,24,Economics,69.8,6.8,2.81,6.9,5,3.09,5,72.2
ID03961,Female,24,Mathematics,81.6,2.1,2.82,9.4,10,2.93,8,62.07
ID03962,Male,19,Computer Science,86.4,4.6,3.44,8.7,9,3.82,8,77.35
ID03963,Male,18,Business,70.6,3.6,2.67,8.3,8,2.41,7,58.17
ID03964,Female,21,Computer Science,58.7,7.1,3.4,7.4,13,3.18,5,73.68
ID03965,Male,22,Mathematics,81.8,6.5,3.18,6.1,12,3.84,4,82.45
ID03966,Female,18,Computer Science,80.2,9.7,2.67,6.2,12,3.14,8,76.38
ID03967,Male,18,Computer Science,79.2,7.2,3.11,7.4,6,3.38,7,73.96
ID03968,Male,20,Computer Science,88.3,4.8,3.75,7.7,10,4.0,5,82.29
ID03969,Female,19,Mathematics,100.0,6.3,3.14,5.5,8,3.65,6,75.98
ID03970,Male,23,Computer Science,80.5,3.4,3.14,8.9,9,3.53,7,67.06
ID03971,Female,23,Psychology,87.6,4.3,3.26,9.1,5,3.72,6,79.41
ID03972,Male,20,Economics,95.9,4.4,3.33,8.2,5,3.54,8,78.14
ID03973,Male,19,Psychology,93.3,2.2,2.93,9.3,4,3.02,4,73.68
ID03974,Female,20,Mathematics,75.8,7.0,3.28,8.0,6,3.33,5,77.76
ID03975,Male,23,Business,86.4,8.5,2.58,7.4,7,3.04,4,73.97
ID03976,Female,18,Psychology,93.2,3.6,2.7,7.1,6,3.09,7,69.55
ID03977,Male,21,Economics,68.1,3.8,2.76,6.5,14,2.73,7,54.56
ID03978,Male,24,Engineering,100.0,2.6,3.33,7.0,7,3.55,8,76.6
ID03979,Male,19,Economics,100.0,1.8,3.18,5.4,7,3.38,6,72.18
ID03980,Male,22,Psychology,74.2,5.9,3.03,6.9,8,3.02,4,76.47
ID03981,Female,22,Engineering,87.9,1.9,3.45,5.2,10,3.42,6,76.11
ID03982,Female,18,Mathematics,94.6,1.8,3.29,5.8,13,3.55,4,69.09
ID03983,Male,20,Economics,76.8,5.7,2.96,8.8,6,3.11,7,75.03
ID03984,Male,20,Business,92.2,4.4,2.58,8.8,11,2.8,7,66.54
ID03985,Female,23,Engineering,87.4,5.9,2.69,5.7,7,3.07,8,67.92
ID03986,Female,18,Engineering,63.0,2.4,2.37,8.3,6,2.14,5,53.73
ID03987,Male,23,Economics,91.9,10.3,3.17,6.1,10,3.78,5,86.55
ID03988,Male,23,Psychology,68.5,2.2,2.67,6.0,6,2.44,4,62.85
ID03989,Male,22,Engineering,99.1,2.9,2.85,9.1,5,2.95,6,70.78
ID03990,Female,23,Mathematics,74.9,2.5,3.04,5.4,9,2.72,6,66.14
ID03991,Male,24,Economics,82.6,10.2,3.62,4.3,9,4.0,7,93.53
ID03992,Male,23,Mathematics,100.0,3.1,3.56,6.0,8,3.87,7,83.43
ID03993,Female,22,Economics,92.4,2.0,3.07,6.1,12,3.32,4,71.66
ID03994,Male,24,Mathematics,68.8,13.4,3.73,6.4,8,4.0,5,99.55
ID03995,Male,20,Psychology,69.8,9.3,2.09,4.4,14,2.19,6,66.61
ID03996,Male,19,Economics,76.0,7.8,4.0,7.5,11,4.0,5,90.1
ID03997,Male,21,Business,90.9,9.0,3.45,9.8,10,4.0,4,91.88
ID03998,Male,23,Psychology,90.4,2.1,3.15,7.5,4,3.6,8,69.84
ID03999,Male,24,Mathematics,72.4,9.7,2.65,6.7,6,2.91,7,74.04
ID04000,Male,19,Economics,67.5,3.5,2.88,8.0,10,3.09,6,68.64
ID04001,Female,22,Psychology,89.2,4.9,3.4,7.1,7,3.77,5,83.72
ID04002,Female,19,Mathematics,82.3,3.9,3.42,7.1,11,3.81,8,75.38
ID04003,Female,21,Computer Science,100.0,8.4,3.43,6.9,11,4.0,4,87.6
ID04004,Male,19,Computer Science,85.5,0.6,2.74,7.3,9,2.86,6,64.64
ID04005,Male,24,Engineering,100.0,1.9,2.64,6.4,6,2.77,8,67.5
ID04006,Male,19,Business,67.4,9.0,3.2,4.6,6,3.31,8,79.8
ID04007,Male,19,Computer Science,61.4,2.6,3.48,9.8,8,3.5,5,67.43
ID04008,Male,19,Mathematics,68.2,8.2,3.1,7.8,6,3.53,7,77.07
ID04009,Female,18,Psychology,100.0,2.5,3.84,5.9,9,3.87,4,82.73
ID04010,Male,23,Economics,100.0,3.4,3.12,7.5,7,3.52,4,72.71
ID04011,Male,22,Psychology,73.3,10.8,3.1,5.3,4,3.2,5,82.94
ID04012,Male,21,Engineering,78.1,6.3,3.44,7.6,8,3.75,8,80.22
ID04013,Female,22,Psychology,67.5,4.5,3.71,8.1,5,3.83,7,75.76
ID04014,Male,18,Computer Science,57.8,5.4,2.43,8.5,7,2.26,6,61.37
ID04015,Female,18,Psychology,95.8,7.3,2.54,7.9,12,3.18,5,77.34
ID04016,Male,24,Computer Science,88.3,4.3,2.94,6.7,5,3.35,4,74.01
ID04017,Female,18,Computer Science,85.2,5.7,4.0,8.5,11,4.0,5,86.87
ID04018,Female,23,Business,64.0,13.5,2.97,6.2,15,3.66,4,86.1
ID04019,Male,18,Engineering,100.0,2.0,3.04,7.4,9,3.15,4,71.03
ID04020,Male,19,Mathematics,77.4,4.4,3.41,5.9,7,3.27,7,71.33
ID04021,Male,22,Computer Science,93.0,2.9,3.59,7.3,6,3.86,4,80.43
ID04022,Male,20,Economics,63.2,2.2,3.18,9.2,14,3.04,4,64.36
ID04023,Female,21,Engineering,82.1,4.4,3.68,8.2,10,3.79,6,87.71
ID04024,Female,18,Mathematics,89.4,2.3,2.5,8.4,10,2.77,5,65.7
ID04025,Female,22,Economics,89.9,2.1,2.72,8.7,6,2.73,6,66.21
ID04026,Female,24,Psychology,87.3,3.8,3.68,6.9,6,4.0,4,80.77
ID04027,Male,18,Engineering,92.4,5.6,3.11,5.7,5,3.42,5,77.55
ID04028,Male,23,Economics,68.0,5.3,2.47,4.2,7,2.61,6,58.55
ID04029,Female,18,Engineering,88.0,3.8,2.44,5.4,12,2.6,7,57.93
ID04030,Male,18,Engineering,86.7,1.6,2.69,7.2,10,3.05,6,59.24
ID04031,Female,18,Psychology,88.5,1.5,3.1,4.0,3,3.13,6,67.61
ID04032,Male,24,Psychology,86.1,5.0,3.33,7.3,6,3.76,6,71.0
ID04033,Male,18,Engineering,65.9,2.7,2.94,7.7,14,2.92,5,60.67
ID04034,Female,21,Economics,65.2,4.6,3.29,4.7,8,3.21,5,69.99
ID04035,Male,22,Business,51.8,4.2,2.88,8.3,3,2.34,6,60.3
ID04036,Female,23,Computer Science,97.3,1.0,3.71,6.4,10,3.87,4,75.35
ID04037,Female,18,Psychology,97.4,9.1,4.0,4.5,10,4.0,7,96.53
ID04038,Female,18,Business,97.7,1.5,2.9,4.5,4,2.92,7,72.47
ID04039,Female,18,Psychology,89.6,3.5,3.34,6.9,5,3.74,5,77.31
ID04040,Female,18,Engineering,53.0,1.7,3.3,7.1,9,2.96,5,60.34
ID04041,Female,19,Business,69.6,2.6,3.17,7.0,11,3.16,5,65.98
ID04042,Male,19,Economics,87.6,2.8,3.43,8.6,9,3.65,7,74.58
ID04043,Male,20,Economics,87.0,3.0,3.34,7.1,8,3.49,7,71.37
ID04044,Female,18,Mathematics,81.7,3.5,2.86,6.1,9,3.05,4,64.44
ID04045,Male,20,Computer Science,90.5,10.2,3.76,6.5,11,4.0,6,97.76
ID04046,Male,21,Computer Science,85.2,2.2,3.2,8.6,8,3.32,4,68.44
ID04047,Male,20,Psychology,86.8,5.7,2.91,5.3,11,3.23,6,69.83
ID04048,Female,22,Computer Science,75.4,7.7,4.0,7.2,9,4.0,5,89.12
ID04049,Female,19,Mathematics,99.7,5.4,3.04,7.3,4,3.33,5,77.88
ID04050,Male,19,Economics,78.5,8.6,3.23,8.5,5,3.57,6,75.32
ID04051,Female,18,Business,65.0,5.4,3.19,7.2,10,3.45,5,70.79
ID04052,Female,18,Business,73.4,5.3,3.04,5.6,10,3.22,5,73.35
ID04053,Female,21,Economics,79.8,7.9,3.32,7.3,9,3.62,7,82.75
ID04054,Female,23,Engineering,99.9,4.9,2.68,8.1,12,3.12,8,78.31
ID04055,Female,21,Economics,84.4,7.8,3.4,7.2,9,4.0,4,87.2
ID04056,Male,22,Business,82.2,4.8,2.22,8.6,8,2.5,5,65.02
ID04057,Female,18,Psychology,66.3,7.7,2.45,5.0,9,2.73,8,74.06
ID04058,Male,18,Mathematics,96.8,9.6,4.0,6.8,8,4.0,6,100.0
ID04059,Female,21,Economics,75.2,3.2,2.47,7.0,9,2.4,5,59.65
ID04060,Female,21,Engineering,83.5,2.9,2.12,8.2,12,2.29,6,58.75
ID04061,Male,21,Psychology,100.0,8.6,2.48,8.3,6,2.99,4,74.62
ID04062,Male,19,Economics,92.6,7.6,3.97,7.0,9,4.0,4,93.26
ID04063,Female,20,Psychology,60.6,1.1,2.2,6.5,6,2.03,7,45.66
ID04064,Male,20,Economics,58.5,4.6,2.62,7.3,7,2.35,6,61.04
ID04065,Female,18,Psychology,84.0,10.8,2.37,5.3,7,2.93,7,73.23
ID04066,Male,19,Computer Science,66.8,1.9,2.96,6.3,4,2.81,5,59.14
ID04067,Male,21,Psychology,94.7,1.7,2.88,7.9,12,3.1,8,67.92
ID04068,Female,18,Computer Science,85.6,2.6,2.86,7.5,6,3.25,6,65.51
ID04069,Female,19,Business,87.5,3.1,4.0,6.0,5,4.0,7,77.29
ID04070,Female,22,Computer Science,74.4,1.3,2.5,5.8,9,2.27,4,51.21
ID04071,Male,23,Psychology,100.0,1.9,3.05,5.8,7,3.06,4,67.3
ID04072,Female,19,Mathematics,100.0,1.2,3.27,5.9,8,3.51,7,69.71
ID04073,Female,24,Mathematics,80.8,4.5,2.61,7.2,8,2.99,8,66.33
ID04074,Female,18,Business,90.3,4.5,3.34,8.8,10,3.8,8,78.16
ID04075,Female,20,Psychology,86.5,8.7,2.9,9.0,9,3.29,5,82.1
ID04076,Female,24,Computer Science,81.1,4.7,3.29,5.6,4,3.45,4,77.17
ID04077,Male,21,Mathematics,72.5,5.6,3.05,7.5,10,2.98,8,74.48
ID04078,Male,23,Economics,68.7,6.0,2.07,7.4,12,2.05,7,59.46
ID04079,Female,22,Engineering,68.0,2.1,3.75,7.3,4,3.66,5,73.39
ID04080,Male,23,Psychology,91.1,2.0,4.0,5.5,11,4.0,7,85.07
ID04081,Female,23,Economics,77.2,1.8,3.01,5.9,8,2.67,8,67.05
ID04082,Male,19,Economics,46.3,3.0,2.65,7.5,12,2.24,5,55.14
ID04083,Female,18,Psychology,91.7,2.9,3.85,6.4,5,4.0,7,85.48
ID04084,Female,18,Engineering,84.4,4.2,4.0,7.1,8,4.0,7,77.46
ID04085,Male,23,Mathematics,100.0,6.3,3.02,5.5,8,3.24,6,78.25
ID04086,Male,21,Engineering,90.6,5.6,2.99,6.3,10,3.59,7,74.05
ID04087,Male,18,Business,62.8,2.9,3.06,5.0,7,2.82,5,67.03
ID04088,Female,23,Computer Science,51.6,2.6,2.26,7.4,7,1.78,8,53.89
ID04089,Female,18,Computer Science,74.2,2.8,2.95,6.5,6,2.81,8,60.36
ID04090,Male,21,Economics,75.6,3.0,3.96,7.4,10,3.82,8,83.58
ID04091,Female,22,Mathematics,99.1,1.4,3.02,6.5,12,3.29,7,65.59
ID04092,Male,24,Engineering,84.9,4.8,2.58,7.4,8,2.83,4,62.88
ID04093,Male,23,Economics,100.0,10.8,3.35,9.7,10,3.99,5,91.96
ID04094,Female,20,Psychology,65.1,4.0,2.77,6.2,6,2.73,6,61.41
ID04095,Male,20,Economics,99.5,4.2,3.07,7.7,9,3.33,8,70.81
ID04096,Male,23,Psychology,95.8,5.2,2.47,6.0,13,3.04,6,70.26
ID04097,Male,19,Psychology,54.7,1.9,2.58,6.8,8,2.11,6,54.99
ID04098,Male,22,Business,100.0,2.6,3.47,7.7,7,3.9,4,81.07
ID04099,Male,19,Business,86.4,2.8,3.16,7.4,8,3.37,7,69.35
ID04100,Male,24,Psychology,90.9,1.8,2.71,8.0,10,3.15,5,63.47
ID04101,Female,20,Mathematics,72.0,9.5,3.16,8.4,6,3.58,4,80.36
ID04102,Male,21,Business,100.0,6.2,2.8,8.0,9,3.39,8,80.96
ID04103,Male,23,Business,67.2,6.4,2.71,8.4,4,2.93,4,58.36
ID04104,Male,24,Computer Science,97.5,3.2,3.68,7.3,7,4.0,4,78.5
ID04105,Male,18,Economics,97.3,4.4,3.49,5.9,8,3.81,4,81.13
ID04106,Female,20,Computer Science,70.4,3.1,3.09,8.2,10,3.12,6,63.03
ID04107,Female,22,Mathematics,100.0,3.5,3.17,6.4,8,3.55,4,74.81
ID04108,Male,20,Business,88.5,4.2,3.1,8.0,6,3.6,8,72.77
ID04109,Female,22,Business,94.8,3.6,3.34,5.1,11,3.74,6,74.85
ID04110,Female,22,Engineering,62.1,4.1,2.7,6.5,9,2.86,5,61.04
ID04111,Female,23,Mathematics,100.0,1.3,3.53,6.0,9,3.93,4,78.02
ID04112,Male,22,Economics,66.6,1.9,3.28,7.6,8,3.2,6,64.84
ID04113,Male,19,Economics,100.0,3.0,2.97,6.1,7,3.44,4,70.48
ID04114,Male,24,Economics,70.1,3.4,2.86,7.0,3,2.77,8,63.15
ID04115,Female,21,Mathematics,75.7,3.4,3.52,6.8,6,3.35,5,74.1
ID04116,Male,20,Engineering,96.8,5.5,3.02,8.5,5,3.2,6,71.5
ID04117,Female,21,Engineering,100.0,4.6,2.75,7.7,7,2.99,4,73.4
ID04118,Male,24,Computer Science,65.9,5.1,2.91,7.4,10,3.14,4,65.33
ID04119,Male,18,Mathematics,100.0,2.8,3.48,7.0,8,3.73,5,82.23
ID04120,Female,24,Mathematics,100.0,2.1,2.29,5.8,12,2.34,4,62.46
ID04121,Male,20,Engineering,70.9,3.6,2.92,5.7,6,2.97,7,68.59
ID04122,Male,21,Psychology,100.0,5.9,3.64,7.4,1,3.97,8,83.82
ID04123,Female,21,Psychology,63.1,9.3,3.02,4.9,10,3.07,8,74.79
ID04124,Female,23,Computer Science,75.6,2.8,3.24,6.9,9,3.22,5,65.32
ID04125,Female,23,Psychology,92.2,9.3,3.64,7.2,5,4.0,7,89.58
ID04126,Female,24,Psychology,72.2,2.0,3.55,4.9,10,3.31,6,74.62
ID04127,Female,24,Psychology,89.0,1.4,2.88,6.9,4,3.18,4,69.11
ID04128,Female,18,Business,88.6,3.3,3.03,7.0,8,3.29,4,66.97
ID04129,Male,22,Computer Science,82.2,2.1,3.55,10.0,16,3.24,6,72.19
ID04130,Male,20,Engineering,97.5,2.5,3.57,7.0,8,3.81,6,78.23
ID04131,Male,23,Psychology,81.6,6.7,3.06,8.3,13,3.45,4,77.63
ID04132,Male,20,Economics,88.5,6.4,3.07,7.7,7,3.44,8,71.86
ID04133,Female,18,Business,100.0,4.6,3.23,7.4,15,3.48,7,73.8
ID04134,Female,23,Psychology,96.9,4.4,3.78,8.2,5,4.0,6,86.47
ID04135,Female,23,Business,96.8,2.5,3.63,4.8,7,3.63,8,73.27
ID04136,Male,22,Computer Science,67.8,3.6,3.45,6.9,5,3.66,8,70.25
ID04137,Female,20,Economics,92.9,3.2,2.56,7.4,9,2.67,8,65.31
ID04138,Male,20,Economics,71.8,1.6,2.96,5.6,7,2.85,5,63.1
ID04139,Female,20,Economics,65.8,10.2,2.99,6.9,5,3.2,8,77.54
ID04140,Female,22,Psychology,83.9,3.3,3.81,7.1,8,4.0,6,78.87
ID04141,Male,23,Business,71.4,2.0,2.98,6.7,10,2.8,7,65.36
ID04142,Male,18,Economics,96.9,1.5,3.73,5.7,7,3.67,8,79.37
ID04143,Male,20,Mathematics,97.2,5.2,2.81,5.9,5,3.26,4,71.4
ID04144,Female,21,Mathematics,56.5,9.8,2.85,6.5,2,2.86,6,73.03
ID04145,Female,22,Business,72.6,11.5,3.34,7.6,10,3.68,4,88.22
ID04146,Female,19,Psychology,63.1,3.7,3.88,7.1,6,4.0,5,81.68
ID04147,Male,18,Psychology,78.1,3.3,2.99,7.3,8,2.84,6,69.6
ID04148,Male,21,Computer Science,91.8,4.2,1.82,6.7,13,2.12,8,60.02
ID04149,Female,20,Computer Science,81.4,4.1,2.32,5.7,8,2.45,8,58.62
ID04150,Female,19,Economics,76.2,1.0,3.25,6.5,8,3.35,5,64.16
ID04151,Male,18,Engineering,100.0,3.0,2.36,5.8,7,2.58,5,62.74
ID04152,Male,22,Computer Science,50.4,4.8,2.67,4.0,7,2.48,6,58.48
ID04153,Female,19,Psychology,100.0,5.4,3.11,7.0,8,3.4,8,75.54
ID04154,Male,23,Engineering,76.8,5.6,1.88,6.6,10,1.93,8,60.05
ID04155,Male,24,Computer Science,83.8,4.1,2.91,8.9,10,3.21,5,71.81
ID04156,Male,19,Business,77.1,1.9,2.52,8.0,8,2.34,4,56.81
ID04157,Male,24,Mathematics,100.0,3.7,2.35,7.7,4,2.69,7,66.64
ID04158,Female,21,Computer Science,66.5,7.9,2.7,5.5,7,3.02,5,70.22
ID04159,Female,18,Computer Science,85.2,5.0,2.57,8.5,6,3.04,4,68.8
ID04160,Female,21,Business,92.9,3.4,3.33,7.2,10,3.59,4,71.78
ID04161,Male,21,Psychology,60.8,12.1,3.7,6.5,9,4.0,6,89.84
ID04162,Male,20,Economics,71.2,4.2,2.92,5.8,6,2.76,5,66.18
ID04163,Male,22,Business,82.8,3.6,2.8,6.0,6,3.32,6,68.27
ID04164,Male,19,Economics,71.7,5.9,2.89,6.6,2,3.04,5,67.58
ID04165,Female,18,Computer Science,72.8,1.8,2.55,5.5,8,2.27,7,49.36
ID04166,Male,23,Psychology,79.8,3.3,2.46,7.1,6,2.61,7,57.13
ID04167,Male,22,Engineering,94.7,3.7,2.28,6.8,12,2.58,6,62.24
ID04168,Male,22,Computer Science,79.9,1.3,2.44,8.0,6,2.41,4,56.32
ID04169,Male,18,Business,100.0,4.5,3.92,6.8,7,4.0,6,92.95
ID04170,Male,22,Engineering,70.0,5.4,2.75,4.3,6,2.69,7,67.86
ID04171,Male,20,Mathematics,66.2,2.9,1.63,6.5,7,1.66,5,45.01
ID04172,Female,22,Engineering,100.0,6.1,2.81,5.3,6,2.99,5,75.74
ID04173,Male,20,Business,75.1,7.3,2.3,6.1,8,2.41,6,68.31
ID04174,Male,19,Engineering,65.3,7.8,3.13,5.6,5,3.13,5,73.19
ID04175,Female,19,Business,58.9,2.0,3.08,10.0,6,2.69,6,60.65
ID04176,Female,21,Computer Science,100.0,4.4,3.13,6.5,7,3.4,5,73.57
ID04177,Female,20,Psychology,79.9,5.7,3.08,8.1,9,3.22,5,77.98
ID04178,Female,23,Mathematics,81.2,4.4,2.91,6.5,9,3.38,7,70.29
ID04179,Male,19,Psychology,82.6,7.0,2.37,6.7,9,2.98,6,65.11
ID04180,Male,22,Psychology,100.0,4.6,3.06,6.3,8,3.29,6,75.93
ID04181,Male,18,Psychology,82.3,1.9,3.61,6.0,8,3.87,7,75.54
ID04182,Female,18,Business,100.0,7.0,4.0,6.0,4,4.0,5,93.25
ID04183,Female,24,Business,87.0,4.3,2.98,7.6,11,3.27,4,69.72
ID04184,Male,20,Mathematics,100.0,9.5,3.04,6.9,10,3.57,8,83.84
ID04185,Male,23,Business,97.1,2.0,3.35,9.0,12,3.59,4,75.35
ID04186,Female,21,Economics,84.5,4.3,3.85,6.7,6,4.0,6,81.59
ID04187,Male,22,Business,76.2,9.1,2.86,6.6,13,3.06,5,75.21
ID04188,Female,20,Business,90.0,4.6,3.45,7.1,8,3.86,5,75.13
ID04189,Female,24,Business,92.7,6.3,2.69,7.9,4,3.2,4,73.0
ID04190,Female,18,Computer Science,76.4,7.4,3.26,7.2,4,3.59,8,78.18
ID04191,Female,20,Mathematics,87.5,4.2,3.59,9.0,8,3.67,6,78.67
ID04192,Female,22,Economics,100.0,2.4,2.45,10.0,8,2.49,5,64.08
ID04193,Male,23,Business,100.0,6.7,2.84,8.2,11,3.34,7,79.69
ID04194,Female,23,Mathematics,97.8,3.7,3.58,7.6,10,3.93,4,83.18
ID04195,Female,19,Engineering,100.0,1.0,3.41,4.0,11,3.63,6,75.55
ID04196,Male,22,Computer Science,75.6,8.2,3.62,9.1,12,3.76,6,84.35
ID04197,Male,24,Business,95.5,10.2,3.52,8.8,8,4.0,6,90.97
ID04198,Male,19,Economics,100.0,2.8,2.93,9.3,12,3.07,4,67.76
ID04199,Male,19,Computer Science,71.6,4.1,4.0,8.2,8,4.0,8,79.32
ID04200,Female,19,Economics,77.7,10.6,3.17,5.6,7,3.49,5,84.27
ID04201,Female,20,Computer Science,100.0,9.2,1.57,5.6,9,2.04,7,62.63
ID04202,Male,24,Engineering,70.4,5.7,2.96,5.4,8,2.87,7,69.99
ID04203,Male,18,Mathematics,64.9,8.7,2.87,7.1,15,2.96,5,70.19
ID04204,Female,23,Computer Science,100.0,3.6,3.5,5.9,14,3.57,4,75.34
ID04205,Male,20,Psychology,100.0,1.6,2.87,8.3,7,2.84,5,70.12
ID04206,Male,18,Engineering,91.5,7.7,3.65,6.1,7,4.0,8,87.04
ID04207,Female,23,Psychology,84.3,4.0,3.38,6.5,13,3.83,8,73.04
ID04208,Male,24,Engineering,78.4,1.3,2.6,7.4,7,2.5,8,54.67
ID04209,Male,24,Psychology,89.2,2.8,3.03,6.3,15,3.29,5,70.83
ID04210,Male,22,Psychology,100.0,3.5,2.71,5.6,7,2.79,7,73.39
ID04211,Male,23,Economics,88.6,3.7,3.19,4.3,10,3.59,4,72.2
ID04212,Female,23,Computer Science,100.0,2.6,2.71,8.4,10,2.98,7,66.82
ID04213,Male,24,Computer Science,71.5,2.1,3.14,5.6,9,2.96,6,68.46
ID04214,Male,23,Engineering,84.7,1.2,2.96,6.4,5,3.01,7,58.84
ID04215,Female,21,Mathematics,79.4,1.2,3.02,6.4,11,3.07,7,69.68
ID04216,Female,22,Economics,68.7,3.9,4.0,4.0,4,3.81,8,87.31
ID04217,Male,20,Computer Science,82.7,4.7,2.92,7.4,9,3.37,6,62.11
ID04218,Male,20,Computer Science,91.3,2.0,2.13,9.1,7,2.22,5,55.82
ID04219,Female,18,Economics,92.9,8.6,3.61,8.4,2,4.0,6,87.91
ID04220,Male,20,Business,100.0,3.1,3.6,6.4,9,3.94,4,79.91
ID04221,Male,19,Economics,92.0,3.8,2.11,8.6,12,2.24,4,58.36
ID04222,Female,23,Computer Science,100.0,3.6,2.75,4.4,4,2.79,6,72.45
ID04223,Female,20,Mathematics,86.0,1.0,3.32,8.2,4,3.3,8,68.81
ID04224,Female,18,Business,100.0,7.0,3.36,5.9,6,3.71,6,82.47
ID04225,Female,18,Psychology,100.0,5.6,3.1,8.5,10,3.51,7,78.31
ID04226,Female,19,Economics,93.0,8.8,3.11,7.1,12,3.59,4,85.16
ID04227,Male,18,Psychology,70.1,8.4,2.63,5.2,12,2.7,6,66.94
ID04228,Female,24,Business,76.8,5.2,1.9,7.4,11,1.98,7,50.79
ID04229,Male,21,Business,89.2,5.9,4.0,7.0,8,4.0,5,95.08
ID04230,Male,24,Business,91.8,1.9,2.62,7.4,5,2.97,4,60.85
ID04231,Female,23,Engineering,95.5,3.1,3.19,5.8,6,3.23,4,73.53
ID04232,Female,23,Economics,91.9,3.6,3.02,5.2,13,3.34,8,70.51
ID04233,Male,23,Mathematics,85.1,2.9,3.55,7.9,2,3.75,7,77.53
ID04234,Female,22,Mathematics,75.5,8.3,3.16,6.9,13,3.41,5,84.24
ID04235,Male,20,Psychology,91.0,4.5,3.18,7.9,5,3.52,5,77.21
ID04236,Male,21,Psychology,100.0,2.4,1.78,7.8,8,1.95,4,49.72
ID04237,Male,20,Psychology,100.0,8.0,2.68,8.1,12,3.03,8,73.7
ID04238,Female,21,Economics,93.0,4.5,3.47,9.4,10,3.92,4,78.77
ID04239,Female,20,Computer Science,100.0,6.8,3.43,7.3,4,3.84,7,84.96
ID04240,Male,19,Psychology,79.4,1.9,2.62,5.5,5,2.34,5,54.51
ID04241,Female,24,Business,77.4,4.8,2.31,5.8,9,2.2,5,63.17
ID04242,Male,18,Psychology,73.8,2.3,3.16,6.6,15,3.2,5,63.24
ID04243,Female,18,Business,83.1,4.6,1.65,7.3,5,1.95,8,57.14
ID04244,Male,24,Engineering,78.7,5.7,2.53,9.1,11,2.43,4,71.32
ID04245,Male,19,Computer Science,100.0,1.8,3.98,6.8,8,4.0,5,82.58
ID04246,Female,21,Computer Science,77.9,3.9,3.82,9.5,6,3.61,5,81.12
ID04247,Male,24,Economics,73.0,1.9,3.34,9.7,8,3.14,5,64.28
ID04248,Male,22,Economics,100.0,7.1,3.25,7.6,8,3.9,4,85.76
ID04249,Female,21,Mathematics,78.2,4.2,2.12,7.9,9,2.13,8,55.61
ID04250,Female,18,Engineering,87.3,2.4,2.73,6.3,4,3.01,5,60.9
ID04251,Male,22,Economics,91.8,2.8,2.95,9.5,8,3.26,6,68.24
ID04252,Male,20,Business,67.9,3.1,2.74,6.0,9,2.75,5,59.45
ID04253,Male,22,Engineering,100.0,8.7,2.92,8.8,8,3.22,8,81.57
ID04254,Male,21,Computer Science,94.6,3.8,3.75,5.5,8,3.88,5,85.66
ID04255,Male,19,Business,100.0,6.4,2.83,8.0,9,3.46,5,74.36
ID04256,Female,20,Engineering,74.8,3.9,2.93,8.7,10,3.0,5,71.99
ID04257,Female,21,Computer Science,86.5,1.9,3.47,8.4,4,3.72,5,69.16
ID04258,Male,20,Economics,85.6,2.8,2.39,6.3,6,2.7,4,64.71
ID04259,Male,22,Business,89.0,4.9,2.68,6.6,10,3.02,7,65.85
ID04260,Male,18,Business,63.2,1.1,2.73,9.3,9,2.61,4,55.53
ID04261,Male,21,Computer Science,86.7,5.4,3.13,6.2,6,3.62,5,74.04
ID04262,Female,19,Business,63.6,2.6,2.93,6.3,7,2.97,5,60.36
ID04263,Male,24,Economics,90.4,4.4,2.94,9.3,7,3.21,5,74.23
ID04264,Male,22,Economics,53.1,2.9,2.77,6.9,10,2.37,7,61.66
ID04265,Female,21,Economics,57.2,6.0,2.56,6.9,9,2.38,6,65.07
ID04266,Male,19,Computer Science,97.3,4.1,3.4,9.8,10,3.66,8,78.06
ID04267,Female,21,Psychology,76.8,5.8,2.93,6.0,3,2.96,5,71.64
ID04268,Male,22,Psychology,70.2,1.2,3.41,5.9,4,3.11,8,64.49
ID04269,Female,21,Business,100.0,3.6,2.54,7.3,8,2.99,4,64.15
ID04270,Female,20,Economics,89.9,2.5,2.77,7.0,6,2.97,6,62.12
ID04271,Female,22,Business,98.1,5.3,2.99,5.8,7,3.49,7,74.92
ID04272,Female,21,Computer Science,82.5,7.0,3.04,8.2,6,3.41,6,77.17
ID04273,Male,24,Business,100.0,6.9,3.48,7.0,8,4.0,8,80.91
ID04274,Male,18,Mathematics,75.9,8.9,2.88,7.1,8,3.18,5,76.24
ID04275,Female,21,Psychology,100.0,7.1,3.47,7.0,10,3.97,4,91.46
ID04276,Female,20,Business,84.1,3.5,3.29,5.4,6,3.67,7,76.63
ID04277,Male,19,Business,60.2,2.2,3.05,5.8,9,2.75,4,59.63
ID04278,Male,24,Engineering,92.2,1.3,2.62,4.6,6,2.67,7,57.48
ID04279,Male,19,Business,89.7,2.1,3.48,8.7,9,3.55,7,75.85
ID04280,Male,24,Mathematics,69.2,1.1,2.64,7.0,8,2.48,8,48.85
ID04281,Male,19,Psychology,71.2,1.6,3.09,8.5,7,3.09,6,66.82
ID04282,Female,18,Engineering,84.6,4.7,3.07,6.3,9,3.28,8,72.12
ID04283,Male,20,Computer Science,90.2,1.2,3.0,8.7,7,3.02,4,71.69
ID04284,Male,22,Computer Science,47.9,5.0,2.91,4.6,5,2.71,6,56.81
ID04285,Female,19,Psychology,100.0,2.8,2.69,8.5,10,2.78,4,70.34
ID04286,Female,24,Computer Science,77.6,4.2,2.29,6.9,7,2.48,7,58.99
ID04287,Female,20,Mathematics,65.0,4.3,3.8,4.9,10,3.7,7,76.11
ID04288,Female,21,Business,99.1,9.0,2.85,4.0,8,3.2,8,77.85
ID04289,Male,18,Psychology,84.6,4.4,3.04,7.8,3,3.42,7,73.54
ID04290,Female,20,Engineering,100.0,1.7,3.03,8.5,11,3.17,5,72.09
ID04291,Male,20,Business,91.6,2.2,3.65,7.1,7,3.73,4,82.84
ID04292,Male,22,Computer Science,85.0,4.3,4.0,7.9,3,4.0,8,87.87
ID04293,Female,20,Computer Science,82.7,3.4,3.18,7.7,6,3.36,6,69.42
ID04294,Female,22,Engineering,92.2,4.4,3.02,7.1,11,3.28,4,70.36
ID04295,Male,18,Mathematics,78.8,5.1,2.54,8.4,6,2.57,8,60.72
ID04296,Male,18,Engineering,72.2,2.3,2.38,4.8,7,2.4,8,59.79
ID04297,Male,21,Psychology,94.1,5.2,2.21,7.1,9,2.43,6,61.98
ID04298,Male,22,Engineering,82.8,5.5,2.7,8.0,11,3.25,7,73.27
ID04299,Male,22,Computer Science,85.5,4.4,2.05,6.3,5,2.52,4,59.94
ID04300,Female,19,Mathematics,100.0,10.5,3.64,7.4,13,4.0,4,97.04
ID04301,Male,19,Mathematics,83.3,1.3,3.31,5.2,8,3.37,5,68.02
ID04302,Female,21,Economics,85.2,9.8,2.97,7.1,10,3.77,7,83.72
ID04303,Female,18,Engineering,76.0,3.3,3.65,5.9,6,3.42,4,75.74
ID04304,Female,23,Psychology,91.5,2.5,2.56,6.2,7,2.68,4,61.97
ID04305,Female,19,Computer Science,90.2,5.3,2.69,7.9,3,3.2,7,72.23
ID04306,Male,20,Business,98.5,2.8,2.13,4.4,10,2.31,7,59.08
ID04307,Male,18,Mathematics,76.3,6.7,3.49,5.4,8,3.49,7,78.07
ID04308,Female,23,Engineering,78.1,3.2,2.69,8.1,6,2.47,7,64.71
ID04309,Female,20,Economics,96.9,7.3,3.11,6.8,7,3.71,8,81.4
ID04310,Female,24,Psychology,88.8,2.0,3.6,5.9,6,3.73,7,77.17
ID04311,Male,22,Psychology,71.4,4.8,3.79,7.7,8,3.78,6,78.2
ID04312,Female,18,Computer Science,100.0,2.4,3.09,5.3,8,3.44,8,68.66
ID04313,Male,24,Mathematics,59.5,4.9,3.29,5.3,7,3.01,5,75.12
ID04314,Female,21,Computer Science,96.8,1.5,2.65,6.7,8,2.82,4,68.28
ID04315,Female,22,Economics,66.0,1.6,3.94,6.8,14,3.96,7,76.53
ID04316,Male,22,Business,100.0,3.2,3.02,5.9,13,3.23,5,71.76
ID04317,Female,20,Business,61.8,7.5,3.14,6.6,6,3.17,8,72.72
ID04318,Male,24,Business,100.0,1.3,2.9,9.0,10,3.15,6,71.62
ID04319,Male,22,Psychology,83.8,8.2,3.7,6.9,7,4.0,8,87.16
ID04320,Male,19,Mathematics,79.5,4.9,3.2,5.3,15,3.39,4,71.78
ID04321,Female,18,Computer Science,87.8,7.1,3.48,7.0,6,3.92,7,89.62
ID04322,Female,19,Computer Science,94.5,4.1,3.28,4.0,9,3.54,6,76.78
ID04323,Female,20,Economics,71.4,4.5,2.99,9.4,6,3.16,6,73.27
ID04324,Male,23,Business,72.8,3.5,3.56,5.2,5,3.39,5,69.95
ID04325,Female,20,Mathematics,94.7,3.3,3.27,7.3,4,3.57,8,76.79
ID04326,Female,18,Mathematics,59.4,6.1,2.62,7.2,0,2.58,5,69.29
ID04327,Male,22,Economics,76.2,2.0,2.61,5.8,16,2.15,8,59.03
ID04328,Female,24,Engineering,100.0,4.1,3.17,8.9,6,3.36,6,76.0
ID04329,Male,24,Mathematics,70.5,1.3,3.55,10.0,11,3.21,4,65.53
ID04330,Female,21,Mathematics,100.0,1.7,3.92,5.9,4,4.0,8,85.55
ID04331,Male,20,Computer Science,76.2,3.8,2.21,8.1,9,2.17,4,54.73
ID04332,Male,18,Economics,92.6,2.7,3.11,5.5,5,3.19,5,71.03
ID04333,Male,21,Mathematics,94.8,3.6,3.34,9.0,6,3.5,8,73.12
ID04334,Female,22,Mathematics,100.0,2.3,3.25,8.9,5,3.33,8,78.96
ID04335,Male,23,Computer Science,82.0,5.7,3.6,8.5,5,3.91,8,84.86
ID04336,Male,20,Mathematics,100.0,1.7,3.43,4.5,9,3.68,6,75.47
ID04337,Female,23,Computer Science,76.2,9.9,2.61,6.2,9,2.89,7,71.28
ID04338,Female,18,Engineering,88.5,8.0,2.59,6.2,6,3.05,5,78.35
ID04339,Male,23,Psychology,88.7,5.3,3.26,6.1,9,3.81,7,76.5
ID04340,Male,23,Computer Science,68.2,1.6,3.6,9.0,8,3.55,6,66.43
ID04341,Male,18,Computer Science,80.7,3.6,3.17,4.3,9,3.52,4,65.68
ID04342,Male,18,Mathematics,87.4,5.5,2.31,7.6,9,2.83,6,62.67
ID04343,Female,20,Computer Science,78.5,6.9,2.58,8.1,16,2.53,6,64.54
ID04344,Female,23,Economics,100.0,6.9,3.45,5.9,8,3.93,5,84.37
ID04345,Female,21,Business,72.4,6.1,2.93,7.8,7,2.95,5,72.82
ID04346,Male,18,Business,100.0,0.9,3.16,7.7,6,3.17,6,69.12
ID04347,Female,22,Engineering,97.8,2.1,3.63,6.6,9,3.76,4,79.63
ID04348,Female,23,Computer Science,84.8,6.2,2.5,8.6,14,2.81,4,65.8
ID04349,Female,18,Economics,72.0,2.8,2.89,6.2,9,2.7,7,63.53
ID04350,Female,21,Mathematics,73.5,4.8,2.84,8.6,4,2.93,5,72.79
ID04351,Female,24,Mathematics,77.2,10.3,3.28,7.2,9,3.7,7,83.95
ID04352,Female,20,Psychology,58.2,2.7,3.49,6.5,7,3.26,6,69.09
ID04353,Male,23,Engineering,69.9,7.2,2.36,6.7,6,2.41,6,59.63
ID04354,Female,24,Economics,62.8,4.9,3.1,4.9,4,3.03,6,72.69
ID04355,Male,18,Economics,100.0,12.9,3.53,6.5,10,4.0,6,97.91
ID04356,Female,18,Mathematics,94.3,4.9,2.17,5.3,13,2.51,8,66.36
ID04357,Male,22,Psychology,96.8,2.8,3.07,7.4,6,3.48,8,71.64
ID04358,Female,22,Mathematics,93.8,4.1,2.49,8.4,10,2.94,5,67.72
ID04359,Female,23,Psychology,87.5,2.0,2.78,7.7,7,2.86,7,66.11
ID04360,Male,24,Business,100.0,6.0,1.85,5.9,6,2.26,8,61.08
ID04361,Male,24,Economics,75.8,3.1,3.8,6.6,6,3.66,4,80.68
ID04362,Female,18,Business,86.6,4.1,2.92,7.4,10,3.19,7,67.72
ID04363,Female,23,Mathematics,96.2,7.5,2.7,7.5,9,3.33,6,78.51
ID04364,Male,18,Engineering,65.2,1.9,3.26,9.5,14,3.3,8,63.75
ID04365,Male,22,Computer Science,100.0,6.9,2.58,7.9,5,3.09,6,75.32
ID04366,Female,21,Engineering,85.4,1.4,2.53,7.2,8,2.69,8,57.55
ID04367,Male,19,Engineering,87.1,3.8,3.86,7.2,9,4.0,4,82.6
ID04368,Male,19,Computer Science,100.0,5.3,4.0,6.5,4,4.0,4,87.38
ID04369,Male,18,Economics,98.7,6.2,2.8,7.0,7,3.42,8,76.32
ID04370,Male,24,Business,85.6,2.0,3.63,8.1,5,3.92,6,75.45
ID04371,Male,22,Business,87.0,10.4,3.28,5.9,9,3.85,6,86.03
ID04372,Male,20,Economics,62.4,5.4,2.39,7.6,8,2.55,4,59.1
ID04373,Male,20,Computer Science,76.7,6.3,2.64,6.8,12,2.94,5,68.48
ID04374,Male,19,Psychology,92.8,5.4,3.88,9.6,7,4.0,8,85.5
ID04375,Male,21,Engineering,91.7,2.0,2.39,7.4,9,2.82,5,59.4
ID04376,Male,19,Mathematics,100.0,2.6,4.0,7.5,10,4.0,6,82.18
ID04377,Male,18,Business,83.2,8.1,2.81,5.7,7,3.14,5,82.67
ID04378,Female,21,Economics,64.2,8.2,3.89,9.2,10,3.98,5,89.11
ID04379,Male,20,Mathematics,100.0,1.0,2.95,7.8,8,3.06,4,68.38
ID04380,Male,24,Computer Science,100.0,6.0,3.5,9.0,11,3.72,8,88.64
ID04381,Male,22,Mathematics,98.5,3.7,3.8,6.7,9,4.0,8,78.34
ID04382,Male,22,Mathematics,82.5,5.2,3.79,7.0,11,4.0,4,75.46
ID04383,Female,18,Engineering,100.0,4.5,2.81,4.9,6,3.19,5,71.44
ID04384,Female,19,Computer Science,100.0,4.5,2.67,9.8,4,2.76,6,66.58
ID04385,Female,18,Mathematics,86.7,2.3,3.06,7.6,10,3.18,5,67.64
ID04386,Female,22,Business,65.3,7.0,2.45,9.8,5,2.74,7,64.63
ID04387,Female,20,Computer Science,76.2,2.8,3.22,6.5,4,3.1,5,71.69
ID04388,Male,22,Business,94.4,3.7,2.69,7.7,4,3.08,4,64.57
ID04389,Male,21,Economics,60.9,2.4,3.64,8.5,11,3.39,5,71.27
ID04390,Male,24,Economics,87.5,4.1,2.81,7.5,7,3.06,6,68.76
ID04391,Male,24,Psychology,90.7,1.7,2.23,6.5,9,2.46,4,57.78
ID04392,Male,23,Economics,100.0,2.9,3.8,6.3,10,4.0,8,81.49
ID04393,Female,22,Mathematics,100.0,7.0,3.19,6.5,11,3.75,4,87.01
ID04394,Male,22,Computer Science,98.0,1.9,3.11,10.0,7,3.12,4,70.75
ID04395,Female,24,Economics,52.6,5.9,3.65,6.1,5,3.4,6,80.46
ID04396,Female,23,Business,98.8,1.6,3.54,4.0,8,3.72,6,74.2
ID04397,Male,21,Mathematics,95.6,2.7,2.72,7.1,5,2.84,5,68.93
ID04398,Male,19,Economics,88.8,2.7,2.88,7.0,8,3.33,5,67.02
ID04399,Male,22,Engineering,59.0,6.6,2.54,6.5,8,2.29,4,61.89
ID04400,Male,24,Business,73.3,8.3,2.37,6.1,9,2.61,7,69.41
ID04401,Male,18,Business,67.5,3.3,3.39,6.6,6,3.25,5,69.19
ID04402,Male,22,Psychology,54.8,1.7,3.3,5.0,14,2.91,4,54.49
ID04403,Male,18,Engineering,85.0,3.0,3.48,9.7,9,3.61,5,65.91
ID04404,Male,21,Psychology,73.0,3.1,3.74,7.4,11,3.57,8,79.69
ID04405,Female,22,Economics,100.0,2.9,3.49,7.2,5,3.82,5,82.48
ID04406,Female,24,Engineering,82.5,3.7,3.53,8.6,9,3.96,8,82.22
ID04407,Female,21,Business,100.0,2.4,2.06,10.0,11,2.38,5,58.07
ID04408,Male,21,Psychology,61.5,1.8,2.95,6.4,10,2.97,4,55.66
ID04409,Male,19,Mathematics,77.0,1.1,3.58,7.5,7,3.29,5,69.42
ID04410,Female,22,Engineering,86.5,6.5,2.52,8.2,6,3.04,5,69.31
ID04411,Male,18,Business,71.4,4.5,3.15,8.0,11,3.38,4,67.14
ID04412,Male,18,Computer Science,78.7,5.6,3.36,8.4,8,3.21,6,82.02
ID04413,Female,22,Engineering,81.7,5.2,3.32,8.4,13,3.48,5,83.19
ID04414,Female,23,Engineering,81.5,3.9,3.28,6.4,5,3.61,7,74.71
ID04415,Male,19,Economics,100.0,3.7,3.4,8.8,7,3.6,6,79.12
ID04416,Male,19,Mathematics,90.7,10.3,3.19,6.8,9,3.77,6,83.25
ID04417,Male,19,Economics,92.2,2.9,2.37,7.4,10,2.54,6,66.08
ID04418,Male,18,Engineering,93.1,4.1,3.35,7.9,7,3.72,4,77.77
ID04419,Male,21,Engineering,94.2,3.1,3.24,5.9,6,3.55,7,73.43
ID04420,Male,24,Mathematics,83.8,2.1,2.38,7.7,6,2.81,4,59.32
ID04421,Male,23,Mathematics,80.2,12.7,3.79,7.9,10,4.0,7,95.81
ID04422,Female,19,Psychology,87.5,5.5,3.37,4.2,6,3.78,8,79.65
ID04423,Female,18,Business,100.0,2.7,2.41,9.1,13,2.71,7,59.21
ID04424,Female,18,Business,100.0,2.3,2.69,5.8,7,2.85,6,69.85
ID04425,Male,21,Psychology,81.4,5.9,2.82,7.4,7,3.43,5,70.61
ID04426,Male,22,Business,96.5,7.3,2.82,9.3,9,3.04,8,80.98
ID04427,Male,22,Engineering,82.1,1.9,3.25,8.0,1,3.66,5,68.41
ID04428,Male,24,Psychology,85.5,3.6,2.61,8.6,10,3.0,6,64.05
ID04429,Male,24,Psychology,77.9,4.1,3.66,8.7,6,3.47,7,74.36
ID04430,Female,19,Business,82.3,4.1,3.62,6.3,7,3.95,8,80.83
ID04431,Female,24,Computer Science,100.0,4.6,3.41,5.4,10,3.7,8,78.46
ID04432,Male,19,Business,86.4,3.4,3.12,7.6,13,3.4,4,69.84
ID04433,Male,23,Economics,87.0,3.8,3.57,8.1,5,3.97,8,78.44
ID04434,Female,24,Computer Science,63.3,3.9,2.96,8.7,6,2.99,4,64.69
ID04435,Male,21,Psychology,80.4,1.9,2.74,8.2,10,2.73,6,56.46
ID04436,Male,19,Computer Science,81.4,10.1,3.7,6.3,9,4.0,8,90.73
ID04437,Male,21,Engineering,72.6,6.1,3.26,8.3,11,3.13,7,77.56
ID04438,Female,18,Mathematics,85.3,7.1,2.76,4.0,6,3.2,8,72.34
ID04439,Female,19,Computer Science,78.6,4.7,2.89,8.9,4,2.88,5,68.11
ID04440,Male,18,Economics,86.2,12.9,2.73,5.7,11,3.25,5,85.37
ID04441,Female,20,Mathematics,86.8,0.5,4.0,5.6,11,4.0,5,77.32
ID04442,Female,21,Engineering,70.7,4.2,3.1,10.0,6,3.25,5,65.61
ID04443,Male,20,Economics,79.0,2.3,3.18,7.1,10,3.13,7,67.97
ID04444,Male,19,Mathematics,86.2,4.4,3.46,6.6,8,3.84,6,80.91
ID04445,Male,18,Engineering,100.0,9.0,2.49,5.3,7,2.94,7,74.08
ID04446,Female,19,Mathematics,88.9,5.8,3.65,7.7,10,4.0,6,82.89
ID04447,Male,20,Mathematics,75.1,3.9,2.8,8.2,7,2.92,5,60.93
ID04448,Female,19,Business,91.0,9.5,4.0,6.5,9,4.0,4,99.57
ID04449,Male,23,Economics,100.0,6.7,2.94,4.0,7,3.48,6,78.55
ID04450,Female,22,Economics,98.8,5.5,3.62,9.4,10,3.83,8,82.92
ID04451,Male,20,Computer Science,93.2,5.4,1.85,6.6,7,2.25,8,59.81
ID04452,Female,19,Economics,95.9,6.5,2.51,6.5,4,2.89,5,67.88
ID04453,Female,18,Economics,100.0,2.8,2.95,6.9,5,3.13,6,68.06
ID04454,Female,19,Mathematics,100.0,2.6,2.08,5.8,6,2.4,7,54.42
ID04455,Female,18,Psychology,93.5,2.1,3.4,8.9,4,3.64,7,71.12
ID04456,Male,22,Business,100.0,2.9,3.26,8.1,13,3.28,4,79.7
ID04457,Female,19,Computer Science,68.8,9.2,2.6,7.7,9,3.01,6,69.15
ID04458,Male,24,Business,62.5,3.6,3.09,10.0,9,3.05,4,66.71
ID04459,Male,24,Computer Science,87.4,9.3,3.5,6.0,6,4.0,4,86.07
ID04460,Male,22,Engineering,86.0,2.7,2.05,8.9,8,2.27,7,57.37
ID04461,Male,20,Mathematics,76.8,7.5,2.46,4.0,6,2.54,4,64.95
ID04462,Male,18,Economics,97.4,8.3,2.93,8.0,7,3.49,5,81.36
ID04463,Female,24,Economics,57.1,4.5,3.11,10.0,9,2.64,6,66.2
ID04464,Male,23,Psychology,77.0,3.6,3.07,5.4,10,2.92,7,75.65
ID04465,Female,20,Business,77.7,2.5,3.54,9.5,4,3.22,6,74.99
ID04466,Male,18,Business,60.5,7.0,3.34,4.9,11,3.4,4,73.27
ID04467,Male,22,Business,100.0,3.5,3.45,10.0,7,3.51,7,81.49
ID04468,Male,24,Economics,64.6,3.2,2.41,6.3,8,2.48,8,62.1
ID04469,Female,21,Business,76.2,5.0,3.17,5.9,9,3.34,8,67.75
ID04470,Female,19,Mathematics,98.6,5.9,2.95,6.2,9,3.49,7,74.49
ID04471,Female,22,Computer Science,94.7,2.4,3.83,7.0,9,3.98,6,80.43
ID04472,Female,18,Economics,68.4,5.0,3.19,6.8,8,3.29,8,69.71
ID04473,Male,18,Mathematics,95.2,8.3,2.77,6.9,3,3.42,6,77.49
ID04474,Male,18,Engineering,89.3,2.1,3.53,7.5,7,3.91,4,71.15
ID04475,Female,18,Mathematics,100.0,7.1,3.38,7.4,8,3.8,8,89.89
ID04476,Male,19,Mathematics,91.1,7.0,2.69,7.0,10,3.18,5,69.49
ID04477,Male,20,Engineering,82.9,7.4,2.93,6.3,8,3.29,8,75.21
ID04478,Male,23,Mathematics,72.2,6.0,2.93,7.6,12,3.17,5,73.47
ID04479,Female,21,Computer Science,73.8,5.8,3.71,7.6,7,3.82,8,80.97
ID04480,Female,19,Economics,72.6,6.9,3.2,7.5,6,3.21,6,73.01
ID04481,Male,18,Psychology,100.0,5.0,3.46,7.0,16,3.57,6,78.53
ID04482,Male,19,Engineering,85.3,3.1,2.85,6.0,7,3.27,5,66.02
ID04483,Female,22,Economics,93.5,3.1,3.27,7.1,8,3.39,8,72.27
ID04484,Female,23,Business,100.0,3.9,3.75,6.6,9,4.0,4,84.98
ID04485,Male,18,Computer Science,49.6,6.2,2.92,4.0,8,2.67,6,60.75
ID04486,Female,21,Psychology,100.0,3.9,3.16,8.5,7,3.6,5,78.69
ID04487,Male,18,Computer Science,85.8,3.6,2.42,7.4,6,2.64,6,62.27
ID04488,Male,23,Computer Science,91.5,7.3,2.72,7.0,10,3.36,5,75.44
ID04489,Female,21,Business,72.6,4.5,2.93,7.8,9,2.86,7,71.76
ID04490,Female,23,Psychology,73.7,1.7,2.57,5.9,10,2.59,5,55.85
ID04491,Male,21,Computer Science,92.3,2.1,3.76,9.0,3,3.84,4,76.8
ID04492,Female,20,Business,100.0,1.9,2.68,8.8,7,2.68,4,64.01
ID04493,Female,24,Engineering,100.0,4.0,3.49,5.3,6,3.69,7,80.41
ID04494,Female,20,Business,100.0,2.2,3.19,6.1,5,3.26,5,72.99
ID04495,Female,19,Mathematics,82.1,3.6,3.12,8.0,10,3.29,5,68.13
ID04496,Female,19,Economics,76.0,2.9,3.84,7.4,10,3.83,7,71.53
ID04497,Male,21,Business,73.3,1.5,1.97,7.0,6,2.07,5,46.73
ID04498,Male,18,Business,77.7,2.1,3.0,7.7,7,2.93,5,65.95
ID04499,Male,24,Business,54.2,9.5,2.56,4.2,10,2.55,5,68.16
ID04500,Male,22,Computer Science,74.1,3.3,2.12,5.6,10,2.12,5,57.87
ID04501,Female,22,Psychology,76.6,3.2,2.5,6.1,12,2.32,7,65.79
ID04502,Male,18,Business,82.4,3.1,3.11,8.1,4,3.24,6,71.84
ID04503,Male,18,Business,87.0,4.7,2.74,4.0,8,3.22,8,72.97
ID04504,Male,20,Mathematics,90.4,4.1,3.55,7.3,9,3.71,7,81.91
ID04505,Male,22,Mathematics,84.8,10.7,2.99,6.4,11,3.66,4,88.84
ID04506,Male,21,Engineering,76.3,7.6,2.94,8.0,10,3.3,5,80.25
ID04507,Female,23,Engineering,55.5,10.5,2.94,8.2,7,2.83,5,78.15
ID04508,Male,19,Mathematics,76.4,6.2,3.05,9.5,7,3.31,6,75.56
ID04509,Female,23,Psychology,70.4,5.7,2.89,5.2,8,2.92,5,68.12
ID04510,Female,20,Engineering,92.0,2.0,2.67,5.8,8,2.99,8,63.59
ID04511,Male,22,Economics,98.6,1.0,3.59,7.1,8,3.8,5,75.0
ID04512,Male,24,Economics,99.1,1.7,2.79,9.1,7,2.88,6,68.4
ID04513,Male,18,Psychology,96.4,1.5,2.91,7.7,4,3.22,4,64.95
ID04514,Female,24,Mathematics,83.0,3.7,3.31,7.2,12,3.83,8,73.09
ID04515,Female,24,Engineering,77.2,6.8,3.26,8.8,6,3.3,8,70.66
ID04516,Male,22,Business,73.8,2.7,2.65,6.4,7,2.78,7,65.46
ID04517,Male,21,Mathematics,62.4,2.3,3.48,8.8,4,3.41,5,67.39
ID04518,Female,20,Engineering,99.9,6.5,3.37,9.6,9,3.7,4,85.68
ID04519,Male,18,Psychology,82.4,2.3,3.19,6.8,9,3.28,7,73.44
ID04520,Male,23,Economics,66.3,9.2,2.88,4.7,7,3.01,6,75.48
ID04521,Female,21,Psychology,72.6,2.1,2.9,7.2,12,2.99,8,66.56
ID04522,Female,23,Engineering,72.0,6.8,3.0,9.5,8,2.93,7,69.12
ID04523,Female,19,Psychology,85.6,4.8,2.48,7.7,11,2.9,6,72.29
ID04524,Female,20,Engineering,100.0,0.7,3.08,4.9,13,3.17,8,72.01
ID04525,Female,21,Engineering,79.8,2.5,3.55,8.9,10,3.49,8,74.39
ID04526,Male,21,Psychology,51.2,7.0,3.54,8.2,10,3.52,6,79.75
ID04527,Female,23,Computer Science,82.2,1.5,2.91,8.5,6,3.14,4,60.06
ID04528,Female,18,Business,82.7,3.2,3.63,8.7,6,3.84,4,76.12
ID04529,Female,19,Mathematics,81.6,1.5,4.0,6.2,8,4.0,6,82.73
ID04530,Male,23,Economics,75.6,3.7,2.94,8.6,7,2.96,6,61.12
ID04531,Male,21,Business,88.3,5.1,3.45,6.0,7,4.0,4,81.39
ID04532,Male,20,Mathematics,86.0,4.3,1.97,5.2,10,2.32,4,58.78
ID04533,Male,21,Mathematics,84.6,4.6,2.47,5.8,13,2.85,7,70.22
ID04534,Male,22,Economics,91.2,4.3,3.15,8.0,9,3.35,7,69.96
ID04535,Female,20,Business,78.6,3.5,2.6,6.4,11,2.43,4,67.23
ID04536,Female,20,Economics,77.7,6.3,4.0,9.2,13,4.0,6,85.35
ID04537,Male,21,Engineering,100.0,1.5,3.4,8.7,9,3.43,4,73.41
ID04538,Female,18,Economics,93.4,8.9,3.58,8.0,6,4.0,7,86.71
ID04539,Male,20,Psychology,97.4,4.4,3.09,9.1,8,3.22,8,72.37
ID04540,Male,22,Computer Science,100.0,1.6,2.6,5.2,6,2.83,8,65.16
ID04541,Male,23,Computer Science,92.9,8.2,2.84,8.4,5,3.12,6,75.34
ID04542,Male,18,Computer Science,98.9,3.6,3.23,7.9,6,3.62,7,78.56
ID04543,Male,18,Business,61.3,2.9,2.78,5.1,8,2.7,8,57.36
ID04544,Male,18,Business,88.1,1.6,3.44,5.9,9,3.43,7,68.89
ID04545,Male,20,Engineering,82.3,2.7,3.46,6.8,8,3.6,6,71.97
ID04546,Female,18,Computer Science,100.0,6.5,3.1,6.7,6,3.43,7,81.64
ID04547,Male,21,Engineering,98.9,2.2,2.19,6.9,11,2.35,6,58.41
ID04548,Female,18,Computer Science,75.5,6.6,3.96,6.1,7,4.0,8,86.63
ID04549,Female,22,Business,90.6,3.2,2.99,9.2,6,3.08,6,72.25
ID04550,Female,19,Psychology,87.5,2.1,4.0,5.1,5,4.0,8,84.32
ID04551,Female,22,Psychology,91.8,2.8,3.43,5.2,6,3.81,4,74.78
ID04552,Male,20,Psychology,69.7,5.3,3.0,5.6,7,3.16,4,66.14
ID04553,Male,18,Economics,90.4,4.6,3.32,6.0,9,3.82,4,77.68
ID04554,Female,18,Psychology,81.6,9.5,2.09,5.9,10,2.79,6,69.55
ID04555,Male,21,Mathematics,89.2,3.3,3.61,9.5,7,3.87,7,74.16
ID04556,Female,23,Computer Science,74.1,6.7,4.0,6.0,9,4.0,5,84.25
ID04557,Female,18,Psychology,76.2,3.7,2.06,6.8,7,2.2,4,52.62
ID04558,Female,24,Mathematics,100.0,2.4,2.96,5.1,8,3.32,8,69.88
ID04559,Female,22,Mathematics,69.2,1.8,3.05,6.3,4,3.05,7,60.55
ID04560,Female,20,Mathematics,70.3,3.3,3.54,7.9,8,3.46,7,74.97
ID04561,Female,19,Engineering,84.2,4.0,4.0,8.0,4,4.0,6,79.23
ID04562,Male,18,Engineering,73.4,8.1,3.29,8.5,5,3.37,6,75.05
ID04563,Female,19,Mathematics,71.7,9.4,4.0,5.5,8,4.0,4,90.72
ID04564,Male,18,Economics,86.6,9.4,3.19,6.0,9,3.87,4,83.79
ID04565,Male,20,Psychology,62.4,2.6,3.33,8.2,9,3.1,8,62.22
ID04566,Female,23,Computer Science,69.9,2.2,3.26,7.0,4,3.36,5,64.88
ID04567,Male,22,Economics,100.0,2.7,3.71,6.9,9,4.0,7,80.21
ID04568,Male,20,Business,91.9,3.6,2.89,7.9,12,3.32,7,68.73
ID04569,Male,19,Engineering,73.8,1.2,3.51,8.5,6,3.14,5,69.57
ID04570,Female,18,Psychology,91.3,2.1,2.48,6.0,9,2.79,5,59.14
ID04571,Male,19,Psychology,93.5,7.8,2.96,6.8,7,3.68,7,84.11
ID04572,Female,22,Business,99.9,4.7,2.78,6.8,7,3.09,4,74.06
ID04573,Male,24,Business,83.1,2.8,3.14,5.5,3,3.36,6,67.13
ID04574,Female,20,Psychology,99.6,1.3,2.94,7.4,6,3.05,8,68.21
ID04575,Female,19,Business,54.4,4.7,3.67,6.2,10,3.61,7,73.83
ID04576,Male,19,Psychology,69.2,4.1,2.66,7.0,8,2.86,7,65.72
ID04577,Male,22,Economics,87.5,2.1,2.23,8.0,4,2.43,4,54.94
ID04578,Male,24,Business,89.9,5.9,2.42,7.4,10,2.8,4,69.85
ID04579,Female,18,Economics,71.3,2.9,3.6,5.7,7,3.3,5,73.25
ID04580,Female,24,Economics,88.9,4.4,2.62,7.3,11,2.92,5,71.52
ID04581,Female,19,Business,75.6,9.3,3.3,7.2,8,3.73,4,86.75
ID04582,Male,22,Psychology,80.8,5.8,2.95,6.2,9,3.2,8,72.95
ID04583,Female,18,Mathematics,100.0,1.6,3.51,5.7,7,3.52,4,75.68
ID04584,Female,24,Psychology,98.6,5.8,2.98,7.2,11,3.51,7,78.74
ID04585,Female,24,Computer Science,70.0,2.6,4.0,4.9,4,3.94,6,77.16
ID04586,Female,24,Business,69.1,5.3,4.0,5.4,11,4.0,7,87.92
ID04587,Male,23,Engineering,78.8,6.7,2.94,5.1,8,2.98,5,73.76
ID04588,Male,18,Business,84.6,4.4,2.87,5.2,10,2.99,5,68.2
ID04589,Female,24,Computer Science,75.1,1.7,4.0,6.3,5,4.0,7,75.8
ID04590,Female,23,Economics,100.0,0.9,2.56,8.6,8,2.49,5,58.36
ID04591,Female,20,Engineering,90.2,7.4,3.07,7.9,11,3.44,7,81.23
ID04592,Male,22,Engineering,91.1,8.7,3.11,8.7,9,3.62,4,80.48
ID04593,Male,24,Psychology,66.0,2.5,3.1,6.1,7,3.06,4,67.42
ID04594,Male,18,Mathematics,100.0,0.8,2.23,4.0,8,2.23,7,53.38
ID04595,Male,23,Psychology,42.7,1.5,3.35,6.1,9,2.97,7,60.12
ID04596,Female,23,Engineering,97.5,3.0,2.61,8.7,6,2.96,4,69.71
ID04597,Female,20,Engineering,99.0,6.6,3.82,6.4,9,4.0,8,84.02
ID04598,Male,21,Mathematics,78.5,0.8,2.37,7.0,10,2.24,4,59.87
ID04599,Male,22,Business,100.0,8.0,3.13,6.7,11,3.6,8,82.76
ID04600,Male,21,Mathematics,84.1,7.5,1.99,8.0,10,2.55,7,63.81
ID04601,Male,18,Economics,85.9,7.9,2.02,8.2,7,2.27,8,66.76
ID04602,Female,22,Psychology,90.1,2.0,2.68,4.7,2,2.92,8,65.55
ID04603,Female,20,Business,100.0,6.9,2.75,4.0,9,3.27,5,77.43
ID04604,Male,18,Psychology,100.0,4.1,3.83,8.0,8,4.0,7,88.85
ID04605,Female,22,Mathematics,95.5,1.9,3.08,6.7,9,3.29,5,71.58
ID04606,Female,22,Business,71.3,4.4,3.75,8.0,6,3.68,6,83.47
ID04607,Female,21,Mathematics,87.2,4.0,2.91,6.6,5,3.44,5,71.38
ID04608,Male,18,Economics,72.8,1.5,3.4,7.8,6,3.46,6,73.84
ID04609,Female,20,Computer Science,97.3,5.6,2.74,6.8,6,2.98,8,75.9
ID04610,Male,20,Engineering,87.1,3.9,2.7,5.9,8,3.13,6,61.28
ID04611,Male,18,Business,68.1,3.1,2.19,6.4,6,2.05,4,61.17
ID04612,Male,18,Engineering,86.2,3.1,3.27,6.7,4,3.41,5,70.99
ID04613,Male,23,Computer Science,72.3,4.8,3.23,7.9,12,3.13,7,76.57
ID04614,Male,19,Business,87.3,2.9,3.49,6.7,6,3.9,6,75.69
ID04615,Male,21,Engineering,72.1,1.0,3.21,5.4,6,3.18,6,67.35
ID04616,Male,18,Engineering,85.4,1.9,4.0,9.5,10,3.98,6,78.08
ID04617,Female,18,Business,96.3,3.9,3.19,7.5,13,3.73,5,77.61
ID04618,Female,19,Engineering,84.2,2.8,3.6,9.0,7,3.72,6,75.39
ID04619,Male,19,Engineering,79.1,3.1,2.94,5.4,7,2.92,7,71.14
ID04620,Female,22,Business,88.0,2.1,2.65,6.6,10,3.1,8,63.95
ID04621,Female,24,Engineering,95.5,2.1,3.46,7.3,6,3.52,7,78.46
ID04622,Female,20,Engineering,68.4,5.3,3.06,8.0,16,2.89,8,63.28
ID04623,Male,21,Psychology,88.9,4.3,3.52,4.2,7,3.85,8,78.97
ID04624,Female,22,Economics,100.0,2.3,3.28,4.2,4,3.39,4,75.93
ID04625,Female,18,Psychology,93.6,3.0,2.7,6.0,12,2.84,5,67.2
ID04626,Female,19,Computer Science,85.9,6.1,3.64,7.8,6,4.0,5,86.61
ID04627,Male,23,Psychology,94.6,1.8,2.66,6.0,15,2.72,4,62.73
ID04628,Male,20,Psychology,91.8,6.5,3.41,6.8,9,4.0,4,82.98
ID04629,Female,22,Computer Science,96.3,3.5,3.74,7.1,10,4.0,7,86.04
ID04630,Male,23,Engineering,54.6,3.1,2.91,5.8,5,2.68,5,53.03
ID04631,Male,20,Engineering,61.7,1.6,3.68,9.2,7,3.64,4,70.99
ID04632,Male,24,Psychology,100.0,14.0,3.3,5.8,7,3.85,5,97.37
ID04633,Female,24,Computer Science,62.4,5.0,3.53,4.0,10,3.51,5,71.4
ID04634,Female,23,Engineering,91.0,0.9,2.68,5.5,4,2.93,4,62.41
ID04635,Male,19,Mathematics,79.7,4.4,3.21,5.7,9,3.13,4,76.54
ID04636,Female,22,Business,70.1,7.4,2.4,7.3,6,2.55,7,68.44
ID04637,Male,22,Business,90.2,4.6,3.96,7.3,5,4.0,8,85.79
ID04638,Female,24,Economics,88.0,6.2,2.09,7.9,3,2.63,6,65.76
ID04639,Female,20,Business,100.0,2.7,2.92,9.8,9,3.16,7,73.15
ID04640,Female,23,Psychology,75.6,2.5,2.63,7.0,6,2.55,8,59.8
ID04641,Female,19,Business,100.0,3.3,3.44,8.3,9,3.48,8,76.82
ID04642,Male,18,Business,90.3,4.0,4.0,6.3,9,4.0,4,83.67
ID04643,Female,22,Mathematics,75.1,2.8,3.43,7.4,7,3.35,8,74.05
ID04644,Male,18,Engineering,97.0,3.5,4.0,6.5,13,4.0,4,86.12
ID04645,Female,19,Mathematics,93.5,1.9,2.41,6.8,8,2.6,4,57.17
ID04646,Female,24,Psychology,85.5,1.2,2.45,7.2,10,2.66,6,52.41
ID04647,Female,22,Business,89.0,2.3,2.65,8.5,7,2.76,7,65.78
ID04648,Male,22,Engineering,76.0,10.1,3.16,6.9,8,3.35,4,81.01
ID04649,Female,23,Economics,72.6,7.7,2.59,6.9,5,2.76,5,70.15
ID04650,Male,18,Economics,96.4,4.5,2.72,7.5,8,3.28,5,74.22
ID04651,Male,24,Business,81.6,1.4,3.41,8.3,9,3.37,5,66.16
ID04652,Female,23,Business,83.8,3.7,2.48,4.9,10,2.74,8,62.31
ID04653,Male,21,Economics,89.2,4.2,2.53,7.4,11,3.08,5,64.98
ID04654,Female,18,Economics,89.0,2.7,2.9,5.0,8,2.89,5,68.66
ID04655,Male,18,Psychology,63.6,8.0,2.95,9.0,9,2.93,4,76.18
ID04656,Male,21,Business,100.0,1.8,3.61,7.5,6,4.0,4,74.25
ID04657,Female,19,Economics,86.8,5.3,2.65,8.8,8,3.06,4,70.45
ID04658,Male,19,Computer Science,82.0,1.8,2.74,4.5,8,2.9,6,64.87
ID04659,Male,22,Economics,91.5,1.9,3.39,6.7,8,3.65,6,72.73
ID04660,Female,20,Engineering,88.5,3.7,3.5,8.3,6,3.92,6,77.24
ID04661,Male,23,Engineering,96.5,0.7,3.81,9.1,8,3.7,8,79.17
ID04662,Female,20,Computer Science,93.1,4.4,3.33,7.5,5,3.61,6,78.9
ID04663,Male,22,Psychology,95.8,2.9,3.17,6.4,12,3.39,4,75.08
ID04664,Female,20,Business,100.0,3.5,3.39,6.6,2,3.56,5,80.3
ID04665,Female,18,Business,98.3,2.5,2.97,5.4,13,3.09,5,67.47
ID04666,Female,18,Economics,82.6,7.9,2.96,9.2,15,3.35,8,80.12
ID04667,Male,21,Engineering,68.2,6.4,2.21,8.0,7,2.56,5,63.74
ID04668,Female,21,Psychology,100.0,5.3,3.55,6.7,17,3.64,4,84.97
ID04669,Female,22,Psychology,81.4,2.0,3.21,7.8,10,3.63,7,64.01
ID04670,Female,22,Psychology,77.9,5.7,3.49,6.8,12,3.75,6,78.52
ID04671,Male,24,Economics,58.9,4.7,1.69,6.5,11,1.57,4,47.95
ID04672,Female,22,Business,90.1,13.1,3.08,5.9,6,3.72,7,87.64
ID04673,Female,18,Psychology,87.2,1.4,2.67,5.9,13,2.76,5,60.23
ID04674,Male,20,Economics,62.3,3.4,3.85,7.6,9,3.69,8,71.08
ID04675,Male,23,Economics,91.8,2.5,3.41,8.6,12,3.54,8,76.66
ID04676,Female,24,Computer Science,77.5,4.8,3.22,6.5,6,3.46,5,73.75
ID04677,Male,24,Mathematics,100.0,1.3,2.88,5.8,3,3.11,6,62.26
ID04678,Female,24,Psychology,76.5,5.9,3.3,8.4,8,3.47,6,77.35
ID04679,Female,22,Mathematics,78.5,1.3,2.64,7.1,8,2.44,7,58.36
ID04680,Female,22,Business,71.9,4.8,3.05,4.0,8,2.92,4,71.06
ID04681,Male,18,Economics,100.0,3.1,2.81,5.9,9,3.08,5,68.66
ID04682,Male,23,Psychology,79.4,2.2,4.0,7.7,10,4.0,4,76.85
ID04683,Female,18,Engineering,74.1,1.8,3.83,5.8,8,3.55,7,72.47
ID04684,Male,23,Business,95.6,2.5,3.63,7.1,11,3.99,4,77.2
ID04685,Female,18,Computer Science,64.3,3.1,2.35,5.1,8,2.21,6,54.64
ID04686,Male,20,Computer Science,94.4,3.8,3.53,6.4,6,4.0,7,80.18
ID04687,Male,22,Mathematics,100.0,4.1,3.19,5.4,10,3.39,8,76.49
ID04688,Male,19,Economics,93.5,3.4,3.71,5.2,6,3.82,5,79.92
ID04689,Male,19,Mathematics,94.6,3.0,3.26,5.9,5,3.34,4,73.42
ID04690,Female,22,Engineering,98.1,9.1,3.1,8.3,12,3.76,7,92.87
ID04691,Male,24,Engineering,100.0,5.7,3.22,7.6,8,3.8,4,78.36
ID04692,Male,22,Computer Science,100.0,1.4,2.2,10.0,9,2.29,4,56.38
ID04693,Male,22,Psychology,91.6,2.7,2.72,6.1,12,2.9,8,75.58
ID04694,Male,22,Computer Science,98.6,3.6,3.29,8.5,11,3.43,8,78.35
ID04695,Male,24,Computer Science,71.7,2.2,3.67,9.8,9,3.48,7,68.65
ID04696,Female,23,Engineering,96.6,3.1,2.82,8.7,6,2.84,8,71.65
ID04697,Male,20,Mathematics,69.9,1.5,3.08,8.7,8,2.73,4,60.09
ID04698,Male,19,Engineering,79.5,4.0,2.3,7.2,7,2.52,4,62.23
ID04699,Male,21,Economics,38.8,10.9,3.83,7.3,6,4.0,5,83.53
ID04700,Female,19,Engineering,91.0,4.2,3.66,5.6,6,4.0,4,80.16
ID04701,Male,19,Engineering,75.3,4.1,3.43,4.0,4,3.38,8,79.01
ID04702,Male,24,Computer Science,100.0,3.4,3.3,7.3,8,3.57,4,78.87
ID04703,Female,18,Psychology,90.9,1.7,3.88,5.6,10,3.85,6,82.39
ID04704,Female,22,Computer Science,100.0,9.6,2.7,6.4,11,3.35,8,82.63
ID04705,Male,22,Business,68.7,4.4,2.64,5.8,7,2.71,7,60.94
ID04706,Male,22,Engineering,100.0,5.3,3.63,7.5,7,3.92,5,87.35
ID04707,Female,18,Engineering,100.0,3.0,3.6,6.7,8,3.86,6,84.13
ID04708,Male,24,Business,96.5,5.4,2.5,8.9,18,2.69,6,69.7
ID04709,Female,20,Engineering,96.9,9.6,2.83,5.9,12,3.5,7,87.74
ID04710,Female,20,Engineering,87.5,7.8,3.94,7.3,6,4.0,6,94.2
ID04711,Male,24,Economics,77.1,0.1,3.31,6.7,7,2.98,5,65.62
ID04712,Male,21,Engineering,96.4,7.6,3.49,6.6,9,3.89,7,88.04
ID04713,Male,20,Business,62.4,2.0,2.52,6.9,11,2.39,8,54.66
ID04714,Female,24,Computer Science,78.7,2.1,3.43,9.3,9,3.21,6,67.28
ID04715,Male,20,Engineering,58.4,1.5,2.39,8.3,4,1.77,4,50.19
ID04716,Male,22,Psychology,74.4,2.0,2.11,6.3,10,1.98,6,52.28
ID04717,Female,23,Business,94.6,4.8,3.46,6.1,9,3.82,8,79.58
ID04718,Female,24,Mathematics,92.6,4.1,3.82,5.8,8,3.89,8,84.89
ID04719,Male,19,Economics,85.8,5.5,2.97,7.2,3,3.36,6,73.35
ID04720,Female,20,Business,87.6,3.8,2.83,4.7,11,3.07,4,70.73
ID04721,Male,20,Computer Science,56.7,2.0,3.96,6.7,7,3.43,6,74.61
ID04722,Male,18,Business,79.4,5.8,3.0,7.6,6,3.21,8,73.2
ID04723,Male,21,Mathematics,74.8,3.2,3.07,5.9,8,2.81,8,63.21
ID04724,Male,23,Economics,75.1,5.9,3.95,7.1,11,4.0,4,90.26
ID04725,Male,18,Psychology,94.0,4.4,2.92,7.4,10,3.49,5,72.02
ID04726,Male,22,Mathematics,72.1,4.0,2.77,4.4,7,2.54,6,63.87
ID04727,Female,19,Business,75.9,10.6,3.51,7.3,9,3.8,4,87.41
ID04728,Female,21,Mathematics,53.7,1.0,2.74,6.3,4,2.19,8,51.63
ID04729,Female,18,Business,80.6,1.0,3.03,9.8,5,3.08,4,68.44
ID04730,Male,24,Psychology,68.7,2.5,2.44,7.3,10,2.55,7,59.88
ID04731,Male,20,Psychology,86.2,5.9,3.19,5.6,9,3.71,8,78.55
ID04732,Male,20,Computer Science,70.7,2.7,3.13,4.3,10,3.15,7,65.79
ID04733,Female,21,Psychology,86.6,3.2,3.58,6.9,9,3.97,7,79.13
ID04734,Female,20,Engineering,82.8,1.1,3.53,9.0,8,3.72,5,71.66
ID04735,Male,24,Mathematics,100.0,5.8,3.38,6.1,6,3.67,8,82.5
ID04736,Male,18,Mathematics,92.5,1.1,3.3,7.5,5,3.4,6,71.71
ID04737,Male,18,Business,57.4,3.0,3.06,8.1,9,2.61,4,61.1
ID04738,Male,20,Psychology,66.0,0.7,3.4,8.0,4,3.11,5,65.41
ID04739,Male,20,Computer Science,85.8,6.5,2.54,7.0,5,3.14,5,69.99
ID04740,Female,22,Computer Science,71.1,1.1,1.93,6.0,7,1.74,6,48.32
ID04741,Female,19,Computer Science,40.5,2.9,3.68,6.6,7,3.2,5,64.67
ID04742,Male,21,Economics,100.0,2.5,3.44,5.4,8,3.44,6,79.43
ID04743,Male,18,Engineering,95.8,5.3,3.04,5.6,10,3.54,6,73.63
ID04744,Female,21,Psychology,92.8,4.2,3.64,8.5,5,4.0,5,79.93
ID04745,Male,22,Computer Science,75.9,10.3,2.73,7.5,13,3.28,7,75.53
ID04746,Male,18,Engineering,91.4,1.4,2.75,7.4,7,3.15,5,60.25
ID04747,Male,22,Mathematics,74.4,7.5,2.68,5.9,7,2.92,7,73.5
ID04748,Male,22,Business,88.1,8.5,3.38,8.8,10,3.77,5,82.59
ID04749,Male,23,Psychology,71.2,10.1,2.31,6.7,10,2.59,8,67.67
ID04750,Female,20,Psychology,100.0,3.8,2.72,7.2,8,3.02,5,73.77
ID04751,Male,24,Economics,61.4,1.6,3.24,8.7,9,3.18,4,61.39
ID04752,Male,23,Mathematics,100.0,5.0,2.5,5.9,3,2.97,4,68.81
ID04753,Female,21,Psychology,85.6,1.2,2.77,6.0,5,2.96,8,58.85
ID04754,Male,24,Economics,77.7,7.1,1.99,8.6,9,2.02,8,63.49
ID04755,Female,21,Economics,87.5,3.6,3.4,8.2,15,3.53,5,78.37
ID04756,Female,20,Economics,96.0,4.6,2.76,7.5,8,3.04,7,73.37
ID04757,Male,24,Psychology,100.0,10.0,2.55,4.0,7,2.9,6,81.68
ID04758,Female,23,Psychology,89.7,4.2,2.45,8.9,9,2.6,4,64.73
ID04759,Male,21,Psychology,71.6,1.6,2.89,6.1,6,2.74,6,59.26
ID04760,Female,23,Engineering,85.8,3.6,2.31,6.1,8,2.75,7,57.97
ID04761,Male,20,Economics,100.0,2.6,4.0,6.7,12,4.0,8,89.07
ID04762,Female,24,Engineering,100.0,4.4,1.91,5.2,4,2.11,8,62.36
ID04763,Female,24,Business,98.6,3.0,2.87,8.8,8,3.11,4,68.03
ID04764,Male,18,Psychology,96.9,2.4,3.15,7.3,13,3.54,5,72.46
ID04765,Male,22,Mathematics,95.5,3.7,2.71,8.0,7,3.09,6,67.64
ID04766,Female,22,Computer Science,100.0,1.5,3.21,5.8,9,3.16,4,68.75
ID04767,Female,23,Business,78.2,3.5,2.7,8.5,7,2.52,6,64.21
ID04768,Male,24,Computer Science,64.7,5.2,3.87,9.1,2,3.79,4,78.54
ID04769,Female,21,Computer Science,86.0,8.7,2.54,5.1,10,2.97,4,70.97
ID04770,Male,23,Psychology,72.7,2.6,1.92,5.3,8,1.61,4,45.34
ID04771,Male,23,Mathematics,69.2,11.3,2.45,5.8,8,2.86,5,68.9
ID04772,Male,19,Computer Science,74.2,4.7,3.29,8.4,7,3.26,7,72.07
ID04773,Male,24,Economics,100.0,3.1,3.04,7.3,18,3.2,4,72.74
ID04774,Female,22,Computer Science,87.0,3.3,3.48,6.9,9,3.8,8,73.57
ID04775,Male,24,Business,90.4,3.8,3.35,7.6,11,3.89,5,78.21
ID04776,Female,20,Mathematics,66.7,2.9,2.78,9.9,5,2.76,4,60.5
ID04777,Male,23,Mathematics,57.3,2.4,2.86,4.4,8,2.58,5,60.18
ID04778,Male,19,Computer Science,72.7,4.4,2.91,6.5,12,3.17,7,66.44
ID04779,Male,19,Mathematics,100.0,1.0,4.0,4.0,15,4.0,4,79.64
ID04780,Male,22,Business,90.0,2.1,3.45,7.8,4,3.76,4,74.48
ID04781,Male,22,Business,94.0,5.8,4.0,8.6,9,4.0,8,86.31
ID04782,Male,22,Business,96.1,0.8,3.52,6.5,7,3.74,6,75.64
ID04783,Female,20,Economics,76.1,4.8,3.07,8.0,6,2.98,5,68.03
ID04784,Male,19,Psychology,100.0,4.0,2.59,4.7,6,2.92,7,71.37
ID04785,Male,21,Computer Science,75.5,2.5,3.2,7.7,8,3.35,8,66.86
ID04786,Male,20,Mathematics,100.0,2.9,3.07,10.0,11,3.38,5,76.2
ID04787,Female,18,Business,91.6,3.7,3.05,6.4,7,3.5,6,68.87
ID04788,Female,23,Computer Science,58.2,4.9,3.0,7.6,4,2.63,4,63.57
ID04789,Male,22,Computer Science,73.8,4.7,2.07,6.1,8,2.25,5,57.46
ID04790,Male,19,Psychology,58.2,7.3,3.73,7.3,10,3.46,6,83.95
ID04791,Male,23,Economics,100.0,4.5,3.07,8.7,5,3.52,4,81.21
ID04792,Female,24,Mathematics,84.6,8.1,2.39,7.9,9,3.11,8,70.34
ID04793,Male,20,Economics,51.6,0.9,3.34,6.8,14,3.13,8,66.14
ID04794,Male,18,Mathematics,90.6,7.2,2.67,6.8,12,3.1,5,72.89
ID04795,Male,24,Business,76.9,3.1,3.38,5.2,7,3.3,5,75.2
ID04796,Male,20,Business,62.7,4.2,3.54,8.5,7,3.53,4,69.92
ID04797,Male,20,Computer Science,100.0,5.5,3.61,8.1,12,3.96,6,86.9
ID04798,Female,21,Mathematics,86.6,1.9,3.02,5.1,6,3.13,4,59.95
ID04799,Male,23,Mathematics,80.6,3.3,2.89,7.3,5,3.4,5,63.12
ID04800,Female,21,Economics,79.0,7.6,2.79,5.6,11,3.07,6,74.71
ID04801,Male,20,Business,62.3,8.7,2.74,6.3,11,3.07,7,66.71
ID04802,Male,18,Engineering,65.4,2.5,3.09,8.2,6,3.02,6,65.12
ID04803,Female,19,Computer Science,100.0,5.3,3.0,8.5,9,3.4,5,79.57
ID04804,Male,19,Mathematics,77.9,2.9,2.69,8.1,7,2.63,7,60.76
ID04805,Female,24,Psychology,85.3,1.3,2.53,6.6,7,2.83,7,55.81
ID04806,Male,23,Psychology,54.3,8.4,3.05,7.7,9,3.15,7,70.89
ID04807,Male,22,Engineering,65.2,1.9,2.88,5.8,6,2.92,6,56.8
ID04808,Female,22,Business,94.1,13.5,2.53,8.1,10,3.39,8,85.01
ID04809,Male,19,Business,90.7,1.5,3.52,7.0,7,3.6,5,74.38
ID04810,Female,20,Business,100.0,7.1,3.99,6.3,9,4.0,8,93.14
ID04811,Male,20,Economics,100.0,6.9,3.58,5.9,7,4.0,5,93.05
ID04812,Female,21,Psychology,81.5,2.9,2.74,8.0,9,2.94,5,61.69
ID04813,Male,23,Business,92.1,4.6,3.07,6.8,11,3.44,6,78.61
ID04814,Male,21,Psychology,80.3,3.0,3.87,6.3,10,4.0,6,76.16
ID04815,Female,22,Engineering,100.0,2.2,2.51,6.3,9,2.67,7,64.13
ID04816,Female,19,Computer Science,100.0,5.0,3.49,5.1,14,3.72,5,86.54
ID04817,Female,24,Economics,87.5,6.3,2.38,7.2,10,3.01,8,70.59
ID04818,Female,20,Mathematics,88.0,2.4,3.94,7.4,8,4.0,5,79.71
ID04819,Female,19,Engineering,100.0,8.4,2.88,4.8,7,3.5,6,83.07
ID04820,Male,18,Psychology,93.7,4.5,4.0,5.4,3,4.0,8,88.69
ID04821,Male,19,Engineering,100.0,3.8,3.96,4.5,3,4.0,6,85.43
ID04822,Male,18,Mathematics,52.1,3.9,3.05,8.8,3,2.75,7,64.61
ID04823,Male,21,Economics,91.9,8.3,2.74,7.9,6,3.36,8,82.84
ID04824,Male,21,Computer Science,77.3,3.2,3.2,8.7,12,3.3,8,71.14
ID04825,Male,22,Mathematics,100.0,3.3,3.01,9.4,2,3.04,6,74.69
ID04826,Male,19,Economics,100.0,8.2,2.9,7.7,9,3.54,6,83.29
ID04827,Female,19,Psychology,85.5,8.5,2.27,6.9,8,2.98,4,65.2
ID04828,Male,18,Mathematics,100.0,6.8,2.84,7.3,6,3.37,6,79.03
ID04829,Male,21,Engineering,100.0,1.6,2.54,6.0,8,2.96,8,60.07
ID04830,Male,18,Business,86.1,11.1,3.38,5.8,3,3.95,6,88.43
ID04831,Female,21,Engineering,100.0,4.2,3.6,6.4,8,4.0,5,89.39
ID04832,Female,18,Psychology,84.5,3.7,3.47,6.6,9,3.88,4,75.48
ID04833,Female,21,Computer Science,81.8,6.8,3.27,4.5,9,3.47,5,76.79
ID04834,Male,18,Mathematics,98.0,4.8,2.67,5.1,2,2.98,5,74.27
ID04835,Male,24,Computer Science,79.7,3.0,3.2,5.1,9,3.0,8,67.08
ID04836,Male,21,Psychology,86.3,9.2,3.5,5.0,8,4.0,6,86.76
ID04837,Male,23,Mathematics,100.0,3.7,2.81,8.0,13,3.3,4,74.78
ID04838,Male,18,Economics,85.3,4.2,3.16,6.5,8,3.57,4,73.3
ID04839,Male,19,Economics,59.6,9.2,3.03,6.7,3,3.08,8,70.28
ID04840,Male,22,Engineering,90.5,6.6,3.93,7.6,9,4.0,8,91.49
ID04841,Female,23,Engineering,74.6,5.6,3.53,8.2,10,3.57,7,77.2
ID04842,Female,23,Psychology,98.0,2.9,3.4,7.7,11,3.67,4,81.67
ID04843,Male,18,Economics,95.4,5.0,2.24,9.5,10,2.49,4,62.83
ID04844,Male,22,Mathematics,100.0,5.2,3.19,7.1,12,3.68,4,82.42
ID04845,Male,19,Economics,98.6,5.1,3.02,7.3,6,3.54,7,81.7
ID04846,Male,23,Engineering,100.0,3.8,3.02,6.1,6,3.33,7,71.57
ID04847,Female,19,Psychology,75.0,2.4,2.32,4.2,7,2.01,8,54.87
ID04848,Male,21,Economics,97.1,7.1,2.56,7.1,6,3.08,4,74.84
ID04849,Female,24,Psychology,100.0,2.8,3.07,8.3,7,3.29,4,70.24
ID04850,Male,22,Economics,74.7,4.0,3.66,5.9,6,3.6,8,77.81
ID04851,Female,24,Computer Science,100.0,0.6,2.8,6.2,7,2.92,8,64.03
ID04852,Male,20,Economics,76.8,6.5,2.9,8.4,10,3.13,7,71.34
ID04853,Female,21,Engineering,72.2,2.1,3.99,6.9,7,3.94,4,77.26
ID04854,Male,22,Mathematics,89.4,5.2,2.95,5.6,12,3.38,4,73.53
ID04855,Female,18,Engineering,95.7,1.7,3.04,5.6,11,3.23,4,69.62
ID04856,Male,24,Engineering,98.7,3.5,3.04,8.0,9,3.48,7,71.68
ID04857,Male,18,Engineering,70.6,3.3,2.43,6.8,10,2.6,8,56.0
ID04858,Female,19,Psychology,91.5,2.1,3.39,6.8,11,3.54,7,73.33
ID04859,Female,23,Business,74.7,4.6,2.77,4.9,6,2.88,5,65.83
ID04860,Female,24,Business,62.7,1.4,3.08,7.7,6,3.09,7,59.51
ID04861,Female,20,Computer Science,71.1,6.0,3.32,8.5,4,3.39,4,76.4
ID04862,Female,18,Engineering,73.7,6.2,4.0,6.5,3,4.0,8,80.38
ID04863,Male,22,Business,92.8,2.3,2.44,7.6,18,2.33,8,59.16
ID04864,Male,24,Computer Science,100.0,8.2,3.53,6.4,4,4.0,7,89.1
ID04865,Male,24,Psychology,62.9,3.6,3.53,7.9,5,3.51,8,68.89
ID04866,Female,23,Engineering,90.3,2.0,2.78,7.7,2,3.19,6,69.69
ID04867,Male,23,Mathematics,67.3,1.1,3.4,6.4,6,3.34,6,65.83
ID04868,Male,22,Psychology,94.4,0.3,3.92,4.0,10,3.9,5,78.63
ID04869,Female,23,Computer Science,75.7,7.9,2.72,5.8,11,2.72,8,70.68
ID04870,Female,18,Psychology,69.2,2.5,3.22,7.5,6,3.27,7,66.53
ID04871,Male,22,Mathematics,97.0,3.2,3.3,8.3,7,3.58,4,72.38
ID04872,Male,22,Psychology,76.2,3.0,3.37,6.1,9,3.31,8,70.88
ID04873,Male,19,Computer Science,80.3,6.9,3.48,9.0,13,3.74,4,78.91
ID04874,Male,20,Mathematics,51.7,5.4,3.18,9.2,7,2.99,6,66.62
ID04875,Male,24,Mathematics,99.2,4.3,3.36,8.0,10,3.63,4,71.92
ID04876,Female,19,Psychology,97.3,1.5,2.64,5.3,10,2.91,7,60.24
ID04877,Female,20,Mathematics,85.1,9.4,3.18,8.1,11,3.79,6,88.19
ID04878,Female,22,Psychology,62.1,5.4,2.86,6.2,8,3.14,6,68.14
ID04879,Male,24,Engineering,100.0,5.5,2.49,6.1,6,3.11,7,74.19
ID04880,Female,23,Mathematics,75.0,1.7,2.85,7.7,10,2.72,7,65.5
ID04881,Male,20,Psychology,78.2,1.9,3.23,7.6,7,3.18,5,69.78
ID04882,Male,22,Engineering,100.0,4.2,3.32,7.7,6,3.64,8,77.69
ID04883,Female,22,Mathematics,74.4,4.2,2.47,8.0,4,2.36,6,57.85
ID04884,Male,19,Engineering,96.1,2.1,2.63,6.9,6,2.85,4,67.83
ID04885,Male,19,Economics,93.4,1.7,3.46,4.8,6,3.57,4,74.52
ID04886,Female,23,Mathematics,90.9,2.8,3.35,10.0,4,3.41,5,81.87
ID04887,Male,21,Economics,89.2,3.3,3.54,6.4,9,4.0,7,76.48
ID04888,Female,18,Computer Science,90.6,1.5,3.78,5.9,3,3.82,6,83.54
ID04889,Male,21,Computer Science,89.1,5.5,3.37,5.2,6,3.8,5,79.14
ID04890,Female,21,Psychology,84.2,5.7,2.89,7.2,2,3.16,6,76.2
ID04891,Male,24,Business,100.0,5.2,3.16,7.1,5,3.38,8,83.94
ID04892,Male,24,Economics,65.3,1.6,3.93,6.8,10,4.0,6,70.49
ID04893,Female,23,Economics,100.0,2.7,4.0,9.2,13,4.0,4,83.95
ID04894,Male,24,Computer Science,97.3,6.2,3.33,8.0,12,3.9,4,79.41
ID04895,Male,20,Economics,95.5,4.4,3.37,5.5,13,3.68,6,75.32
ID04896,Male,23,Business,100.0,8.3,3.46,10.0,6,3.91,6,91.18
ID04897,Male,23,Engineering,83.6,7.6,3.11,4.7,11,3.35,8,78.27
ID04898,Male,22,Engineering,57.0,3.9,3.68,6.8,10,3.36,6,72.81
ID04899,Male,22,Business,83.9,2.7,3.6,5.9,8,3.95,7,77.54
ID04900,Female,22,Economics,70.1,6.0,3.28,7.6,8,3.59,6,69.05
ID04901,Male,18,Economics,74.0,6.3,2.94,8.0,9,3.14,5,75.39
ID04902,Male,20,Economics,66.4,6.8,2.34,6.4,9,2.56,7,61.33
ID04903,Male,20,Psychology,77.8,4.4,3.47,8.6,6,3.41,7,77.56
ID04904,Male,22,Mathematics,76.1,2.5,3.21,7.3,12,3.3,7,70.02
ID04905,Female,21,Business,49.3,5.2,2.73,9.2,2,2.59,4,64.37
ID04906,Male,18,Business,95.5,5.3,2.54,8.4,7,2.95,7,69.09
ID04907,Female,21,Business,100.0,5.9,3.43,6.3,10,3.89,5,77.59
ID04908,Male,19,Business,94.1,2.9,2.3,8.6,7,2.55,7,61.12
ID04909,Female,20,Business,82.0,0.9,3.25,6.0,10,3.33,7,67.59
ID04910,Male,20,Economics,84.2,5.2,3.52,7.9,6,4.0,7,76.75
ID04911,Female,21,Psychology,78.7,1.4,3.37,7.8,10,3.46,8,69.25
ID04912,Female,18,Computer Science,86.4,6.2,2.9,6.2,5,3.54,6,72.79
ID04913,Male,20,Economics,84.4,4.3,2.48,4.0,7,2.61,4,59.77
ID04914,Male,21,Economics,72.4,2.6,3.39,9.2,9,3.33,7,71.93
ID04915,Male,23,Mathematics,100.0,8.1,3.7,7.6,7,4.0,7,90.38
ID04916,Female,23,Computer Science,62.7,3.1,2.81,7.0,3,2.76,4,59.29
ID04917,Male,24,Business,95.8,4.3,3.35,7.0,5,3.86,4,77.22
ID04918,Male,18,Computer Science,83.5,2.8,3.89,8.5,7,4.0,5,83.67
ID04919,Female,21,Psychology,100.0,4.1,3.27,10.0,7,3.61,8,78.04
ID04920,Male,24,Engineering,90.1,5.4,2.9,8.4,9,3.03,6,73.44
ID04921,Female,23,Economics,79.6,3.0,3.62,7.6,9,3.82,8,74.35
ID04922,Female,18,Computer Science,81.3,3.5,2.73,7.4,4,3.14,8,66.25
ID04923,Female,24,Mathematics,85.6,6.1,2.45,7.5,9,3.09,6,71.34
ID04924,Female,22,Psychology,67.9,1.0,3.51,5.5,10,3.14,7,69.18
ID04925,Male,18,Engineering,73.5,6.4,2.9,7.9,6,3.15,5,73.11
ID04926,Male,19,Psychology,58.2,7.1,2.94,5.0,5,2.84,4,70.99
ID04927,Male,22,Business,71.2,2.0,2.79,7.7,11,2.57,5,56.02
ID04928,Male,24,Engineering,86.4,1.2,2.86,6.3,8,2.9,6,60.7
ID04929,Female,21,Mathematics,89.5,1.6,3.8,8.3,10,4.0,4,77.21
ID04930,Female,22,Engineering,55.3,2.2,3.93,7.6,8,3.71,5,70.08
ID04931,Male,22,Mathematics,82.9,1.8,4.0,6.5,10,4.0,4,76.13
ID04932,Male,24,Business,93.5,5.6,3.65,5.5,7,4.0,7,79.15
ID04933,Female,21,Mathematics,82.6,3.7,3.33,9.2,8,3.46,8,69.8
ID04934,Male,21,Psychology,75.5,4.8,2.38,6.9,5,2.66,8,60.43
ID04935,Male,23,Computer Science,78.8,6.7,3.01,9.6,5,3.0,5,74.28
ID04936,Male,19,Psychology,76.9,6.0,4.0,5.2,7,4.0,6,83.85
ID04937,Female,21,Economics,75.4,9.1,2.88,6.6,9,3.2,8,76.89
ID04938,Female,20,Psychology,87.6,7.5,3.86,4.0,7,4.0,6,88.67
ID04939,Female,20,Engineering,100.0,0.4,3.13,8.1,10,3.37,5,72.11
ID04940,Female,19,Business,73.8,3.4,1.76,8.3,6,1.72,5,48.97
ID04941,Male,18,Economics,80.2,5.2,3.42,6.1,6,3.67,7,79.56
ID04942,Male,24,Economics,84.2,9.3,3.73,6.0,10,4.0,6,91.55
ID04943,Female,18,Economics,74.7,3.1,3.08,6.4,2,3.19,8,63.02
ID04944,Male,20,Computer Science,100.0,5.4,3.72,6.6,13,4.0,8,86.68
ID04945,Female,21,Mathematics,49.4,10.8,2.27,6.2,12,2.25,4,61.46
ID04946,Female,19,Engineering,77.0,5.8,2.41,8.6,9,2.48,7,63.66
ID04947,Female,18,Business,97.3,2.0,3.2,6.3,10,3.37,5,70.09
ID04948,Female,18,Computer Science,80.6,1.2,3.34,4.2,11,3.46,6,69.62
ID04949,Female,24,Psychology,72.7,2.3,3.78,6.6,10,3.67,5,70.72
ID04950,Female,22,Business,91.6,3.6,3.42,6.2,8,3.75,5,77.17
ID04951,Male,20,Economics,98.6,10.3,2.5,5.0,12,3.2,5,81.34
ID04952,Male,21,Business,88.2,7.0,3.21,7.3,5,3.59,4,82.91
ID04953,Male,19,Business,73.0,3.1,3.4,4.1,8,3.11,7,68.91
ID04954,Female,18,Psychology,91.8,2.1,2.16,7.6,4,2.28,4,56.9
ID04955,Male,24,Mathematics,79.0,2.1,3.08,7.0,11,3.17,5,66.85
ID04956,Female,22,Engineering,96.2,12.0,2.93,6.2,10,3.65,4,92.98
ID04957,Male,20,Economics,100.0,1.9,2.77,5.3,5,3.01,4,62.44
ID04958,Female,20,Mathematics,45.9,6.3,3.35,4.8,9,2.93,5,67.4
ID04959,Male,24,Computer Science,86.7,6.1,2.53,8.3,10,2.74,8,77.08
ID04960,Female,19,Economics,59.0,3.4,3.31,6.6,9,3.06,8,66.24
ID04961,Male,18,Engineering,100.0,1.8,3.38,4.5,9,3.61,5,69.4
ID04962,Male,19,Computer Science,78.0,5.2,3.64,7.0,10,3.87,6,78.2
ID04963,Male,24,Psychology,96.2,9.8,2.54,6.6,5,3.24,8,70.27
ID04964,Female,24,Mathematics,84.5,1.7,2.35,9.1,8,2.59,5,57.56
ID04965,Male,19,Economics,73.0,4.2,3.24,6.4,8,3.17,8,73.63
ID04966,Male,23,Business,71.2,5.9,2.96,8.5,3,3.07,4,67.57
ID04967,Female,22,Engineering,100.0,9.5,4.0,6.7,8,4.0,5,97.59
ID04968,Female,20,Economics,99.3,1.0,3.33,5.2,12,3.6,5,75.38
ID04969,Female,23,Business,100.0,5.5,3.13,7.7,10,3.6,4,73.79
ID04970,Male,21,Economics,85.8,9.4,3.01,8.8,3,3.55,8,77.67
ID04971,Male,20,Computer Science,89.3,6.3,2.49,8.4,8,2.89,8,68.48
ID04972,Female,20,Business,81.0,2.7,3.38,7.5,6,3.8,5,69.87
ID04973,Male,22,Business,80.7,4.3,3.06,8.5,8,3.13,8,69.97
ID04974,Female,21,Economics,69.4,6.9,3.06,7.3,3,3.4,7,69.43
ID04975,Male,18,Psychology,86.3,7.2,3.15,7.1,11,3.47,8,79.93
ID04976,Male,21,Psychology,73.2,6.3,3.21,4.8,9,3.31,8,74.59
ID04977,Male,18,Mathematics,91.6,4.5,2.23,7.3,9,2.61,6,64.21
ID04978,Male,21,Computer Science,87.6,3.8,3.52,9.3,7,3.71,4,78.5
ID04979,Male,19,Psychology,89.3,7.5,2.68,4.5,6,2.96,8,74.8
ID04980,Male,24,Economics,100.0,5.3,3.03,5.0,13,3.19,7,72.92
ID04981,Female,21,Psychology,84.4,4.4,3.74,6.5,11,4.0,8,82.8
ID04982,Male,23,Mathematics,96.4,2.5,3.99,5.0,7,4.0,8,82.97
ID04983,Female,23,Engineering,100.0,2.4,2.25,8.0,7,2.59,4,60.24
ID04984,Female,22,Mathematics,100.0,3.9,3.12,4.4,5,3.56,6,78.84
ID04985,Female,24,Business,100.0,5.7,3.24,8.0,7,3.75,4,78.79
ID04986,Male,24,Business,80.4,5.5,2.35,8.5,7,2.51,4,67.47
ID04987,Female,18,Psychology,88.4,5.3,3.5,8.0,9,3.93,8,85.16
ID04988,Female,20,Psychology,65.2,4.2,3.16,7.0,6,3.35,8,70.41
ID04989,Female,22,Mathematics,92.5,7.1,3.2,7.8,9,3.89,8,78.38
ID04990,Female,23,Mathematics,89.1,7.9,2.64,5.3,12,3.18,8,67.82
ID04991,Female,23,Economics,85.4,1.9,3.31,7.4,7,3.48,7,73.9
ID04992,Female,18,Computer Science,100.0,2.8,3.52,6.1,11,3.71,6,79.33
ID04993,Male,23,Economics,66.9,11.8,3.16,8.3,7,3.61,8,81.54
ID04994,Female,23,Business,100.0,3.7,2.84,8.1,7,3.18,6,74.97
ID04995,Male,18,Economics,98.5,3.8,2.88,5.8,7,3.11,7,69.24
ID04996,Female,23,Mathematics,83.9,2.4,3.21,7.5,8,3.31,5,68.64
ID04997,Male,20,Economics,82.8,7.2,3.12,7.6,7,3.7,7,79.57
ID04998,Male,19,Engineering,92.2,13.5,3.55,6.3,6,4.0,8,95.52
ID04999,Female,22,Computer Science,100.0,2.4,2.86,7.0,6,2.93,7,68.8
ID05000,Female,20,Mathematics,86.5,7.4,2.49,7.8,4,3.07,6,73.93
